{
	"credit": "Made with Blockbench",
	"textures": {
		"1": "kits_saber",
		"2": "green_blade",
		"particle": "green_blade"
	},
	"elements": [
		{
			"from": [8, -2.3, 7.625],
			"to": [8, 32, 8.375],
			"rotation": {"angle": 0, "axis": "y", "origin": [8, 14.85, 8]},
			"faces": {
				"north": {"uv": [0, 0, 16, 16], "texture": "#2"},
				"east": {"uv": [0, 0, 16, 16], "texture": "#2"},
				"south": {"uv": [0, 0, 16, 16], "texture": "#2"},
				"west": {"uv": [0, 0, 16, 16], "texture": "#2"},
				"up": {"uv": [0, 0, 16, 16], "texture": "#2"},
				"down": {"uv": [0, 0, 16, 16], "texture": "#2"}
			}
		},
		{
			"from": [8, -2.3, 7.625],
			"to": [8, 32, 8.375],
			"rotation": {"angle": -22.5, "axis": "y", "origin": [8, 14.85, 8]},
			"faces": {
				"north": {"uv": [0, 0, 16, 16], "texture": "#2"},
				"east": {"uv": [0, 0, 16, 16], "texture": "#2"},
				"south": {"uv": [0, 0, 16, 16], "texture": "#2"},
				"west": {"uv": [0, 0, 16, 16], "texture": "#2"},
				"up": {"uv": [0, 0, 16, 16], "texture": "#2"},
				"down": {"uv": [0, 0, 16, 16], "texture": "#2"}
			}
		},
		{
			"from": [8, -2.3, 7.625],
			"to": [8, 32, 8.375],
			"rotation": {"angle": -45, "axis": "y", "origin": [8, 14.85, 8]},
			"faces": {
				"north": {"uv": [0, 0, 16, 16], "texture": "#2"},
				"east": {"uv": [0, 0, 16, 16], "texture": "#2"},
				"south": {"uv": [0, 0, 16, 16], "texture": "#2"},
				"west": {"uv": [0, 0, 16, 16], "texture": "#2"},
				"up": {"uv": [0, 0, 16, 16], "texture": "#2"},
				"down": {"uv": [0, 0, 16, 16], "texture": "#2"}
			}
		},
		{
			"from": [7.625, -2.3, 8],
			"to": [8.375, 32, 8],
			"rotation": {"angle": 22.5, "axis": "y", "origin": [8, 14.85, 8]},
			"faces": {
				"north": {"uv": [0, 0, 16, 16], "texture": "#2"},
				"east": {"uv": [0, 0, 16, 16], "texture": "#2"},
				"south": {"uv": [0, 0, 16, 16], "texture": "#2"},
				"west": {"uv": [0, 0, 16, 16], "texture": "#2"},
				"up": {"uv": [0, 0, 16, 16], "texture": "#2"},
				"down": {"uv": [0, 0, 16, 16], "texture": "#2"}
			}
		},
		{
			"from": [7.625, -2.3, 8],
			"to": [8.375, 32, 8],
			"rotation": {"angle": 0, "axis": "y", "origin": [8, 14.85, 8]},
			"faces": {
				"north": {"uv": [0, 0, 16, 16], "texture": "#2"},
				"east": {"uv": [0, 0, 16, 16], "texture": "#2"},
				"south": {"uv": [0, 0, 16, 16], "texture": "#2"},
				"west": {"uv": [0, 0, 16, 16], "texture": "#2"},
				"up": {"uv": [0, 0, 16, 16], "texture": "#2"},
				"down": {"uv": [0, 0, 16, 16], "texture": "#2"}
			}
		},
		{
			"from": [7.625, -2.3, 8],
			"to": [8.375, 32, 8],
			"rotation": {"angle": -22.5, "axis": "y", "origin": [8, 14.85, 8]},
			"faces": {
				"north": {"uv": [0, 0, 16, 16], "texture": "#2"},
				"east": {"uv": [0, 0, 16, 16], "texture": "#2"},
				"south": {"uv": [0, 0, 16, 16], "texture": "#2"},
				"west": {"uv": [0, 0, 16, 16], "texture": "#2"},
				"up": {"uv": [0, 0, 16, 16], "texture": "#2"},
				"down": {"uv": [0, 0, 16, 16], "texture": "#2"}
			}
		},
		{
			"from": [7.625, -2.3, 8],
			"to": [8.375, 32, 8],
			"rotation": {"angle": -45, "axis": "y", "origin": [8, 14.85, 8]},
			"faces": {
				"north": {"uv": [0, 0, 16, 16], "texture": "#2"},
				"east": {"uv": [0, 0, 16, 16], "texture": "#2"},
				"south": {"uv": [0, 0, 16, 16], "texture": "#2"},
				"west": {"uv": [0, 0, 16, 16], "texture": "#2"},
				"up": {"uv": [0, 0, 16, 16], "texture": "#2"},
				"down": {"uv": [0, 0, 16, 16], "texture": "#2"}
			}
		},
		{
			"from": [8, -2.3, 7.625],
			"to": [8, 32, 8.375],
			"rotation": {"angle": 22.5, "axis": "y", "origin": [8, 14.85, 8]},
			"faces": {
				"north": {"uv": [0, 0, 16, 16], "texture": "#2"},
				"east": {"uv": [0, 0, 16, 16], "texture": "#2"},
				"south": {"uv": [0, 0, 16, 16], "texture": "#2"},
				"west": {"uv": [0, 0, 16, 16], "texture": "#2"},
				"up": {"uv": [0, 0, 16, 16], "texture": "#2"},
				"down": {"uv": [0, 0, 16, 16], "texture": "#2"}
			}
		},
		{
			"from": [7.125, -2.5, 7.125],
			"to": [8.875, -2.3, 8.875],
			"rotation": {"angle": 0, "axis": "y", "origin": [12, -4.15, 11.4]},
			"faces": {
				"north": {"uv": [2, 0, 6, 1], "texture": "#1"},
				"east": {"uv": [2, 0, 6, 1], "texture": "#1"},
				"south": {"uv": [2, 0, 6, 1], "texture": "#1"},
				"west": {"uv": [2, 0, 6, 1], "texture": "#1"},
				"up": {"uv": [1, 1, 4, 4], "texture": "#1"},
				"down": {"uv": [2, 0, 6, 1], "texture": "#1"}
			}
		},
		{
			"from": [7.125, -3.3, 7.125],
			"to": [8.875, -3.1, 8.875],
			"rotation": {"angle": 0, "axis": "y", "origin": [12, -4.45, 11.4]},
			"faces": {
				"north": {"uv": [0, 0, 3, 1], "texture": "#1"},
				"east": {"uv": [0, 0, 3, 1], "texture": "#1"},
				"south": {"uv": [0, 0, 3, 1], "texture": "#1"},
				"west": {"uv": [0, 0, 3, 1], "texture": "#1"},
				"up": {"uv": [0, 0, 3, 1], "texture": "#1"},
				"down": {"uv": [0, 0, 3, 1], "texture": "#1"}
			}
		},
		{
			"from": [7.125, -2.9, 7.125],
			"to": [8.875, -2.7, 8.875],
			"rotation": {"angle": 0, "axis": "y", "origin": [12, -4.15, 11.4]},
			"faces": {
				"north": {"uv": [5, 0, 9, 1], "texture": "#1"},
				"east": {"uv": [5, 0, 9, 1], "texture": "#1"},
				"south": {"uv": [5, 0, 9, 1], "texture": "#1"},
				"west": {"uv": [5, 0, 9, 1], "texture": "#1"},
				"up": {"uv": [5, 0, 9, 1], "texture": "#1"},
				"down": {"uv": [5, 0, 9, 1], "texture": "#1"}
			}
		},
		{
			"from": [7.2, -4.65, 7.2],
			"to": [8.8, -2.5, 8.8],
			"rotation": {"angle": 0, "axis": "y", "origin": [11.95, -4.9, 11.45]},
			"faces": {
				"north": {"uv": [1, 1, 4, 5], "texture": "#1"},
				"east": {"uv": [1, 1, 4, 5], "texture": "#1"},
				"south": {"uv": [1, 1, 4, 5], "texture": "#1"},
				"west": {"uv": [1, 1, 4, 5], "texture": "#1"},
				"up": {"uv": [1, 1, 4, 5], "texture": "#1"},
				"down": {"uv": [1, 1, 4, 5], "texture": "#1"}
			}
		},
		{
			"from": [7.125, -3.7, 7.125],
			"to": [8.875, -3.5, 8.875],
			"rotation": {"angle": 0, "axis": "y", "origin": [12, -4.45, 11.4]},
			"faces": {
				"north": {"uv": [6, 0, 10, 1], "texture": "#1"},
				"east": {"uv": [6, 0, 10, 1], "texture": "#1"},
				"south": {"uv": [6, 0, 10, 1], "texture": "#1"},
				"west": {"uv": [6, 0, 10, 1], "texture": "#1"},
				"up": {"uv": [6, 0, 10, 1], "texture": "#1"},
				"down": {"uv": [6, 0, 10, 1], "texture": "#1"}
			}
		},
		{
			"from": [7.125, -4.1, 7.125],
			"to": [8.875, -3.9, 8.875],
			"rotation": {"angle": 0, "axis": "y", "origin": [12, -4.7, 11.4]},
			"faces": {
				"north": {"uv": [0, 0, 1, 4], "texture": "#1"},
				"east": {"uv": [0, 0, 1, 4], "texture": "#1"},
				"south": {"uv": [0, 0, 1, 4], "texture": "#1"},
				"west": {"uv": [0, 0, 1, 4], "texture": "#1"},
				"up": {"uv": [0, 0, 1, 4], "texture": "#1"},
				"down": {"uv": [0, 0, 1, 4], "texture": "#1"}
			}
		},
		{
			"from": [7.125, -4.5, 7.125],
			"to": [8.875, -4.3, 8.875],
			"rotation": {"angle": 0, "axis": "y", "origin": [12, -4.75, 11.4]},
			"faces": {
				"north": {"uv": [0, 0, 4, 1], "texture": "#1"},
				"east": {"uv": [0, 0, 4, 1], "texture": "#1"},
				"south": {"uv": [0, 0, 4, 1], "texture": "#1"},
				"west": {"uv": [0, 0, 4, 1], "texture": "#1"},
				"up": {"uv": [0, 0, 4, 1], "texture": "#1"},
				"down": {"uv": [0, 0, 4, 1], "texture": "#1"}
			}
		},
		{
			"from": [7.3, -13.45, 7.3],
			"to": [8.7, -13.3, 8.7],
			"rotation": {"angle": 0, "axis": "y", "origin": [12, -9, 11.5]},
			"faces": {
				"north": {"uv": [14, 14, 16, 16], "texture": "#1"},
				"east": {"uv": [14, 14, 16, 16], "texture": "#1"},
				"south": {"uv": [14, 14, 16, 16], "texture": "#1"},
				"west": {"uv": [14, 14, 16, 16], "texture": "#1"},
				"up": {"uv": [14, 14, 16, 16], "texture": "#1"},
				"down": {"uv": [14, 14, 16, 16], "texture": "#1"}
			}
		},
		{
			"from": [7.25, -13.3, 7.35],
			"to": [8.75, -11.3, 8.75],
			"rotation": {"angle": 0, "axis": "y", "origin": [12, -9, 11.5]},
			"faces": {
				"north": {"uv": [1, 1, 4, 5], "texture": "#1"},
				"east": {"uv": [1, 1, 4, 5], "texture": "#1"},
				"south": {"uv": [1, 1, 4, 5], "texture": "#1"},
				"west": {"uv": [1, 1, 4, 5], "texture": "#1"},
				"up": {"uv": [1, 1, 4, 5], "texture": "#1"},
				"down": {"uv": [1, 1, 4, 5], "texture": "#1"}
			}
		},
		{
			"from": [7.25, -12.8, 7.25],
			"to": [7.75, -11.8, 7.35],
			"rotation": {"angle": 0, "axis": "y", "origin": [11.5, -10, 10]},
			"faces": {
				"north": {"uv": [3, 2, 4, 4], "texture": "#1"},
				"east": {"uv": [3, 2, 4, 4], "texture": "#1"},
				"south": {"uv": [3, 2, 4, 4], "texture": "#1"},
				"west": {"uv": [3, 2, 4, 4], "texture": "#1"},
				"up": {"uv": [3, 2, 4, 4], "texture": "#1"},
				"down": {"uv": [3, 2, 4, 4], "texture": "#1"}
			}
		},
		{
			"from": [7.25, -13.3, 7.25],
			"to": [8.75, -12.8, 7.35],
			"rotation": {"angle": 0, "axis": "y", "origin": [12, -10.5, 10]},
			"faces": {
				"north": {"uv": [1, 4, 4, 5], "texture": "#1"},
				"east": {"uv": [1, 4, 4, 5], "texture": "#1"},
				"south": {"uv": [1, 4, 4, 5], "texture": "#1"},
				"west": {"uv": [1, 4, 4, 5], "texture": "#1"},
				"up": {"uv": [1, 4, 4, 5], "texture": "#1"},
				"down": {"uv": [1, 4, 4, 5], "texture": "#1"}
			}
		},
		{
			"from": [8.25, -12.8, 7.25],
			"to": [8.75, -11.8, 7.35],
			"rotation": {"angle": 0, "axis": "y", "origin": [12.375, -10, 10]},
			"faces": {
				"north": {"uv": [1, 2, 2, 4], "texture": "#1"},
				"east": {"uv": [1, 2, 2, 4], "texture": "#1"},
				"south": {"uv": [1, 2, 2, 4], "texture": "#1"},
				"west": {"uv": [1, 2, 2, 4], "texture": "#1"},
				"up": {"uv": [1, 2, 2, 4], "texture": "#1"},
				"down": {"uv": [1, 2, 2, 4], "texture": "#1"}
			}
		},
		{
			"from": [7.25, -11.8, 7.25],
			"to": [8.75, -11.3, 7.35],
			"rotation": {"angle": 0, "axis": "y", "origin": [12, -9, 10]},
			"faces": {
				"north": {"uv": [1, 1, 4, 2], "texture": "#1"},
				"east": {"uv": [1, 1, 4, 2], "texture": "#1"},
				"south": {"uv": [1, 1, 4, 2], "texture": "#1"},
				"west": {"uv": [1, 1, 4, 2], "texture": "#1"},
				"up": {"uv": [1, 1, 4, 2], "texture": "#1"},
				"down": {"uv": [1, 1, 4, 2], "texture": "#1"}
			}
		},
		{
			"from": [7.85, -12.7, 7.2],
			"to": [8.15, -12.4, 7.25],
			"rotation": {"angle": 0, "axis": "y", "origin": [11.6, -10, 12]},
			"faces": {
				"north": {"uv": [15, 0, 15.7, 0.2], "texture": "#1"},
				"east": {"uv": [15, 0, 15.7, 0.2], "texture": "#1"},
				"south": {"uv": [15, 0, 15.7, 0.2], "texture": "#1"},
				"west": {"uv": [15, 0, 15.7, 0.2], "texture": "#1"},
				"up": {"uv": [15, 0, 15.7, 0.2], "texture": "#1"},
				"down": {"uv": [15, 0, 15.7, 0.2], "texture": "#1"}
			}
		},
		{
			"from": [7.8, -12.75, 7.25],
			"to": [8.2, -12.35, 7.3],
			"rotation": {"angle": 0, "axis": "y", "origin": [11.6, -10, 10]},
			"faces": {
				"north": {"uv": [15, 15, 15.7, 15.2], "texture": "#1"},
				"east": {"uv": [15, 15, 15.7, 15.2], "texture": "#1"},
				"south": {"uv": [15, 15, 15.7, 15.2], "texture": "#1"},
				"west": {"uv": [15, 15, 15.7, 15.2], "texture": "#1"},
				"up": {"uv": [15, 15, 15.7, 15.2], "texture": "#1"},
				"down": {"uv": [15, 15, 15.7, 15.2], "texture": "#1"}
			}
		},
		{
			"from": [7.8, -12.25, 7.25],
			"to": [8.2, -11.85, 7.3],
			"rotation": {"angle": 0, "axis": "y", "origin": [11.6, -9.5, 10]},
			"faces": {
				"north": {"uv": [15, 15, 15.7, 15.2], "texture": "#1"},
				"east": {"uv": [15, 15, 15.7, 15.2], "texture": "#1"},
				"south": {"uv": [15, 15, 15.7, 15.2], "texture": "#1"},
				"west": {"uv": [15, 15, 15.7, 15.2], "texture": "#1"},
				"up": {"uv": [15, 15, 15.7, 15.2], "texture": "#1"},
				"down": {"uv": [15, 15, 15.7, 15.2], "texture": "#1"}
			}
		},
		{
			"from": [7.85, -12.2, 7.2],
			"to": [8.15, -11.9, 7.25],
			"rotation": {"angle": 0, "axis": "y", "origin": [11.6, -9.5, 12]},
			"faces": {
				"north": {"uv": [14, 0, 14.7, 0.2], "texture": "#1"},
				"east": {"uv": [14, 0, 14.7, 0.2], "texture": "#1"},
				"south": {"uv": [14, 0, 14.7, 0.2], "texture": "#1"},
				"west": {"uv": [14, 0, 14.7, 0.2], "texture": "#1"},
				"up": {"uv": [14, 0, 14.7, 0.2], "texture": "#1"},
				"down": {"uv": [14, 0, 14.7, 0.2], "texture": "#1"}
			}
		},
		{
			"from": [7.4, -11.2, 7.4],
			"to": [8.6, -8.5, 8.6],
			"rotation": {"angle": 0, "axis": "y", "origin": [12, -7.5, 11]},
			"faces": {
				"north": {"uv": [1, 1, 3.4, 4.8], "texture": "#1"},
				"east": {"uv": [1, 1, 3.4, 4.8], "texture": "#1"},
				"south": {"uv": [1, 1, 3.4, 4.8], "texture": "#1"},
				"west": {"uv": [1, 1, 3.4, 4.8], "texture": "#1"},
				"up": {"uv": [1, 1, 3.4, 4.8], "texture": "#1"},
				"down": {"uv": [1, 1, 3.4, 4.8], "texture": "#1"}
			}
		},
		{
			"from": [7.3, -11.3, 7.3],
			"to": [8.7, -11.15, 8.7],
			"rotation": {"angle": 0, "axis": "y", "origin": [12, -7.25, 11.5]},
			"faces": {
				"north": {"uv": [1, 0, 3.8, 0.3], "texture": "#1"},
				"east": {"uv": [1, 0, 3.8, 0.3], "texture": "#1"},
				"south": {"uv": [1, 0, 3.8, 0.3], "texture": "#1"},
				"west": {"uv": [1, 0, 3.8, 0.3], "texture": "#1"},
				"up": {"uv": [1, 0, 3.8, 0.3], "texture": "#1"},
				"down": {"uv": [1, 0, 3.8, 0.3], "texture": "#1"}
			}
		},
		{
			"from": [7.3, -10.25, 7.3],
			"to": [8.7, -10.1, 8.7],
			"rotation": {"angle": 0, "axis": "y", "origin": [12, -6.55, 11.5]},
			"faces": {
				"north": {"uv": [4, 0, 6.8, 0.3], "texture": "#1"},
				"east": {"uv": [4, 0, 6.8, 0.3], "texture": "#1"},
				"south": {"uv": [4, 0, 6.8, 0.3], "texture": "#1"},
				"west": {"uv": [4, 0, 6.8, 0.3], "texture": "#1"},
				"up": {"uv": [4, 0, 6.8, 0.3], "texture": "#1"},
				"down": {"uv": [4, 0, 6.8, 0.3], "texture": "#1"}
			}
		},
		{
			"from": [7.3, -8.85, 7.3],
			"to": [8.7, -8.7, 8.7],
			"rotation": {"angle": 0, "axis": "y", "origin": [12, -5.4, 11.5]},
			"faces": {
				"north": {"uv": [2, 0, 4.8, 0.3], "texture": "#1"},
				"east": {"uv": [2, 0, 4.8, 0.3], "texture": "#1"},
				"south": {"uv": [2, 0, 4.8, 0.3], "texture": "#1"},
				"west": {"uv": [2, 0, 4.8, 0.3], "texture": "#1"},
				"up": {"uv": [2, 0, 4.8, 0.3], "texture": "#1"},
				"down": {"uv": [2, 0, 4.8, 0.3], "texture": "#1"}
			}
		},
		{
			"from": [7.3, -9.55, 7.3],
			"to": [8.7, -9.4, 8.7],
			"rotation": {"angle": 0, "axis": "y", "origin": [12, -5.7, 11.5]},
			"faces": {
				"north": {"uv": [4, 0, 6.8, 0.3], "texture": "#1"},
				"east": {"uv": [4, 0, 6.8, 0.3], "texture": "#1"},
				"south": {"uv": [4, 0, 6.8, 0.3], "texture": "#1"},
				"west": {"uv": [4, 0, 6.8, 0.3], "texture": "#1"},
				"up": {"uv": [4, 0, 6.8, 0.3], "texture": "#1"},
				"down": {"uv": [4, 0, 6.8, 0.3], "texture": "#1"}
			}
		},
		{
			"from": [7.3, -5.6, 7.3],
			"to": [8.7, -5.15, 8.7],
			"rotation": {"angle": 0, "axis": "y", "origin": [12, -8, 11.5]},
			"faces": {
				"north": {"uv": [14, 14, 16, 16], "texture": "#1"},
				"east": {"uv": [14, 14, 16, 16], "texture": "#1"},
				"south": {"uv": [14, 14, 16, 16], "texture": "#1"},
				"west": {"uv": [14, 14, 16, 16], "texture": "#1"},
				"up": {"uv": [14, 14, 16, 16], "texture": "#1"},
				"down": {"uv": [14, 14, 16, 16], "texture": "#1"}
			}
		},
		{
			"from": [7.3, -10.6, 7.3],
			"to": [8.7, -10.45, 8.7],
			"rotation": {"angle": 0, "axis": "y", "origin": [12, -7.4, 11.5]},
			"faces": {
				"north": {"uv": [7, 0, 9.8, 0.3], "texture": "#1"},
				"east": {"uv": [7, 0, 9.8, 0.3], "texture": "#1"},
				"south": {"uv": [7, 0, 9.8, 0.3], "texture": "#1"},
				"west": {"uv": [7, 0, 9.8, 0.3], "texture": "#1"},
				"up": {"uv": [7, 0, 9.8, 0.3], "texture": "#1"},
				"down": {"uv": [7, 0, 9.8, 0.3], "texture": "#1"}
			}
		},
		{
			"from": [7.3, -9.9, 7.3],
			"to": [8.7, -9.75, 8.7],
			"rotation": {"angle": 0, "axis": "y", "origin": [12, -6.5, 11.5]},
			"faces": {
				"north": {"uv": [0, 0, 2.8, 0.3], "texture": "#1"},
				"east": {"uv": [0, 0, 2.8, 0.3], "texture": "#1"},
				"south": {"uv": [0, 0, 2.8, 0.3], "texture": "#1"},
				"west": {"uv": [0, 0, 2.8, 0.3], "texture": "#1"},
				"up": {"uv": [0, 0, 2.8, 0.3], "texture": "#1"},
				"down": {"uv": [0, 0, 2.8, 0.3], "texture": "#1"}
			}
		},
		{
			"from": [7.3, -10.95, 7.3],
			"to": [8.7, -10.8, 8.7],
			"rotation": {"angle": 0, "axis": "y", "origin": [12, -7, 11.5]},
			"faces": {
				"north": {"uv": [9, 0, 11.8, 0.3], "texture": "#1"},
				"east": {"uv": [9, 0, 11.8, 0.3], "texture": "#1"},
				"south": {"uv": [9, 0, 11.8, 0.3], "texture": "#1"},
				"west": {"uv": [9, 0, 11.8, 0.3], "texture": "#1"},
				"up": {"uv": [9, 0, 11.8, 0.3], "texture": "#1"},
				"down": {"uv": [9, 0, 11.8, 0.3], "texture": "#1"}
			}
		},
		{
			"from": [7.3, -9.2, 7.3],
			"to": [8.7, -9.05, 8.7],
			"rotation": {"angle": 0, "axis": "y", "origin": [12, -5.9, 11.5]},
			"faces": {
				"north": {"uv": [3, 0, 5.8, 0.3], "texture": "#1"},
				"east": {"uv": [3, 0, 5.8, 0.3], "texture": "#1"},
				"south": {"uv": [3, 0, 5.8, 0.3], "texture": "#1"},
				"west": {"uv": [3, 0, 5.8, 0.3], "texture": "#1"},
				"up": {"uv": [3, 0, 5.8, 0.3], "texture": "#1"},
				"down": {"uv": [3, 0, 5.8, 0.3], "texture": "#1"}
			}
		},
		{
			"from": [7.3, -8.5, 7.3],
			"to": [8.7, -8.35, 8.7],
			"rotation": {"angle": 0, "axis": "y", "origin": [12, -5.1, 11.5]},
			"faces": {
				"north": {"uv": [0, 0, 2.8, 0.3], "texture": "#1"},
				"east": {"uv": [0, 0, 2.8, 0.3], "texture": "#1"},
				"south": {"uv": [0, 0, 2.8, 0.3], "texture": "#1"},
				"west": {"uv": [0, 0, 2.8, 0.3], "texture": "#1"},
				"up": {"uv": [0, 0, 2.8, 0.3], "texture": "#1"},
				"down": {"uv": [0, 0, 2.8, 0.3], "texture": "#1"}
			}
		},
		{
			"from": [7.25, -5.5, 7.25],
			"to": [8.75, -5.25, 8.75],
			"rotation": {"angle": 0, "axis": "y", "origin": [12, -5.75, 11.4]},
			"faces": {
				"north": {"uv": [3, 1, 6, 1.5], "texture": "#1"},
				"east": {"uv": [3, 1, 6, 1.5], "texture": "#1"},
				"south": {"uv": [3, 1, 6, 1.5], "texture": "#1"},
				"west": {"uv": [3, 1, 6, 1.5], "texture": "#1"},
				"up": {"uv": [3, 1, 6, 1.5], "texture": "#1"},
				"down": {"uv": [3, 1, 6, 1.5], "texture": "#1"}
			}
		},
		{
			"from": [7.25, -8.35, 7.35],
			"to": [8.75, -5.6, 8.75],
			"rotation": {"angle": 0, "axis": "y", "origin": [12, -8.5, 11.5]},
			"faces": {
				"north": {"uv": [1, 1, 4, 7], "texture": "#1"},
				"east": {"uv": [1, 1, 4, 7], "texture": "#1"},
				"south": {"uv": [1, 1, 4, 7], "texture": "#1"},
				"west": {"uv": [1, 1, 4, 7], "texture": "#1"},
				"up": {"uv": [1, 1, 4, 7], "texture": "#1"},
				"down": {"uv": [1, 1, 4, 7], "texture": "#1"}
			}
		},
		{
			"from": [7.25, -7.85, 7.25],
			"to": [7.625, -6.1, 7.35],
			"rotation": {"angle": 0, "axis": "y", "origin": [11.5, -9.5, 10]},
			"faces": {
				"north": {"uv": [3, 2, 4, 6], "texture": "#1"},
				"east": {"uv": [3, 2, 4, 6], "texture": "#1"},
				"south": {"uv": [3, 2, 4, 6], "texture": "#1"},
				"west": {"uv": [3, 2, 4, 6], "texture": "#1"},
				"up": {"uv": [3, 2, 4, 6], "texture": "#1"},
				"down": {"uv": [3, 2, 4, 6], "texture": "#1"}
			}
		},
		{
			"from": [8.375, -7.85, 7.25],
			"to": [8.75, -6.1, 7.35],
			"rotation": {"angle": 0, "axis": "y", "origin": [12.5, -5.5, 10]},
			"faces": {
				"north": {"uv": [1, 2, 2, 6], "texture": "#1"},
				"east": {"uv": [1, 2, 2, 6], "texture": "#1"},
				"south": {"uv": [1, 2, 2, 6], "texture": "#1"},
				"west": {"uv": [1, 2, 2, 6], "texture": "#1"},
				"up": {"uv": [1, 2, 2, 6], "texture": "#1"},
				"down": {"uv": [1, 2, 2, 6], "texture": "#1"}
			}
		},
		{
			"from": [7.25, -6.1, 7.25],
			"to": [8.75, -5.6, 7.35],
			"rotation": {"angle": 0, "axis": "y", "origin": [12, -3.75, 10]},
			"faces": {
				"north": {"uv": [1, 1, 4, 2], "texture": "#1"},
				"east": {"uv": [1, 1, 4, 2], "texture": "#1"},
				"south": {"uv": [1, 1, 4, 2], "texture": "#1"},
				"west": {"uv": [1, 1, 4, 2], "texture": "#1"},
				"up": {"uv": [1, 1, 4, 2], "texture": "#1"},
				"down": {"uv": [1, 1, 4, 2], "texture": "#1"}
			}
		},
		{
			"from": [7.25, -8.35, 7.25],
			"to": [8.75, -7.85, 7.35],
			"rotation": {"angle": 0, "axis": "y", "origin": [12, -6, 10]},
			"faces": {
				"north": {"uv": [1, 6, 4, 7], "texture": "#1"},
				"east": {"uv": [1, 6, 4, 7], "texture": "#1"},
				"south": {"uv": [1, 6, 4, 7], "texture": "#1"},
				"west": {"uv": [1, 6, 4, 7], "texture": "#1"},
				"up": {"uv": [1, 6, 4, 7], "texture": "#1"},
				"down": {"uv": [1, 6, 4, 7], "texture": "#1"}
			}
		},
		{
			"from": [7.725, -7.85, 7.25],
			"to": [7.825, -6.2, 7.35],
			"rotation": {"angle": 0, "axis": "y", "origin": [11.5, -5.5, 10]},
			"faces": {
				"north": {"uv": [14, 14, 16, 16], "texture": "#1"},
				"east": {"uv": [14, 14, 16, 16], "texture": "#1"},
				"south": {"uv": [14, 14, 16, 16], "texture": "#1"},
				"west": {"uv": [14, 14, 16, 16], "texture": "#1"},
				"up": {"uv": [14, 14, 16, 16], "texture": "#1"},
				"down": {"uv": [14, 14, 16, 16], "texture": "#1"}
			}
		},
		{
			"from": [7.825, -6.3, 7.25],
			"to": [8.175, -6.2, 7.35],
			"rotation": {"angle": 0, "axis": "y", "origin": [11.6, -9.1, 10]},
			"faces": {
				"north": {"uv": [14, 14, 16, 16], "texture": "#1"},
				"east": {"uv": [14, 14, 16, 16], "texture": "#1"},
				"south": {"uv": [14, 14, 16, 16], "texture": "#1"},
				"west": {"uv": [14, 14, 16, 16], "texture": "#1"},
				"up": {"uv": [14, 14, 16, 16], "texture": "#1"},
				"down": {"uv": [14, 14, 16, 16], "texture": "#1"}
			}
		},
		{
			"from": [7.875, -6.75, 7.25],
			"to": [8.125, -6.5, 7.3],
			"rotation": {"angle": 0, "axis": "y", "origin": [11.55, -8.7, 10]},
			"faces": {
				"north": {"uv": [15, 15, 15.7, 15.2], "texture": "#1"},
				"east": {"uv": [15, 15, 15.7, 15.2], "texture": "#1"},
				"south": {"uv": [15, 15, 15.7, 15.2], "texture": "#1"},
				"west": {"uv": [15, 15, 15.7, 15.2], "texture": "#1"},
				"up": {"uv": [15, 15, 15.7, 15.2], "texture": "#1"},
				"down": {"uv": [15, 15, 15.7, 15.2], "texture": "#1"}
			}
		},
		{
			"from": [7.9, -6.725, 7.2],
			"to": [8.1, -6.525, 7.25],
			"rotation": {"angle": 0, "axis": "y", "origin": [11.6, -9.5, 12]},
			"faces": {
				"north": {"uv": [0, 0, 0.7, 0.2], "texture": "#1"},
				"east": {"uv": [0, 0, 0.7, 0.2], "texture": "#1"},
				"south": {"uv": [0, 0, 0.7, 0.2], "texture": "#1"},
				"west": {"uv": [0, 0, 0.7, 0.2], "texture": "#1"},
				"up": {"uv": [0, 0, 0.7, 0.2], "texture": "#1"},
				"down": {"uv": [0, 0, 0.7, 0.2], "texture": "#1"}
			}
		},
		{
			"from": [7.875, -7.2, 7.25],
			"to": [8.125, -6.95, 7.3],
			"rotation": {"angle": 0, "axis": "y", "origin": [11.6, -9.65, 10]},
			"faces": {
				"north": {"uv": [15, 15, 15.7, 15.2], "texture": "#1"},
				"east": {"uv": [15, 15, 15.7, 15.2], "texture": "#1"},
				"south": {"uv": [15, 15, 15.7, 15.2], "texture": "#1"},
				"west": {"uv": [15, 15, 15.7, 15.2], "texture": "#1"},
				"up": {"uv": [15, 15, 15.7, 15.2], "texture": "#1"},
				"down": {"uv": [15, 15, 15.7, 15.2], "texture": "#1"}
			}
		},
		{
			"from": [7.9, -7.175, 7.2],
			"to": [8.1, -6.975, 7.25],
			"rotation": {"angle": 0, "axis": "y", "origin": [11.6, -9.5, 12]},
			"faces": {
				"north": {"uv": [0, 0, 0.7, 0.2], "texture": "#1"},
				"east": {"uv": [0, 0, 0.7, 0.2], "texture": "#1"},
				"south": {"uv": [0, 0, 0.7, 0.2], "texture": "#1"},
				"west": {"uv": [0, 0, 0.7, 0.2], "texture": "#1"},
				"up": {"uv": [0, 0, 0.7, 0.2], "texture": "#1"},
				"down": {"uv": [0, 0, 0.7, 0.2], "texture": "#1"}
			}
		},
		{
			"from": [7.875, -7.65, 7.25],
			"to": [8.125, -7.4, 7.3],
			"rotation": {"angle": 0, "axis": "y", "origin": [11.6, -9.5, 10]},
			"faces": {
				"north": {"uv": [15, 15, 15.7, 15.2], "texture": "#1"},
				"east": {"uv": [15, 15, 15.7, 15.2], "texture": "#1"},
				"south": {"uv": [15, 15, 15.7, 15.2], "texture": "#1"},
				"west": {"uv": [15, 15, 15.7, 15.2], "texture": "#1"},
				"up": {"uv": [15, 15, 15.7, 15.2], "texture": "#1"},
				"down": {"uv": [15, 15, 15.7, 15.2], "texture": "#1"}
			}
		},
		{
			"from": [7.9, -7.625, 7.2],
			"to": [8.1, -7.425, 7.25],
			"rotation": {"angle": 0, "axis": "y", "origin": [11.6, -9.5, 12]},
			"faces": {
				"north": {"uv": [0, 0, 0.7, 0.2], "texture": "#1"},
				"east": {"uv": [0, 0, 0.7, 0.2], "texture": "#1"},
				"south": {"uv": [0, 0, 0.7, 0.2], "texture": "#1"},
				"west": {"uv": [0, 0, 0.7, 0.2], "texture": "#1"},
				"up": {"uv": [0, 0, 0.7, 0.2], "texture": "#1"},
				"down": {"uv": [0, 0, 0.7, 0.2], "texture": "#1"}
			}
		},
		{
			"from": [7.25, -5.15, 7.25],
			"to": [8.75, -4.65, 8.75],
			"rotation": {"angle": 0, "axis": "y", "origin": [12, -5.4, 11.4]},
			"faces": {
				"north": {"uv": [1, 1, 4, 2], "texture": "#1"},
				"east": {"uv": [1, 1, 4, 2], "texture": "#1"},
				"south": {"uv": [1, 1, 4, 2], "texture": "#1"},
				"west": {"uv": [1, 1, 4, 2], "texture": "#1"},
				"up": {"uv": [1, 1, 4, 2], "texture": "#1"},
				"down": {"uv": [1, 1, 4, 2], "texture": "#1"}
			}
		},
		{
			"from": [8.175, -7.85, 7.25],
			"to": [8.275, -6.2, 7.35],
			"rotation": {"angle": 0, "axis": "y", "origin": [12, -9.5, 10]},
			"faces": {
				"north": {"uv": [14, 14, 16, 16], "texture": "#1"},
				"east": {"uv": [14, 14, 16, 16], "texture": "#1"},
				"south": {"uv": [14, 14, 16, 16], "texture": "#1"},
				"west": {"uv": [14, 14, 16, 16], "texture": "#1"},
				"up": {"uv": [14, 14, 16, 16], "texture": "#1"},
				"down": {"uv": [14, 14, 16, 16], "texture": "#1"}
			}
		},
		{
			"from": [7.75, -15.1, 7.75],
			"to": [8.25, -14.95, 8.25],
			"rotation": {"angle": 0, "axis": "y", "origin": [12, -11, 11.5]},
			"faces": {
				"north": {"uv": [2, 2, 3, 2.3], "texture": "#1"},
				"east": {"uv": [2, 2, 3, 2.3], "texture": "#1"},
				"south": {"uv": [2, 2, 3, 2.3], "texture": "#1"},
				"west": {"uv": [2, 2, 3, 2.3], "texture": "#1"},
				"up": {"uv": [2, 2, 3, 2.3], "texture": "#1"},
				"down": {"uv": [2, 2, 3, 2.3], "texture": "#1"}
			}
		},
		{
			"from": [7.5, -14.95, 7.5],
			"to": [8.5, -14.85, 8.5],
			"rotation": {"angle": 0, "axis": "y", "origin": [12, -11, 11.5]},
			"faces": {
				"north": {"uv": [3, 2, 5, 2.2], "texture": "#1"},
				"east": {"uv": [3, 2, 5, 2.2], "texture": "#1"},
				"south": {"uv": [3, 2, 5, 2.2], "texture": "#1"},
				"west": {"uv": [3, 2, 5, 2.2], "texture": "#1"},
				"up": {"uv": [3, 2, 5, 2.2], "texture": "#1"},
				"down": {"uv": [3, 2, 5, 2.2], "texture": "#1"}
			}
		},
		{
			"from": [7.375, -14.85, 7.375],
			"to": [8.625, -14.75, 8.625],
			"rotation": {"angle": 0, "axis": "y", "origin": [12, -11, 11.5]},
			"faces": {
				"north": {"uv": [3, 3, 5.5, 3.2], "texture": "#1"},
				"east": {"uv": [3, 3, 5.5, 3.2], "texture": "#1"},
				"south": {"uv": [3, 3, 5.5, 3.2], "texture": "#1"},
				"west": {"uv": [3, 3, 5.5, 3.2], "texture": "#1"},
				"up": {"uv": [3, 3, 5.5, 3.2], "texture": "#1"},
				"down": {"uv": [3, 3, 5.5, 3.2], "texture": "#1"}
			}
		},
		{
			"from": [7.25, -14.525, 7.25],
			"to": [8.75, -14.425, 8.75],
			"rotation": {"angle": 0, "axis": "y", "origin": [12, -10.5, 11.5]},
			"faces": {
				"north": {"uv": [1, 2, 4, 2.2], "texture": "#1"},
				"east": {"uv": [1, 2, 4, 2.2], "texture": "#1"},
				"south": {"uv": [1, 2, 4, 2.2], "texture": "#1"},
				"west": {"uv": [1, 2, 4, 2.2], "texture": "#1"},
				"up": {"uv": [1, 2, 4, 2.2], "texture": "#1"},
				"down": {"uv": [1, 2, 4, 2.2], "texture": "#1"}
			}
		},
		{
			"from": [7.375, -14.425, 7.375],
			"to": [8.625, -14.325, 8.625],
			"rotation": {"angle": 0, "axis": "y", "origin": [12, -10.5, 11.5]},
			"faces": {
				"north": {"uv": [2, 2, 4.5, 2.2], "texture": "#1"},
				"east": {"uv": [2, 2, 4.5, 2.2], "texture": "#1"},
				"south": {"uv": [2, 2, 4.5, 2.2], "texture": "#1"},
				"west": {"uv": [2, 2, 4.5, 2.2], "texture": "#1"},
				"up": {"uv": [2, 2, 4.5, 2.2], "texture": "#1"},
				"down": {"uv": [2, 2, 4.5, 2.2], "texture": "#1"}
			}
		},
		{
			"from": [7.5, -14.325, 7.5],
			"to": [8.5, -14.225, 8.5],
			"rotation": {"angle": 0, "axis": "y", "origin": [12, -10.5, 11.5]},
			"faces": {
				"north": {"uv": [2, 2, 4, 2.2], "texture": "#1"},
				"east": {"uv": [2, 2, 4, 2.2], "texture": "#1"},
				"south": {"uv": [2, 2, 4, 2.2], "texture": "#1"},
				"west": {"uv": [2, 2, 4, 2.2], "texture": "#1"},
				"up": {"uv": [2, 2, 4, 2.2], "texture": "#1"},
				"down": {"uv": [2, 2, 4, 2.2], "texture": "#1"}
			}
		},
		{
			"from": [7.625, -14.225, 7.625],
			"to": [8.375, -14.025, 8.375],
			"rotation": {"angle": 0, "axis": "y", "origin": [12, -10.5, 12]},
			"faces": {
				"north": {"uv": [3, 2, 4.5, 2.4], "texture": "#1"},
				"east": {"uv": [3, 2, 4.5, 2.4], "texture": "#1"},
				"south": {"uv": [3, 2, 4.5, 2.4], "texture": "#1"},
				"west": {"uv": [3, 2, 4.5, 2.4], "texture": "#1"},
				"up": {"uv": [3, 2, 4.5, 2.4], "texture": "#1"},
				"down": {"uv": [3, 2, 4.5, 2.4], "texture": "#1"}
			}
		},
		{
			"from": [7.5, -14.025, 7.5],
			"to": [8.5, -13.825, 8.5],
			"rotation": {"angle": 0, "axis": "y", "origin": [12, -10, 11.5]},
			"faces": {
				"north": {"uv": [2, 2, 4, 2.4], "texture": "#1"},
				"east": {"uv": [2, 2, 4, 2.4], "texture": "#1"},
				"south": {"uv": [2, 2, 4, 2.4], "texture": "#1"},
				"west": {"uv": [2, 2, 4, 2.4], "texture": "#1"},
				"up": {"uv": [2, 2, 4, 2.4], "texture": "#1"},
				"down": {"uv": [2, 2, 4, 2.4], "texture": "#1"}
			}
		},
		{
			"from": [7.375, -13.825, 7.375],
			"to": [8.625, -13.625, 8.625],
			"rotation": {"angle": 0, "axis": "y", "origin": [12, -10, 11.5]},
			"faces": {
				"north": {"uv": [1, 1, 3.5, 1.4], "texture": "#1"},
				"east": {"uv": [1, 1, 3.5, 1.4], "texture": "#1"},
				"south": {"uv": [1, 1, 3.5, 1.4], "texture": "#1"},
				"west": {"uv": [1, 1, 3.5, 1.4], "texture": "#1"},
				"up": {"uv": [1, 1, 3.5, 1.4], "texture": "#1"},
				"down": {"uv": [1, 1, 3.5, 1.4], "texture": "#1"}
			}
		},
		{
			"from": [7.25, -13.625, 7.25],
			"to": [8.75, -13.425, 8.75],
			"rotation": {"angle": 0, "axis": "y", "origin": [12, -9.5, 11.5]},
			"faces": {
				"north": {"uv": [1, 1, 4, 1.4], "texture": "#1"},
				"east": {"uv": [1, 1, 4, 1.4], "texture": "#1"},
				"south": {"uv": [1, 1, 4, 1.4], "texture": "#1"},
				"west": {"uv": [1, 1, 4, 1.4], "texture": "#1"},
				"up": {"uv": [1, 1, 4, 1.4], "texture": "#1"},
				"down": {"uv": [1, 1, 4, 1.4], "texture": "#1"}
			}
		},
		{
			"from": [7.3, -14.675, 7.3],
			"to": [8.7, -14.525, 8.7],
			"rotation": {"angle": 0, "axis": "y", "origin": [12, -10, 11.5]},
			"faces": {
				"north": {"uv": [14, 14, 16, 16], "texture": "#1"},
				"east": {"uv": [14, 14, 16, 16], "texture": "#1"},
				"south": {"uv": [14, 14, 16, 16], "texture": "#1"},
				"west": {"uv": [14, 14, 16, 16], "texture": "#1"},
				"up": {"uv": [14, 14, 16, 16], "texture": "#1"},
				"down": {"uv": [14, 14, 16, 16], "texture": "#1"}
			}
		},
		{
			"from": [7.25, -14.75, 7.25],
			"to": [8.75, -14.65, 8.75],
			"rotation": {"angle": 0, "axis": "y", "origin": [12, -11, 11.5]},
			"faces": {
				"north": {"uv": [2, 3, 5, 3.2], "texture": "#1"},
				"east": {"uv": [2, 3, 5, 3.2], "texture": "#1"},
				"south": {"uv": [2, 3, 5, 3.2], "texture": "#1"},
				"west": {"uv": [2, 3, 5, 3.2], "texture": "#1"},
				"up": {"uv": [2, 3, 5, 3.2], "texture": "#1"},
				"down": {"uv": [2, 3, 5, 3.2], "texture": "#1"}
			}
		}
	],
	"display": {
		"thirdperson_righthand": {
			"rotation": [0, -180, 0],
			"translation": [0, 12.75, 1.5],
			"scale": [0.8, 0.8, 0.8]
		},
		"thirdperson_lefthand": {
			"rotation": [0, -180, 0],
			"translation": [0, 12.75, 1.5],
			"scale": [0.8, 0.8, 0.8]
		},
		"firstperson_righthand": {
			"rotation": [0, 160, 0],
			"translation": [0, 13.5, 0],
			"scale": [0.8, 0.8, 0.8]
		},
		"firstperson_lefthand": {
			"rotation": [0, 160, 0],
			"translation": [0, 13.5, 0],
			"scale": [0.8, 0.8, 0.8]
		},
		"ground": {
			"rotation": [-51, 168, 98.25],
			"translation": [0, -0.5, 0],
			"scale": [0.8, 0.8, 0.8]
		},
		"gui": {
			"rotation": [0, -180, 45],
			"scale": [0.5, 0.5, 0.5]
		},
		"fixed": {
			"rotation": [0, 0, 45],
			"scale": [0.6, 0.6, 0.6]
		}
	},
	"groups": [
		{
			"name": "Blade",
			"origin": [8, 8, 8],
			"children": [0, 1, 2, 3, 4, 5, 6, 7]
		},
		{
			"name": "Emitter",
			"origin": [8, 8, 8],
			"children": [8, 9, 10, 11, 12, 13, 14]
		},
		{
			"name": "Handle",
			"origin": [12, -10.5, 10],
			"children": [15, 16, 17, 18, 19, 20, 21, 22, 23, 24, 25, 26, 27, 28, 29, 30, 31, 32, 33, 34, 35, 36, 37, 38, 39, 40, 41, 42, 43, 44, 45, 46, 47, 48, 49, 50, 51]
		},
		{
			"name": "Pommel",
			"origin": [8, 8, 8],
			"children": [52, 53, 54, 55, 56, 57, 58, 59, 60, 61, 62, 63]
		}
	]
}