{
	"credit": "Made with Blockbench",
	"textures": {
		"0": "yoda_saber",
		"1": "green_blade",
		"particle": "yoda_saber"
	},
	"elements": [
		{
			"from": [8, -4.49688, 7.4375],
			"to": [8, 32, 8.5625],
			"rotation": {"angle": 0, "axis": "y", "origin": [8, 13.75156, 8]},
			"faces": {
				"north": {"uv": [0, 0, 16, 16], "texture": "#1"},
				"east": {"uv": [0, 0, 16, 16], "texture": "#1"},
				"south": {"uv": [0, 0, 16, 16], "texture": "#1"},
				"west": {"uv": [0, 0, 16, 16], "texture": "#1"},
				"up": {"uv": [0, 0, 16, 16], "texture": "#1"},
				"down": {"uv": [0, 0, 16, 16], "texture": "#1"}
			}
		},
		{
			"from": [8, -4.49688, 7.4375],
			"to": [8, 32, 8.5625],
			"rotation": {"angle": 22.5, "axis": "y", "origin": [8, 13.75156, 8]},
			"faces": {
				"north": {"uv": [0, 0, 16, 16], "texture": "#1"},
				"east": {"uv": [0, 0, 16, 16], "texture": "#1"},
				"south": {"uv": [0, 0, 16, 16], "texture": "#1"},
				"west": {"uv": [0, 0, 16, 16], "texture": "#1"},
				"up": {"uv": [0, 0, 16, 16], "texture": "#1"},
				"down": {"uv": [0, 0, 16, 16], "texture": "#1"}
			}
		},
		{
			"from": [8, -4.49688, 7.4375],
			"to": [8, 32, 8.5625],
			"rotation": {"angle": 45, "axis": "y", "origin": [8, 13.75156, 8]},
			"faces": {
				"north": {"uv": [0, 0, 16, 16], "texture": "#1"},
				"east": {"uv": [0, 0, 16, 16], "texture": "#1"},
				"south": {"uv": [0, 0, 16, 16], "texture": "#1"},
				"west": {"uv": [0, 0, 16, 16], "texture": "#1"},
				"up": {"uv": [0, 0, 16, 16], "texture": "#1"},
				"down": {"uv": [0, 0, 16, 16], "texture": "#1"}
			}
		},
		{
			"from": [7.4375, -4.49688, 8],
			"to": [8.5625, 32, 8],
			"rotation": {"angle": -22.5, "axis": "y", "origin": [8, 13.75156, 8]},
			"faces": {
				"north": {"uv": [0, 0, 16, 16], "texture": "#1"},
				"east": {"uv": [0, 0, 16, 16], "texture": "#1"},
				"south": {"uv": [0, 0, 16, 16], "texture": "#1"},
				"west": {"uv": [0, 0, 16, 16], "texture": "#1"},
				"up": {"uv": [0, 0, 16, 16], "texture": "#1"},
				"down": {"uv": [0, 0, 16, 16], "texture": "#1"}
			}
		},
		{
			"from": [7.4375, -4.49688, 8],
			"to": [8.5625, 32, 8],
			"rotation": {"angle": 0, "axis": "y", "origin": [8, 13.75156, 8]},
			"faces": {
				"north": {"uv": [0, 0, 16, 16], "texture": "#1"},
				"east": {"uv": [0, 0, 16, 16], "texture": "#1"},
				"south": {"uv": [0, 0, 16, 16], "texture": "#1"},
				"west": {"uv": [0, 0, 16, 16], "texture": "#1"},
				"up": {"uv": [0, 0, 16, 16], "texture": "#1"},
				"down": {"uv": [0, 0, 16, 16], "texture": "#1"}
			}
		},
		{
			"from": [7.4375, -4.49688, 8],
			"to": [8.5625, 32, 8],
			"rotation": {"angle": 22.5, "axis": "y", "origin": [8, 13.75156, 8]},
			"faces": {
				"north": {"uv": [0, 0, 16, 16], "texture": "#1"},
				"east": {"uv": [0, 0, 16, 16], "texture": "#1"},
				"south": {"uv": [0, 0, 16, 16], "texture": "#1"},
				"west": {"uv": [0, 0, 16, 16], "texture": "#1"},
				"up": {"uv": [0, 0, 16, 16], "texture": "#1"},
				"down": {"uv": [0, 0, 16, 16], "texture": "#1"}
			}
		},
		{
			"from": [7.4375, -4.49688, 8],
			"to": [8.5625, 32, 8],
			"rotation": {"angle": 45, "axis": "y", "origin": [8, 13.75156, 8]},
			"faces": {
				"north": {"uv": [0, 0, 16, 16], "texture": "#1"},
				"east": {"uv": [0, 0, 16, 16], "texture": "#1"},
				"south": {"uv": [0, 0, 16, 16], "texture": "#1"},
				"west": {"uv": [0, 0, 16, 16], "texture": "#1"},
				"up": {"uv": [0, 0, 16, 16], "texture": "#1"},
				"down": {"uv": [0, 0, 16, 16], "texture": "#1"}
			}
		},
		{
			"from": [8, -4.49688, 7.4375],
			"to": [8, 32, 8.5625],
			"rotation": {"angle": -22.5, "axis": "y", "origin": [8, 13.75156, 8]},
			"faces": {
				"north": {"uv": [0, 0, 16, 16], "texture": "#1"},
				"east": {"uv": [0, 0, 16, 16], "texture": "#1"},
				"south": {"uv": [0, 0, 16, 16], "texture": "#1"},
				"west": {"uv": [0, 0, 16, 16], "texture": "#1"},
				"up": {"uv": [0, 0, 16, 16], "texture": "#1"},
				"down": {"uv": [0, 0, 16, 16], "texture": "#1"}
			}
		},
		{
			"from": [7.29688, -5.36875, 7.29688],
			"to": [8.70313, -4.94688, 8.70313],
			"rotation": {"angle": 0, "axis": "y", "origin": [11.375, -2.5, 11.375]},
			"faces": {
				"north": {"uv": [14, 15, 16, 16], "texture": "#0"},
				"east": {"uv": [14, 15, 16, 16], "texture": "#0"},
				"south": {"uv": [14, 15, 16, 16], "texture": "#0"},
				"west": {"uv": [14, 15, 16, 16], "texture": "#0"},
				"up": {"uv": [14, 15, 16, 16], "texture": "#0"},
				"down": {"uv": [14, 15, 16, 16], "texture": "#0"}
			}
		},
		{
			"from": [7.08594, -4.94688, 7.08594],
			"to": [8.91406, -4.66563, 8.91406],
			"rotation": {"angle": 0, "axis": "y", "origin": [11.375, -1.9375, 11.375]},
			"faces": {
				"north": {"uv": [15, 15, 16, 15.5], "texture": "#0"},
				"east": {"uv": [15, 15, 16, 15.5], "texture": "#0"},
				"south": {"uv": [15, 15, 16, 15.5], "texture": "#0"},
				"west": {"uv": [15, 15, 16, 15.5], "texture": "#0"},
				"up": {"uv": [15, 15, 16, 15.5], "texture": "#0"},
				"down": {"uv": [15, 15, 16, 15.5], "texture": "#0"}
			}
		},
		{
			"from": [6.94531, -4.66563, 6.94531],
			"to": [9.05469, -4.49687, 9.05469],
			"rotation": {"angle": 0, "axis": "y", "origin": [11.375, -1.9375, 11.375]},
			"faces": {
				"north": {"uv": [14, 14, 16, 16], "texture": "#0"},
				"east": {"uv": [14, 14, 16, 16], "texture": "#0"},
				"south": {"uv": [14, 14, 16, 16], "texture": "#0"},
				"west": {"uv": [14, 14, 16, 16], "texture": "#0"},
				"up": {"uv": [14, 14, 16, 16], "texture": "#0"},
				"down": {"uv": [14, 14, 16, 16], "texture": "#0"}
			}
		},
		{
			"from": [6.66406, -4.75, 9.29375],
			"to": [9.33594, -2.75, 9.43438],
			"rotation": {"angle": 0, "axis": "y", "origin": [8, -4.83437, 9.75781]},
			"faces": {
				"north": {"uv": [1, 1, 6, 4], "texture": "#0"},
				"east": {"uv": [1, 1, 1.25, 4], "texture": "#0"},
				"south": {"uv": [1, 1, 6, 4], "texture": "#0"},
				"west": {"uv": [1, 1, 1.25, 4], "texture": "#0"},
				"up": {"uv": [1, 1, 1.25, 4], "texture": "#0"},
				"down": {"uv": [1, 1, 1.25, 4], "texture": "#0"}
			}
		},
		{
			"from": [6.52344, -4.75, 8.59063],
			"to": [6.66406, -3.125, 9.43438],
			"rotation": {"angle": 0, "axis": "y", "origin": [7.85938, -4.89625, 9.61719]},
			"faces": {
				"north": {"uv": [1, 1, 2.5, 3.5], "texture": "#0"},
				"east": {"uv": [1, 1, 2.5, 3.5], "texture": "#0"},
				"south": {"uv": [1, 1, 2.5, 3.5], "texture": "#0"},
				"west": {"uv": [1, 1, 2.5, 3.5], "texture": "#0"},
				"up": {"uv": [1, 1, 2.5, 3.5], "texture": "#0"},
				"down": {"uv": [1, 1, 2.5, 3.5], "texture": "#0"}
			}
		},
		{
			"from": [9.33594, -4.75, 8.59063],
			"to": [9.47656, -3.125, 9.43438],
			"rotation": {"angle": 0, "axis": "y", "origin": [10.67188, -4.89625, 9.61719]},
			"faces": {
				"north": {"uv": [1, 1, 2.5, 3.5], "texture": "#0"},
				"east": {"uv": [1, 1, 2.5, 3.5], "texture": "#0"},
				"south": {"uv": [1, 1, 2.5, 3.5], "texture": "#0"},
				"west": {"uv": [1, 1, 2.5, 3.5], "texture": "#0"},
				"up": {"uv": [1, 1, 2.5, 3.5], "texture": "#0"},
				"down": {"uv": [1, 1, 2.5, 3.5], "texture": "#0"}
			}
		},
		{
			"from": [6.52344, -4.75, 7.8875],
			"to": [6.66406, -3.5, 8.59063],
			"rotation": {"angle": 0, "axis": "y", "origin": [7.85938, -4.89625, 8.91406]},
			"faces": {
				"north": {"uv": [3, 1, 4.25, 3], "texture": "#0"},
				"east": {"uv": [3, 1, 4.25, 3], "texture": "#0"},
				"south": {"uv": [3, 1, 4.25, 3], "texture": "#0"},
				"west": {"uv": [3, 1, 4.25, 3], "texture": "#0"},
				"up": {"uv": [3, 1, 4.25, 3], "texture": "#0"},
				"down": {"uv": [3, 1, 4.25, 3], "texture": "#0"}
			}
		},
		{
			"from": [9.33594, -4.75, 7.8875],
			"to": [9.47656, -3.5, 8.59063],
			"rotation": {"angle": 0, "axis": "y", "origin": [10.67188, -4.89625, 8.91406]},
			"faces": {
				"north": {"uv": [1, 1, 2.25, 3], "texture": "#0"},
				"east": {"uv": [1, 1, 2.25, 3], "texture": "#0"},
				"south": {"uv": [1, 1, 2.25, 3], "texture": "#0"},
				"west": {"uv": [1, 1, 2.25, 3], "texture": "#0"},
				"up": {"uv": [1, 1, 2.25, 3], "texture": "#0"},
				"down": {"uv": [1, 1, 2.25, 3], "texture": "#0"}
			}
		},
		{
			"from": [6.9473, -2.75, 9.29375],
			"to": [9.05668, -2.46875, 9.43438],
			"rotation": {"angle": 0, "axis": "y", "origin": [7.15526, -2.6375, 9.75781]},
			"faces": {
				"north": {"uv": [1, 2, 4.75, 2.5], "texture": "#0"},
				"east": {"uv": [1, 2, 4.75, 2.5], "texture": "#0"},
				"south": {"uv": [1, 2, 4.75, 2.5], "texture": "#0"},
				"west": {"uv": [1, 2, 4.75, 2.5], "texture": "#0"},
				"up": {"uv": [1, 2, 4.75, 2.5], "texture": "#0"},
				"down": {"uv": [1, 2, 4.75, 2.5], "texture": "#0"}
			}
		},
		{
			"from": [7.78906, -5.87744, 9.0232],
			"to": [8.21094, -4.12744, 9.16383],
			"rotation": {"angle": 22.5, "axis": "x", "origin": [8, -4.78056, 9.06539]},
			"faces": {
				"north": {"uv": [1, 1, 1.75, 3.5], "texture": "#0"},
				"east": {"uv": [1, 1, 1.75, 3.5], "texture": "#0"},
				"south": {"uv": [1, 1, 1.75, 3.5], "texture": "#0"},
				"west": {"uv": [1, 1, 1.75, 3.5], "texture": "#0"},
				"up": {"uv": [1, 1, 1.75, 3.5], "texture": "#0"},
				"down": {"uv": [1, 1, 1.75, 3.5], "texture": "#0"}
			}
		},
		{
			"from": [7.78906, -5.93125, 9.15313],
			"to": [8.21094, -4.525, 9.29375],
			"rotation": {"angle": 22.5, "axis": "x", "origin": [8, -4.83437, 9.19531]},
			"faces": {
				"north": {"uv": [1, 1, 1.75, 3.5], "texture": "#0"},
				"east": {"uv": [1, 1, 1.75, 3.5], "texture": "#0"},
				"south": {"uv": [1, 1, 1.75, 3.5], "texture": "#0"},
				"west": {"uv": [1, 1, 1.75, 3.5], "texture": "#0"},
				"up": {"uv": [1, 1, 1.75, 3.5], "texture": "#0"},
				"down": {"uv": [1, 1, 1.75, 3.5], "texture": "#0"}
			}
		},
		{
			"from": [6.875, -15.38125, 6.875],
			"to": [9.125, -5.36875, 9.125],
			"rotation": {"angle": 0, "axis": "y", "origin": [11.375, -10.9375, 11.375]},
			"faces": {
				"north": {"uv": [4, 1, 8, 15], "texture": "#0"},
				"east": {"uv": [4, 1, 8, 15], "texture": "#0"},
				"south": {"uv": [4, 1, 8, 15], "texture": "#0"},
				"west": {"uv": [4, 1, 8, 15], "texture": "#0"},
				"up": {"uv": [4, 1, 8, 15], "texture": "#0"},
				"down": {"uv": [4, 1, 8, 15], "texture": "#0"}
			}
		},
		{
			"from": [6.73438, -11.725, 6.73438],
			"to": [9.26563, -8.575, 9.26563],
			"rotation": {"angle": 0, "axis": "y", "origin": [13.625, -7.5625, 11.375]},
			"faces": {
				"north": {"uv": [14, 14, 16, 16], "texture": "#0"},
				"east": {"uv": [14, 14, 16, 16], "texture": "#0"},
				"south": {"uv": [14, 14, 16, 16], "texture": "#0"},
				"west": {"uv": [14, 14, 16, 16], "texture": "#0"},
				"up": {"uv": [14, 14, 16, 16], "texture": "#0"},
				"down": {"uv": [14, 14, 16, 16], "texture": "#0"}
			}
		},
		{
			"from": [7.57813, -11.55625, 6.3125],
			"to": [8.42188, -8.74375, 6.73438],
			"rotation": {"angle": 0, "axis": "y", "origin": [13.90625, -7.45, 8.70313]},
			"faces": {
				"north": {"uv": [14, 14, 16, 16], "texture": "#0"},
				"east": {"uv": [14, 14, 16, 16], "texture": "#0"},
				"south": {"uv": [14, 14, 16, 16], "texture": "#0"},
				"west": {"uv": [14, 14, 16, 16], "texture": "#0"},
				"up": {"uv": [14, 14, 16, 16], "texture": "#0"},
				"down": {"uv": [14, 14, 16, 16], "texture": "#0"}
			}
		},
		{
			"from": [7.57813, -9.5875, 6.03125],
			"to": [8.42188, -8.74375, 6.3125],
			"rotation": {"angle": 0, "axis": "y", "origin": [13.90625, -7.675, 8.70313]},
			"faces": {
				"north": {"uv": [14, 14, 15.5, 15.5], "texture": "#0"},
				"east": {"uv": [14, 14, 15.5, 15.5], "texture": "#0"},
				"south": {"uv": [14, 14, 15.5, 15.5], "texture": "#0"},
				"west": {"uv": [14, 14, 15.5, 15.5], "texture": "#0"},
				"up": {"uv": [14, 14, 15.5, 15.5], "texture": "#0"},
				"down": {"uv": [14, 14, 15.5, 15.5], "texture": "#0"}
			}
		},
		{
			"from": [6.45313, -9.8125, 7.57813],
			"to": [9.54688, -8.96875, 8.42188],
			"rotation": {"angle": 0, "axis": "y", "origin": [12.78125, -7.675, 10.39063]},
			"faces": {
				"north": {"uv": [14, 14, 15.5, 15.5], "texture": "#0"},
				"east": {"uv": [14, 14, 15.5, 15.5], "texture": "#0"},
				"south": {"uv": [14, 14, 15.5, 15.5], "texture": "#0"},
				"west": {"uv": [14, 14, 15.5, 15.5], "texture": "#0"},
				"up": {"uv": [14, 14, 15.5, 15.5], "texture": "#0"},
				"down": {"uv": [14, 14, 15.5, 15.5], "texture": "#0"}
			}
		},
		{
			"from": [7.71875, -7.02812, 9.125],
			"to": [8.28125, -6.46562, 9.82813],
			"rotation": {"angle": 0, "axis": "y", "origin": [13.90625, -4.8625, 9.6875]},
			"faces": {
				"north": {"uv": [3, 15, 4.25, 16], "texture": "#0"},
				"east": {"uv": [3, 15, 4.25, 16], "texture": "#0"},
				"south": {"uv": [3, 15, 4.25, 16], "texture": "#0"},
				"west": {"uv": [3, 15, 4.25, 16], "texture": "#0"},
				"up": {"uv": [3, 15, 4.25, 16], "texture": "#0"},
				"down": {"uv": [3, 15, 4.25, 16], "texture": "#0"}
			}
		},
		{
			"from": [7.78906, -6.35312, 9.125],
			"to": [8.21094, -5.50937, 9.26563],
			"rotation": {"angle": 0, "axis": "y", "origin": [13.90625, -4.44062, 10.10938]},
			"faces": {
				"north": {"uv": [15, 14, 15.75, 15.5], "texture": "#0"},
				"east": {"uv": [15, 14, 15.75, 15.5], "texture": "#0"},
				"south": {"uv": [15, 14, 15.75, 15.5], "texture": "#0"},
				"west": {"uv": [15, 14, 15.75, 15.5], "texture": "#0"},
				"up": {"uv": [15, 14, 15.75, 15.5], "texture": "#0"},
				"down": {"uv": [15, 14, 15.75, 15.5], "texture": "#0"}
			}
		},
		{
			"from": [7.57813, -10.56205, 6.2251],
			"to": [8.42188, -9.43705, 6.7876],
			"rotation": {"angle": -22.5, "axis": "x", "origin": [8, -9.99955, 6.50635]},
			"faces": {
				"north": {"uv": [14, 14, 16, 16], "texture": "#0"},
				"east": {"uv": [14, 14, 16, 16], "texture": "#0"},
				"south": {"uv": [14, 14, 16, 16], "texture": "#0"},
				"west": {"uv": [14, 14, 16, 16], "texture": "#0"},
				"up": {"uv": [14, 14, 16, 16], "texture": "#0"},
				"down": {"uv": [14, 14, 16, 16], "texture": "#0"}
			}
		},
		{
			"from": [6.73438, -14.95938, 7.29688],
			"to": [9.26563, -12.14688, 8.70313],
			"rotation": {"angle": 0, "axis": "y", "origin": [13.625, -10.9375, 11.375]},
			"faces": {
				"north": {"uv": [14, 14, 16, 16], "texture": "#0"},
				"east": {"uv": [14, 14, 16, 16], "texture": "#0"},
				"south": {"uv": [14, 14, 16, 16], "texture": "#0"},
				"west": {"uv": [14, 14, 16, 16], "texture": "#0"},
				"up": {"uv": [14, 14, 16, 16], "texture": "#0"},
				"down": {"uv": [14, 14, 16, 16], "texture": "#0"}
			}
		},
		{
			"from": [7.29688, -14.95938, 6.73438],
			"to": [8.70313, -12.14688, 9.26563],
			"rotation": {"angle": 0, "axis": "y", "origin": [13.625, -10.9375, 11.375]},
			"faces": {
				"north": {"uv": [14, 14, 16, 16], "texture": "#0"},
				"east": {"uv": [14, 14, 16, 16], "texture": "#0"},
				"south": {"uv": [14, 14, 16, 16], "texture": "#0"},
				"west": {"uv": [14, 14, 16, 16], "texture": "#0"},
				"up": {"uv": [14, 14, 16, 16], "texture": "#0"},
				"down": {"uv": [14, 14, 16, 16], "texture": "#0"}
			}
		},
		{
			"from": [6.875, -16, 6.875],
			"to": [9.125, -15.4375, 9.125],
			"rotation": {"angle": 0, "axis": "y", "origin": [11.9375, -11.5, 12.5]},
			"faces": {
				"north": {"uv": [0, 0, 4, 1], "texture": "#0"},
				"east": {"uv": [0, 0, 4, 1], "texture": "#0"},
				"south": {"uv": [0, 0, 4, 1], "texture": "#0"},
				"west": {"uv": [0, 0, 4, 1], "texture": "#0"},
				"up": {"uv": [0, 0, 4, 1], "texture": "#0"},
				"down": {"uv": [0, 12, 4, 16], "texture": "#0"}
			}
		},
		{
			"from": [6.93125, -15.4375, 6.93125],
			"to": [9.06875, -15.38125, 9.06875],
			"rotation": {"angle": 0, "axis": "y", "origin": [11.9375, -10.9375, 12.5]},
			"faces": {
				"north": {"uv": [15, 15, 16, 16], "texture": "#0"},
				"east": {"uv": [15, 15, 16, 16], "texture": "#0"},
				"south": {"uv": [15, 15, 16, 16], "texture": "#0"},
				"west": {"uv": [15, 15, 16, 16], "texture": "#0"},
				"up": {"uv": [15, 15, 16, 16], "texture": "#0"},
				"down": {"uv": [15, 15, 16, 16], "texture": "#0"}
			}
		}
	],
	"display": {
		"thirdperson_righthand": {
			"translation": [0, 11, 1.5],
			"scale": [0.7, 0.7, 0.7]
		},
		"thirdperson_lefthand": {
			"translation": [0, 11, 1.5],
			"scale": [0.7, 0.7, 0.7]
		},
		"firstperson_righthand": {
			"translation": [0, 11.5, 0],
			"scale": [0.7, 0.7, 0.7]
		},
		"firstperson_lefthand": {
			"translation": [0, 11.5, 0],
			"scale": [0.7, 0.7, 0.7]
		},
		"ground": {
			"rotation": [-78.75, 129.25, -6],
			"translation": [0, -0.5, 0],
			"scale": [0.7, 0.7, 0.7]
		},
		"gui": {
			"rotation": [0, -180, 45],
			"scale": [0.5, 0.5, 0.5]
		},
		"fixed": {
			"rotation": [0, 0, 45],
			"scale": [0.6, 0.6, 0.6]
		}
	},
	"groups": [
		{
			"name": "Blade",
			"origin": [8, 8, 8],
			"children": [0, 1, 2, 3, 4, 5, 6, 7]
		},
		{
			"name": "Emitter",
			"origin": [8, 8, 8],
			"children": [8, 9, 10, 11, 12, 13, 14, 15, 16, 17, 18]
		},
		{
			"name": "Handle",
			"origin": [8, 8, 8],
			"children": [19, 20, 21, 22, 23, 24, 25, 26, 27, 28]
		},
		{
			"name": "Pommel",
			"origin": [8, 8, 8],
			"children": [29, 30]
		}
	]
}