{
	"credit": "Made with Blockbench",
	"texture_size": [32, 32],
	"textures": {
		"0": "temple_guard",
		"1": "yellow_blade",
		"particle": "temple_guard"
	},
	"elements": [
		{
			"from": [7.775, 13.34375, 8],
			"to": [8.225, 31.34375, 8],
			"rotation": {"angle": 0, "axis": "y", "origin": [8, 22.34375, 8]},
			"faces": {
				"north": {"uv": [0, 0, 16, 16], "texture": "#1"},
				"east": {"uv": [0, 0, 16, 16], "texture": "#1"},
				"south": {"uv": [0, 0, 16, 16], "texture": "#1"},
				"west": {"uv": [0, 0, 16, 16], "texture": "#1"},
				"up": {"uv": [0, 0, 16, 16], "texture": "#1"},
				"down": {"uv": [0, 0, 16, 16], "texture": "#1"}
			}
		},
		{
			"from": [7.775, 13.34375, 8],
			"to": [8.225, 31.34375, 8],
			"rotation": {"angle": 22.5, "axis": "y", "origin": [8, 22.34375, 8]},
			"faces": {
				"north": {"uv": [0, 0, 16, 16], "texture": "#1"},
				"east": {"uv": [0, 0, 16, 16], "texture": "#1"},
				"south": {"uv": [0, 0, 16, 16], "texture": "#1"},
				"west": {"uv": [0, 0, 16, 16], "texture": "#1"},
				"up": {"uv": [0, 0, 16, 16], "texture": "#1"},
				"down": {"uv": [0, 0, 16, 16], "texture": "#1"}
			}
		},
		{
			"from": [7.775, 13.34375, 8],
			"to": [8.225, 31.34375, 8],
			"rotation": {"angle": 45, "axis": "y", "origin": [8, 22.34375, 8]},
			"faces": {
				"north": {"uv": [0, 0, 16, 16], "texture": "#1"},
				"east": {"uv": [0, 0, 16, 16], "texture": "#1"},
				"south": {"uv": [0, 0, 16, 16], "texture": "#1"},
				"west": {"uv": [0, 0, 16, 16], "texture": "#1"},
				"up": {"uv": [0, 0, 16, 16], "texture": "#1"},
				"down": {"uv": [0, 0, 16, 16], "texture": "#1"}
			}
		},
		{
			"from": [8, 13.34375, 7.775],
			"to": [8, 31.34375, 8.225],
			"rotation": {"angle": -22.5, "axis": "y", "origin": [8, 22.34375, 8]},
			"faces": {
				"north": {"uv": [0, 0, 16, 16], "texture": "#1"},
				"east": {"uv": [0, 0, 16, 16], "texture": "#1"},
				"south": {"uv": [0, 0, 16, 16], "texture": "#1"},
				"west": {"uv": [0, 0, 16, 16], "texture": "#1"},
				"up": {"uv": [0, 0, 16, 16], "texture": "#1"},
				"down": {"uv": [0, 0, 16, 16], "texture": "#1"}
			}
		},
		{
			"from": [8, 13.34375, 7.775],
			"to": [8, 31.34375, 8.225],
			"rotation": {"angle": 0, "axis": "y", "origin": [8, 22.34375, 8]},
			"faces": {
				"north": {"uv": [0, 0, 16, 16], "texture": "#1"},
				"east": {"uv": [0, 0, 16, 16], "texture": "#1"},
				"south": {"uv": [0, 0, 16, 16], "texture": "#1"},
				"west": {"uv": [0, 0, 16, 16], "texture": "#1"},
				"up": {"uv": [0, 0, 16, 16], "texture": "#1"},
				"down": {"uv": [0, 0, 16, 16], "texture": "#1"}
			}
		},
		{
			"from": [8, 13.34375, 7.775],
			"to": [8, 31.34375, 8.225],
			"rotation": {"angle": 22.5, "axis": "y", "origin": [8, 22.34375, 8]},
			"faces": {
				"north": {"uv": [0, 0, 16, 16], "texture": "#1"},
				"east": {"uv": [0, 0, 16, 16], "texture": "#1"},
				"south": {"uv": [0, 0, 16, 16], "texture": "#1"},
				"west": {"uv": [0, 0, 16, 16], "texture": "#1"},
				"up": {"uv": [0, 0, 16, 16], "texture": "#1"},
				"down": {"uv": [0, 0, 16, 16], "texture": "#1"}
			}
		},
		{
			"from": [8, 13.34375, 7.775],
			"to": [8, 31.34375, 8.225],
			"rotation": {"angle": 45, "axis": "y", "origin": [8, 22.34375, 8]},
			"faces": {
				"north": {"uv": [0, 0, 16, 16], "texture": "#1"},
				"east": {"uv": [0, 0, 16, 16], "texture": "#1"},
				"south": {"uv": [0, 0, 16, 16], "texture": "#1"},
				"west": {"uv": [0, 0, 16, 16], "texture": "#1"},
				"up": {"uv": [0, 0, 16, 16], "texture": "#1"},
				"down": {"uv": [0, 0, 16, 16], "texture": "#1"}
			}
		},
		{
			"from": [7.775, 13.34375, 8],
			"to": [8.225, 31.34375, 8],
			"rotation": {"angle": -22.5, "axis": "y", "origin": [8, 22.34375, 8]},
			"faces": {
				"north": {"uv": [0, 0, 16, 16], "texture": "#1"},
				"east": {"uv": [0, 0, 16, 16], "texture": "#1"},
				"south": {"uv": [0, 0, 16, 16], "texture": "#1"},
				"west": {"uv": [0, 0, 16, 16], "texture": "#1"},
				"up": {"uv": [0, 0, 16, 16], "texture": "#1"},
				"down": {"uv": [0, 0, 16, 16], "texture": "#1"}
			}
		},
		{
			"from": [7.775, -15.3438, 8],
			"to": [8.225, 2.6562, 8],
			"rotation": {"angle": 0, "axis": "y", "origin": [8, -6.3438, 8]},
			"faces": {
				"north": {"uv": [0, 0, 16, 16], "texture": "#1"},
				"east": {"uv": [0, 0, 16, 16], "texture": "#1"},
				"south": {"uv": [0, 0, 16, 16], "texture": "#1"},
				"west": {"uv": [0, 0, 16, 16], "texture": "#1"},
				"up": {"uv": [0, 0, 16, 16], "texture": "#1"},
				"down": {"uv": [0, 0, 16, 16], "texture": "#1"}
			}
		},
		{
			"from": [7.775, -15.3438, 8],
			"to": [8.225, 2.6562, 8],
			"rotation": {"angle": 22.5, "axis": "y", "origin": [8, -6.3438, 8]},
			"faces": {
				"north": {"uv": [0, 0, 16, 16], "texture": "#1"},
				"east": {"uv": [0, 0, 16, 16], "texture": "#1"},
				"south": {"uv": [0, 0, 16, 16], "texture": "#1"},
				"west": {"uv": [0, 0, 16, 16], "texture": "#1"},
				"up": {"uv": [0, 0, 16, 16], "texture": "#1"},
				"down": {"uv": [0, 0, 16, 16], "texture": "#1"}
			}
		},
		{
			"from": [7.775, -15.3438, 8],
			"to": [8.225, 2.6562, 8],
			"rotation": {"angle": 45, "axis": "y", "origin": [8, -6.3438, 8]},
			"faces": {
				"north": {"uv": [0, 0, 16, 16], "texture": "#1"},
				"east": {"uv": [0, 0, 16, 16], "texture": "#1"},
				"south": {"uv": [0, 0, 16, 16], "texture": "#1"},
				"west": {"uv": [0, 0, 16, 16], "texture": "#1"},
				"up": {"uv": [0, 0, 16, 16], "texture": "#1"},
				"down": {"uv": [0, 0, 16, 16], "texture": "#1"}
			}
		},
		{
			"from": [8, -15.3438, 7.775],
			"to": [8, 2.6562, 8.225],
			"rotation": {"angle": -22.5, "axis": "y", "origin": [8, -6.3438, 8]},
			"faces": {
				"north": {"uv": [0, 0, 16, 16], "texture": "#1"},
				"east": {"uv": [0, 0, 16, 16], "texture": "#1"},
				"south": {"uv": [0, 0, 16, 16], "texture": "#1"},
				"west": {"uv": [0, 0, 16, 16], "texture": "#1"},
				"up": {"uv": [0, 0, 16, 16], "texture": "#1"},
				"down": {"uv": [0, 0, 16, 16], "texture": "#1"}
			}
		},
		{
			"from": [8, -15.3438, 7.775],
			"to": [8, 2.6562, 8.225],
			"rotation": {"angle": 22.5, "axis": "y", "origin": [8, -6.3438, 8]},
			"faces": {
				"north": {"uv": [0, 0, 16, 16], "texture": "#1"},
				"east": {"uv": [0, 0, 16, 16], "texture": "#1"},
				"south": {"uv": [0, 0, 16, 16], "texture": "#1"},
				"west": {"uv": [0, 0, 16, 16], "texture": "#1"},
				"up": {"uv": [0, 0, 16, 16], "texture": "#1"},
				"down": {"uv": [0, 0, 16, 16], "texture": "#1"}
			}
		},
		{
			"from": [8, -15.3438, 7.775],
			"to": [8, 2.6562, 8.225],
			"rotation": {"angle": 0, "axis": "y", "origin": [8, -6.3438, 8]},
			"faces": {
				"north": {"uv": [0, 0, 16, 16], "texture": "#1"},
				"east": {"uv": [0, 0, 16, 16], "texture": "#1"},
				"south": {"uv": [0, 0, 16, 16], "texture": "#1"},
				"west": {"uv": [0, 0, 16, 16], "texture": "#1"},
				"up": {"uv": [0, 0, 16, 16], "texture": "#1"},
				"down": {"uv": [0, 0, 16, 16], "texture": "#1"}
			}
		},
		{
			"from": [8, -15.3438, 7.775],
			"to": [8, 2.6562, 8.225],
			"rotation": {"angle": 45, "axis": "y", "origin": [8, -6.3438, 8]},
			"faces": {
				"north": {"uv": [0, 0, 16, 16], "texture": "#1"},
				"east": {"uv": [0, 0, 16, 16], "texture": "#1"},
				"south": {"uv": [0, 0, 16, 16], "texture": "#1"},
				"west": {"uv": [0, 0, 16, 16], "texture": "#1"},
				"up": {"uv": [0, 0, 16, 16], "texture": "#1"},
				"down": {"uv": [0, 0, 16, 16], "texture": "#1"}
			}
		},
		{
			"from": [7.775, -15.3438, 8],
			"to": [8.225, 2.6562, 8],
			"rotation": {"angle": -22.5, "axis": "y", "origin": [8, -6.3438, 8]},
			"faces": {
				"north": {"uv": [0, 0, 16, 16], "texture": "#1"},
				"east": {"uv": [0, 0, 16, 16], "texture": "#1"},
				"south": {"uv": [0, 0, 16, 16], "texture": "#1"},
				"west": {"uv": [0, 0, 16, 16], "texture": "#1"},
				"up": {"uv": [0, 0, 16, 16], "texture": "#1"},
				"down": {"uv": [0, 0, 16, 16], "texture": "#1"}
			}
		},
		{
			"from": [7.775, 11.6, 7.56125],
			"to": [7.8875, 12.21875, 8.43875],
			"rotation": {"angle": 0, "axis": "y", "origin": [9.35, 13.4, 9.35]},
			"faces": {
				"north": {"uv": [15.5, 15.5, 15.625, 15.875], "texture": "#0"},
				"east": {"uv": [15.5, 15.5, 15.625, 15.875], "texture": "#0"},
				"south": {"uv": [15.5, 15.5, 15.625, 15.875], "texture": "#0"},
				"west": {"uv": [15.5, 15.5, 15.625, 15.875], "texture": "#0"},
				"up": {"uv": [15.5, 15.5, 15.625, 15.875], "texture": "#0"},
				"down": {"uv": [15.5, 15.5, 15.625, 15.875], "texture": "#0"}
			}
		},
		{
			"from": [7.5725, 11.6, 7.5725],
			"to": [7.685, 13.9697, 8.4275],
			"rotation": {"angle": 0, "axis": "y", "origin": [9.125, 13.4, 9.35]},
			"faces": {
				"north": {"uv": [15.5, 14.375, 15.625, 15.875], "texture": "#0"},
				"east": {"uv": [15.5, 14.5, 16, 16], "texture": "#0"},
				"south": {"uv": [15.5, 14.375, 15.625, 15.875], "texture": "#0"},
				"west": {"uv": [15.5, 14.5, 16, 16], "texture": "#0"},
				"up": {"uv": [15.5, 14.5, 15.625, 15], "texture": "#0"},
				"down": {"uv": [15.5, 14.5, 16, 16], "texture": "#0"}
			}
		},
		{
			"from": [7.7975, 13.2947, 7.5725],
			"to": [7.8425, 13.4144, 7.7525],
			"rotation": {"angle": 0, "axis": "y", "origin": [9.35, 14.1947, 9.35]},
			"faces": {
				"north": {"uv": [15.5, 14, 15.625, 14.5], "texture": "#0"},
				"east": {"uv": [15.5, 14, 15.625, 14.5], "texture": "#0"},
				"south": {"uv": [15.5, 14, 15.625, 14.5], "texture": "#0"},
				"west": {"uv": [15.5, 14, 15.625, 14.5], "texture": "#0"},
				"up": {"uv": [15.5, 14, 15.625, 14.5], "texture": "#0"},
				"down": {"uv": [15.5, 14, 15.625, 14.5], "texture": "#0"}
			}
		},
		{
			"from": [7.7975, 13.2947, 8.2475],
			"to": [7.8425, 13.4144, 8.4275],
			"rotation": {"angle": 0, "axis": "y", "origin": [9.35, 14.1947, 6.65]},
			"faces": {
				"north": {"uv": [15.625, 14, 15.5, 14.5], "texture": "#0"},
				"east": {"uv": [15.625, 14, 15.5, 14.5], "texture": "#0"},
				"south": {"uv": [15.625, 14, 15.5, 14.5], "texture": "#0"},
				"west": {"uv": [15.625, 14, 15.5, 14.5], "texture": "#0"},
				"up": {"uv": [15.5, 14.5, 15.625, 14], "texture": "#0"},
				"down": {"uv": [15.5, 14.5, 15.625, 14], "texture": "#0"}
			}
		},
		{
			"from": [7.685, 13.5197, 7.5725],
			"to": [7.7525, 13.6772, 7.7525],
			"rotation": {"angle": 0, "axis": "y", "origin": [9.2375, 14.4197, 9.35]},
			"faces": {
				"north": {"uv": [15.5, 14, 15.625, 14.5], "texture": "#0"},
				"east": {"uv": [15.5, 14, 15.625, 14.5], "texture": "#0"},
				"south": {"uv": [15.5, 14, 15.625, 14.5], "texture": "#0"},
				"west": {"uv": [15.5, 14, 15.625, 14.5], "texture": "#0"},
				"up": {"uv": [15.5, 14, 15.625, 14.5], "texture": "#0"},
				"down": {"uv": [15.5, 14, 15.625, 14.5], "texture": "#0"}
			}
		},
		{
			"from": [7.685, 13.5197, 8.2475],
			"to": [7.7525, 13.6772, 8.4275],
			"rotation": {"angle": 0, "axis": "y", "origin": [9.2375, 14.4197, 6.65]},
			"faces": {
				"north": {"uv": [15.625, 14, 15.5, 14.5], "texture": "#0"},
				"east": {"uv": [15.625, 14, 15.5, 14.5], "texture": "#0"},
				"south": {"uv": [15.625, 14, 15.5, 14.5], "texture": "#0"},
				"west": {"uv": [15.625, 14, 15.5, 14.5], "texture": "#0"},
				"up": {"uv": [15.5, 14.5, 15.625, 14], "texture": "#0"},
				"down": {"uv": [15.5, 14.5, 15.625, 14], "texture": "#0"}
			}
		},
		{
			"from": [7.7975, 12.5, 7.5725],
			"to": [7.8875, 13.2947, 7.7525],
			"rotation": {"angle": 0, "axis": "y", "origin": [9.35, 13.4, 9.35]},
			"faces": {
				"north": {"uv": [15.5, 14.5, 15.625, 15], "texture": "#0"},
				"east": {"uv": [15.5, 14.5, 15.625, 15], "texture": "#0"},
				"south": {"uv": [15.5, 14.5, 15.625, 15], "texture": "#0"},
				"west": {"uv": [15.5, 14.5, 15.625, 15], "texture": "#0"},
				"up": {"uv": [15.5, 14.5, 15.625, 15], "texture": "#0"},
				"down": {"uv": [15.5, 14.5, 15.625, 15], "texture": "#0"}
			}
		},
		{
			"from": [7.7975, 12.5, 8.2475],
			"to": [7.8875, 13.2947, 8.4275],
			"rotation": {"angle": 0, "axis": "y", "origin": [9.35, 13.4, 6.65]},
			"faces": {
				"north": {"uv": [15.625, 14.5, 15.5, 15], "texture": "#0"},
				"east": {"uv": [15.625, 14.5, 15.5, 15], "texture": "#0"},
				"south": {"uv": [15.625, 14.5, 15.5, 15], "texture": "#0"},
				"west": {"uv": [15.625, 14.5, 15.5, 15], "texture": "#0"},
				"up": {"uv": [15.5, 15, 15.625, 14.5], "texture": "#0"},
				"down": {"uv": [15.5, 15, 15.625, 14.5], "texture": "#0"}
			}
		},
		{
			"from": [7.685, 12.275, 7.5725],
			"to": [7.7975, 13.5197, 7.7525],
			"rotation": {"angle": 0, "axis": "y", "origin": [9.2375, 13.4, 9.35]},
			"faces": {
				"north": {"uv": [15.5, 14.5, 15.625, 15.25], "texture": "#0"},
				"east": {"uv": [15.5, 14.5, 15.625, 15.25], "texture": "#0"},
				"south": {"uv": [15.5, 14.5, 15.625, 15.25], "texture": "#0"},
				"west": {"uv": [15.5, 14.5, 15.625, 15.25], "texture": "#0"},
				"up": {"uv": [15.5, 14.5, 15.625, 15.25], "texture": "#0"},
				"down": {"uv": [15.5, 14.5, 15.625, 15.25], "texture": "#0"}
			}
		},
		{
			"from": [7.685, 12.275, 8.2475],
			"to": [7.7975, 13.5197, 8.4275],
			"rotation": {"angle": 0, "axis": "y", "origin": [9.2375, 13.4, 6.65]},
			"faces": {
				"north": {"uv": [15.625, 14.5, 15.5, 15.25], "texture": "#0"},
				"east": {"uv": [15.625, 14.5, 15.5, 15.25], "texture": "#0"},
				"south": {"uv": [15.625, 14.5, 15.5, 15.25], "texture": "#0"},
				"west": {"uv": [15.625, 14.5, 15.5, 15.25], "texture": "#0"},
				"up": {"uv": [15.5, 15.25, 15.625, 14.5], "texture": "#0"},
				"down": {"uv": [15.5, 15.25, 15.625, 14.5], "texture": "#0"}
			}
		},
		{
			"from": [7.8875, 12.75875, 7.5725],
			"to": [8, 13.20875, 7.7525],
			"rotation": {"angle": 0, "axis": "y", "origin": [9.575, 14.525, 9.35]},
			"faces": {
				"north": {"uv": [15.5, 14.5, 15.625, 14.75], "texture": "#0"},
				"east": {"uv": [15.5, 14.5, 15.625, 14.75], "texture": "#0"},
				"south": {"uv": [15.5, 14.5, 15.625, 14.75], "texture": "#0"},
				"west": {"uv": [15.5, 14.5, 15.625, 14.75], "texture": "#0"},
				"up": {"uv": [15.5, 14.5, 15.625, 14.75], "texture": "#0"},
				"down": {"uv": [15.5, 14.5, 15.625, 14.75], "texture": "#0"}
			}
		},
		{
			"from": [7.8875, 12.75875, 8.2475],
			"to": [8, 13.20875, 8.4275],
			"rotation": {"angle": 0, "axis": "y", "origin": [9.575, 14.525, 6.65]},
			"faces": {
				"north": {"uv": [15.625, 14.5, 15.5, 14.75], "texture": "#0"},
				"east": {"uv": [15.625, 14.5, 15.5, 14.75], "texture": "#0"},
				"south": {"uv": [15.625, 14.5, 15.5, 14.75], "texture": "#0"},
				"west": {"uv": [15.625, 14.5, 15.5, 14.75], "texture": "#0"},
				"up": {"uv": [15.5, 14.75, 15.625, 14.5], "texture": "#0"},
				"down": {"uv": [15.5, 14.75, 15.625, 14.5], "texture": "#0"}
			}
		},
		{
			"from": [7.80568, 13.1701, 8.2475],
			"to": [7.91818, 13.9936, 8.4275],
			"rotation": {"angle": 22.5, "axis": "z", "origin": [7.86193, 13.3951, 8]},
			"faces": {
				"north": {"uv": [15.5, 14, 15.625, 14.5], "texture": "#0"},
				"east": {"uv": [15.5, 15, 15.625, 15.5], "texture": "#0"},
				"south": {"uv": [15.5, 14, 15.625, 14.5], "texture": "#0"},
				"west": {"uv": [15.5, 14, 15.625, 14.5], "texture": "#0"},
				"up": {"uv": [15.5, 14, 15.625, 14.5], "texture": "#0"},
				"down": {"uv": [15.5, 14, 15.625, 14.5], "texture": "#0"}
			}
		},
		{
			"from": [7.80568, 13.1701, 7.5725],
			"to": [7.91818, 13.9936, 7.7525],
			"rotation": {"angle": 22.5, "axis": "z", "origin": [7.86193, 13.3951, 7.325]},
			"faces": {
				"north": {"uv": [15.5, 14, 15.625, 14.5], "texture": "#0"},
				"east": {"uv": [15.5, 14.5, 15.625, 15], "texture": "#0"},
				"south": {"uv": [15.5, 14, 15.625, 14.5], "texture": "#0"},
				"west": {"uv": [15.5, 14, 15.625, 14.5], "texture": "#0"},
				"up": {"uv": [15.5, 14, 15.625, 14.5], "texture": "#0"},
				"down": {"uv": [15.5, 14, 15.625, 14.5], "texture": "#0"}
			}
		},
		{
			"from": [7.8875, 11.6, 7.56125],
			"to": [8.05625, 11.65625, 8.43875],
			"rotation": {"angle": 0, "axis": "y", "origin": [9.4625, 13.4, 9.35]},
			"faces": {
				"north": {"uv": [15.5, 15.5, 15.625, 15.625], "texture": "#0"},
				"east": {"uv": [15.5, 15.5, 15.625, 15.625], "texture": "#0"},
				"south": {"uv": [15.5, 15.5, 15.625, 15.625], "texture": "#0"},
				"west": {"uv": [15.5, 15.5, 15.625, 15.625], "texture": "#0"},
				"up": {"uv": [15.5, 15.5, 15.625, 15.625], "texture": "#0"},
				"down": {"uv": [15.5, 15.5, 15.625, 15.625], "texture": "#0"}
			}
		},
		{
			"from": [8.05625, 11.6, 7.56125],
			"to": [8.4275, 12.21875, 8.43875],
			"rotation": {"angle": 0, "axis": "y", "origin": [9.40625, 13.4, 9.35]},
			"faces": {
				"north": {"uv": [15.5, 14.5, 15.75, 14.875], "texture": "#0"},
				"east": {"uv": [15.5, 14.5, 16, 14.875], "texture": "#0"},
				"south": {"uv": [15.5, 14.5, 15.75, 14.875], "texture": "#0"},
				"west": {"uv": [15.5, 14.5, 15.75, 14.875], "texture": "#0"},
				"up": {"uv": [15.5, 14.5, 15.75, 14.875], "texture": "#0"},
				"down": {"uv": [15.5, 14.5, 15.75, 14.875], "texture": "#0"}
			}
		},
		{
			"from": [7.8875, 11.65625, 7.595],
			"to": [8.05625, 12.21875, 8.405],
			"rotation": {"angle": 0, "axis": "y", "origin": [9.2375, 13.4, 9.35]},
			"faces": {
				"north": {"uv": [9.5, 8.5, 10, 9], "texture": "#0"},
				"east": {"uv": [9.5, 8.5, 10, 9], "texture": "#0"},
				"south": {"uv": [9.5, 8.5, 10, 9], "texture": "#0"},
				"west": {"uv": [9.5, 8.5, 10, 9], "texture": "#0"},
				"up": {"uv": [9.5, 8.5, 10, 9], "texture": "#0"},
				"down": {"uv": [9.5, 8.5, 10, 9], "texture": "#0"}
			}
		},
		{
			"from": [7.6625, 11.6, 7.55],
			"to": [7.775, 12.21875, 8.45],
			"rotation": {"angle": 0, "axis": "y", "origin": [7.74688, 11.76875, 8]},
			"faces": {
				"north": {"uv": [2, 10, 2.5, 10.5], "texture": "#0"},
				"east": {"uv": [2.5, 10, 3, 10.5], "texture": "#0"},
				"south": {"uv": [3, 10, 3.5, 10.5], "texture": "#0"},
				"west": {"uv": [3.5, 10, 4, 10.5], "texture": "#0"},
				"up": {"uv": [4.5, 10.5, 4, 10], "texture": "#0"},
				"down": {"uv": [5, 10, 4.5, 10.5], "texture": "#0"}
			}
		},
		{
			"from": [8.33681, 13.07042, 7.55],
			"to": [8.44931, 13.22792, 8.45],
			"rotation": {"angle": 0, "axis": "y", "origin": [8.42118, 11.88917, 8]},
			"faces": {
				"north": {"uv": [5, 10, 5.5, 10.5], "texture": "#0"},
				"east": {"uv": [5.5, 10, 6, 10.5], "texture": "#0"},
				"south": {"uv": [6, 10, 6.5, 10.5], "texture": "#0"},
				"west": {"uv": [6.5, 10, 7, 10.5], "texture": "#0"},
				"up": {"uv": [7.5, 10.5, 7, 10], "texture": "#0"},
				"down": {"uv": [8, 10, 7.5, 10.5], "texture": "#0"}
			}
		},
		{
			"from": [7.775, 12.21875, 7.56125],
			"to": [8.4275, 12.4775, 8.43875],
			"rotation": {"angle": 0, "axis": "y", "origin": [7.85938, 11.0375, 8.01125]},
			"faces": {
				"north": {"uv": [15.5, 15.0625, 15.9375, 15.25], "texture": "#0"},
				"east": {"uv": [15.5, 15.0625, 16, 15.25], "texture": "#0"},
				"south": {"uv": [15.5, 15.0625, 15.9375, 15.25], "texture": "#0"},
				"west": {"uv": [15.5, 15.0625, 15.9375, 15.25], "texture": "#0"},
				"up": {"uv": [15.5, 15.0625, 15.9375, 15.25], "texture": "#0"},
				"down": {"uv": [15.5, 15.0625, 15.9375, 15.25], "texture": "#0"}
			}
		},
		{
			"from": [7.71875, 13.175, 7.71875],
			"to": [8.28125, 13.34375, 8.28125],
			"rotation": {"angle": 0, "axis": "y", "origin": [9.32188, 13.265, 8.01125]},
			"faces": {
				"north": {"uv": [10, 0.5, 10.5, 1], "texture": "#0"},
				"east": {"uv": [10, 1, 10.5, 1.5], "texture": "#0"},
				"south": {"uv": [10, 1.5, 10.5, 2], "texture": "#0"},
				"west": {"uv": [10, 2, 10.5, 2.5], "texture": "#0"},
				"up": {"uv": [10.5, 3, 10, 2.5], "texture": "#0"},
				"down": {"uv": [10.5, 3, 10, 3.5], "texture": "#0"}
			}
		},
		{
			"from": [7.76375, 11.9375, 7.76375],
			"to": [8.23625, 13.175, 8.23625],
			"rotation": {"angle": 0, "axis": "y", "origin": [9.20938, 11.9375, 8.01125]},
			"faces": {
				"north": {"uv": [10, 4.5, 10.25, 5], "texture": "#0"},
				"east": {"uv": [10, 4.5, 10.25, 5], "texture": "#0"},
				"south": {"uv": [10, 4.5, 10.25, 5], "texture": "#0"},
				"west": {"uv": [10, 4.5, 10.25, 5], "texture": "#0"},
				"up": {"uv": [10, 4.5, 10.25, 5], "texture": "#0"},
				"down": {"uv": [10, 4.5, 10.25, 5], "texture": "#0"}
			}
		},
		{
			"from": [7.8875, 12.4775, 7.56125],
			"to": [8.4275, 12.73625, 8.43875],
			"rotation": {"angle": 0, "axis": "y", "origin": [7.74688, 11.29625, 8.01125]},
			"faces": {
				"north": {"uv": [15.5, 14.9375, 15.8625, 15.09875], "texture": "#0"},
				"east": {"uv": [15.5, 14.9375, 16, 15.09875], "texture": "#0"},
				"south": {"uv": [15.5, 14.9375, 15.8625, 15.09875], "texture": "#0"},
				"west": {"uv": [15.5, 14.9375, 15.8625, 15.09875], "texture": "#0"},
				"up": {"uv": [15.5, 14.9375, 15.8625, 15.09875], "texture": "#0"},
				"down": {"uv": [15.5, 14.9375, 15.8625, 15.09875], "texture": "#0"}
			}
		},
		{
			"from": [8.09, 12.73625, 7.56125],
			"to": [8.4275, 12.96125, 8.43875],
			"rotation": {"angle": 0, "axis": "y", "origin": [7.72438, 11.555, 8.01125]},
			"faces": {
				"north": {"uv": [15.5, 15, 15.75, 15.125], "texture": "#0"},
				"east": {"uv": [15.5, 15, 16, 15.125], "texture": "#0"},
				"south": {"uv": [15.5, 15, 15.75, 15.125], "texture": "#0"},
				"west": {"uv": [15.5, 15, 15.75, 15.125], "texture": "#0"},
				"up": {"uv": [15.5, 15, 15.75, 15.125], "texture": "#0"},
				"down": {"uv": [15.5, 15, 15.75, 15.125], "texture": "#0"}
			}
		},
		{
			"from": [7.9775, 12.73625, 7.56125],
			"to": [8.09, 12.84875, 8.43875],
			"rotation": {"angle": 0, "axis": "y", "origin": [7.61188, 11.555, 8.01125]},
			"faces": {
				"north": {"uv": [15, 15, 15.5, 15.5], "texture": "#0"},
				"east": {"uv": [15, 15, 15.5, 15.5], "texture": "#0"},
				"south": {"uv": [15, 15, 15.5, 15.5], "texture": "#0"},
				"west": {"uv": [15, 15, 15.5, 15.5], "texture": "#0"},
				"up": {"uv": [15, 15, 15.5, 15.5], "texture": "#0"},
				"down": {"uv": [15, 15, 15.5, 15.5], "texture": "#0"}
			}
		},
		{
			"from": [8.2025, 12.96125, 7.56125],
			"to": [8.4275, 13.07375, 8.43875],
			"rotation": {"angle": 0, "axis": "y", "origin": [7.83688, 11.78, 8.01125]},
			"faces": {
				"north": {"uv": [15.4375, 15, 15.6875, 15.0625], "texture": "#0"},
				"east": {"uv": [15.5, 14.5, 16, 14.5625], "texture": "#0"},
				"south": {"uv": [15.5, 15, 15.75, 15.0625], "texture": "#0"},
				"west": {"uv": [15.5, 15, 15.75, 15.0625], "texture": "#0"},
				"up": {"uv": [15.5, 15, 15.75, 15.0625], "texture": "#0"},
				"down": {"uv": [15.5, 15, 15.75, 15.0625], "texture": "#0"}
			}
		},
		{
			"from": [7.77661, 12.17367, 7.55],
			"to": [7.88911, 12.79242, 8.45],
			"rotation": {"angle": -22.5, "axis": "z", "origin": [7.83286, 12.48305, 8]},
			"faces": {
				"north": {"uv": [10.5, 0.5, 11, 1], "texture": "#0"},
				"east": {"uv": [10.5, 1, 11, 1.5], "texture": "#0"},
				"south": {"uv": [10.5, 1.5, 11, 2], "texture": "#0"},
				"west": {"uv": [10.5, 2, 11, 2.5], "texture": "#0"},
				"up": {"uv": [11, 3, 10.5, 2.5], "texture": "#0"},
				"down": {"uv": [11, 3, 10.5, 3.5], "texture": "#0"}
			}
		},
		{
			"from": [8.10157, 12.66001, 7.55],
			"to": [8.21407, 13.27876, 7.775],
			"rotation": {"angle": -45, "axis": "z", "origin": [8.15782, 12.96939, 8]},
			"faces": {
				"north": {"uv": [10.5, 3.5, 11, 4], "texture": "#0"},
				"east": {"uv": [10.5, 4, 11, 4.5], "texture": "#0"},
				"south": {"uv": [10.5, 4.5, 11, 5], "texture": "#0"},
				"west": {"uv": [10.5, 5, 11, 5.5], "texture": "#0"},
				"up": {"uv": [11, 6, 10.5, 5.5], "texture": "#0"},
				"down": {"uv": [11, 6, 10.5, 6.5], "texture": "#0"}
			}
		},
		{
			"from": [8.10157, 12.66001, 8.225],
			"to": [8.21407, 13.27876, 8.45],
			"rotation": {"angle": -45, "axis": "z", "origin": [8.15782, 12.96939, 8]},
			"faces": {
				"north": {"uv": [10.5, 6.5, 11, 7], "texture": "#0"},
				"east": {"uv": [10.5, 7, 11, 7.5], "texture": "#0"},
				"south": {"uv": [10.5, 7.5, 11, 8], "texture": "#0"},
				"west": {"uv": [10.5, 8, 11, 8.5], "texture": "#0"},
				"up": {"uv": [11, 9, 10.5, 8.5], "texture": "#0"},
				"down": {"uv": [11, 9, 10.5, 9.5], "texture": "#0"}
			}
		},
		{
			"from": [7.55, 8.675, 7.55],
			"to": [8.45, 9.8, 8.45],
			"rotation": {"angle": 0, "axis": "y", "origin": [9.9125, 10.475, 6.0875]},
			"faces": {
				"north": {"uv": [10.5, 9.5, 11, 10], "texture": "#0"},
				"east": {"uv": [10.5, 10, 11, 10.5], "texture": "#0"},
				"south": {"uv": [0, 11, 0.5, 11.5], "texture": "#0"},
				"west": {"uv": [0.5, 11, 1, 11.5], "texture": "#0"},
				"up": {"uv": [1.5, 11.5, 1, 11], "texture": "#0"},
				"down": {"uv": [2, 11, 1.5, 11.5], "texture": "#0"}
			}
		},
		{
			"from": [7.55, 10.25, 7.55],
			"to": [8, 11.6, 8.45],
			"rotation": {"angle": 0, "axis": "y", "origin": [9.9125, 12.05, 6.0875]},
			"faces": {
				"north": {"uv": [3, 11, 3.25, 11.75], "texture": "#0"},
				"east": {"uv": [3, 11, 3.25, 11.75], "texture": "#0"},
				"south": {"uv": [3, 11, 3.25, 11.75], "texture": "#0"},
				"west": {"uv": [3, 11, 3.5, 11.75], "texture": "#0"},
				"up": {"uv": [3, 11, 3.25, 11.75], "texture": "#0"},
				"down": {"uv": [3, 11, 3.25, 11.75], "texture": "#0"}
			}
		},
		{
			"from": [8, 11.15, 7.55],
			"to": [8.3375, 11.6, 8.45],
			"rotation": {"angle": 0, "axis": "y", "origin": [10.3625, 11.825, 6.0875]},
			"faces": {
				"north": {"uv": [5, 11, 5.5, 11.5], "texture": "#0"},
				"east": {"uv": [5.5, 11, 6, 11.5], "texture": "#0"},
				"south": {"uv": [6, 11, 6.5, 11.5], "texture": "#0"},
				"west": {"uv": [6.5, 11, 7, 11.5], "texture": "#0"},
				"up": {"uv": [7.5, 11.5, 7, 11], "texture": "#0"},
				"down": {"uv": [8, 11, 7.5, 11.5], "texture": "#0"}
			}
		},
		{
			"from": [8, 10.86875, 7.55],
			"to": [8.3375, 10.98125, 8.45],
			"rotation": {"angle": 0, "axis": "y", "origin": [10.3625, 11.375, 6.0875]},
			"faces": {
				"north": {"uv": [8, 11, 8.5, 11.5], "texture": "#0"},
				"east": {"uv": [8.5, 11, 9, 11.5], "texture": "#0"},
				"south": {"uv": [9, 11, 9.5, 11.5], "texture": "#0"},
				"west": {"uv": [9.5, 11, 10, 11.5], "texture": "#0"},
				"up": {"uv": [10.5, 11.5, 10, 11], "texture": "#0"},
				"down": {"uv": [11, 11, 10.5, 11.5], "texture": "#0"}
			}
		},
		{
			"from": [8, 10.25, 7.55],
			"to": [8.3375, 10.7, 8.45],
			"rotation": {"angle": 0, "axis": "y", "origin": [10.3625, 10.925, 6.0875]},
			"faces": {
				"north": {"uv": [11, 11, 11.5, 11.5], "texture": "#0"},
				"east": {"uv": [11, 0, 11.5, 0.5], "texture": "#0"},
				"south": {"uv": [11, 0.5, 11.5, 1], "texture": "#0"},
				"west": {"uv": [11, 1, 11.5, 1.5], "texture": "#0"},
				"up": {"uv": [11.5, 2, 11, 1.5], "texture": "#0"},
				"down": {"uv": [11.5, 2, 11, 2.5], "texture": "#0"}
			}
		},
		{
			"from": [8.3375, 10.25, 7.55],
			"to": [8.45, 11.6, 8.45],
			"rotation": {"angle": 0, "axis": "y", "origin": [10.7, 12.05, 6.0875]},
			"faces": {
				"north": {"uv": [11, 3.5, 11.125, 4], "texture": "#0"},
				"east": {"uv": [11, 3.5, 11.5, 4], "texture": "#0"},
				"south": {"uv": [11, 3.5, 11.125, 4], "texture": "#0"},
				"west": {"uv": [11, 3.5, 11.125, 4], "texture": "#0"},
				"up": {"uv": [11, 3.5, 11.125, 4], "texture": "#0"},
				"down": {"uv": [11, 3.5, 11.125, 4], "texture": "#0"}
			}
		},
		{
			"from": [8, 10.7, 7.595],
			"to": [8.3375, 11.15, 8.405],
			"rotation": {"angle": 0, "axis": "y", "origin": [9.6875, 12.05, 6.0875]},
			"faces": {
				"north": {"uv": [11, 5.5, 11.5, 6], "texture": "#0"},
				"east": {"uv": [11, 5.5, 11.5, 6], "texture": "#0"},
				"south": {"uv": [11, 5.5, 11.5, 6], "texture": "#0"},
				"west": {"uv": [11, 5.5, 11.5, 6], "texture": "#0"},
				"up": {"uv": [11, 5.5, 11.5, 6], "texture": "#0"},
				"down": {"uv": [11, 5.5, 11.5, 6], "texture": "#0"}
			}
		},
		{
			"from": [7.33625, 11.15, 7.8875],
			"to": [7.505, 11.375, 8.1125],
			"rotation": {"angle": 0, "axis": "y", "origin": [9.0125, 12.5, 6.3125]},
			"faces": {
				"north": {"uv": [11, 10, 11.5, 10.5], "texture": "#0"},
				"east": {"uv": [11, 10, 11.5, 10.5], "texture": "#0"},
				"south": {"uv": [11, 10, 11.5, 10.5], "texture": "#0"},
				"west": {"uv": [11, 10, 11.5, 10.5], "texture": "#0"},
				"up": {"uv": [11, 10, 11.5, 10.5], "texture": "#0"},
				"down": {"uv": [11, 10, 11.5, 10.5], "texture": "#0"}
			}
		},
		{
			"from": [7.505, 11.1725, 7.91],
			"to": [7.55, 11.3525, 8.09],
			"rotation": {"angle": 0, "axis": "y", "origin": [9.18125, 12.5, 6.3125]},
			"faces": {
				"north": {"uv": [0.5, 11.5, 1, 12], "texture": "#0"},
				"east": {"uv": [0.5, 11.5, 1, 12], "texture": "#0"},
				"south": {"uv": [0.5, 11.5, 1, 12], "texture": "#0"},
				"west": {"uv": [0.5, 11.5, 1, 12], "texture": "#0"},
				"up": {"uv": [0.5, 11.5, 1, 12], "texture": "#0"},
				"down": {"uv": [0.5, 11.5, 1, 12], "texture": "#0"}
			}
		},
		{
			"from": [7.5612, 9.8, 7.5612],
			"to": [8.4387, 10.25, 8.4387],
			"rotation": {"angle": 0, "axis": "y", "origin": [9.9125, 11.6, 6.0875]},
			"faces": {
				"north": {"uv": [15.5, 15, 16, 15.25], "texture": "#0"},
				"east": {"uv": [15.5, 15, 16, 15.25], "texture": "#0"},
				"south": {"uv": [15.5, 15, 16, 15.25], "texture": "#0"},
				"west": {"uv": [15.5, 15, 16, 15.25], "texture": "#0"},
				"up": {"uv": [15.5, 15, 16, 15.25], "texture": "#0"},
				"down": {"uv": [15.5, 15, 16, 15.25], "texture": "#0"}
			}
		},
		{
			"from": [7.83125, 9.85625, 7.3925],
			"to": [8.16875, 10.19375, 7.56125],
			"rotation": {"angle": 0, "axis": "y", "origin": [10.1375, 11.6, 5.1875]},
			"faces": {
				"north": {"uv": [12, 15.5, 12.25, 15.75], "texture": "#0"},
				"east": {"uv": [12, 15.5, 12.125, 15.75], "texture": "#0"},
				"south": {"uv": [12, 15.5, 12.125, 15.75], "texture": "#0"},
				"west": {"uv": [12, 15.5, 12.125, 15.75], "texture": "#0"},
				"up": {"uv": [12, 15.5, 12.25, 15.625], "texture": "#0"},
				"down": {"uv": [12, 15.5, 12.25, 15.625], "texture": "#0"}
			}
		},
		{
			"from": [7.7525, 8.52875, 7.55],
			"to": [7.92125, 8.6975, 8.45],
			"rotation": {"angle": 45, "axis": "z", "origin": [7.83688, 8.61313, 8]},
			"faces": {
				"north": {"uv": [9.5, 11.5, 10, 12], "texture": "#0"},
				"east": {"uv": [10, 11.5, 10.5, 12], "texture": "#0"},
				"south": {"uv": [10.5, 11.5, 11, 12], "texture": "#0"},
				"west": {"uv": [11, 11.5, 11.5, 12], "texture": "#0"},
				"up": {"uv": [12, 12, 11.5, 11.5], "texture": "#0"},
				"down": {"uv": [12, 0, 11.5, 0.5], "texture": "#0"}
			}
		},
		{
			"from": [7.76632, 8.60614, 7.55],
			"to": [8.10382, 8.71864, 8.45],
			"rotation": {"angle": 22.5, "axis": "z", "origin": [7.93507, 8.66239, 8]},
			"faces": {
				"north": {"uv": [11.5, 0.5, 12, 1], "texture": "#0"},
				"east": {"uv": [11.5, 1, 12, 1.5], "texture": "#0"},
				"south": {"uv": [11.5, 1.5, 12, 2], "texture": "#0"},
				"west": {"uv": [11.5, 2, 12, 2.5], "texture": "#0"},
				"up": {"uv": [12, 3, 11.5, 2.5], "texture": "#0"},
				"down": {"uv": [12, 3, 11.5, 3.5], "texture": "#0"}
			}
		},
		{
			"from": [7.73136, 8.34618, 7.55],
			"to": [7.84386, 8.68368, 8.45],
			"rotation": {"angle": -22.5, "axis": "z", "origin": [7.78761, 8.51493, 8]},
			"faces": {
				"north": {"uv": [11.5, 3.5, 12, 4], "texture": "#0"},
				"east": {"uv": [11.5, 4, 12, 4.5], "texture": "#0"},
				"south": {"uv": [11.5, 4.5, 12, 5], "texture": "#0"},
				"west": {"uv": [11.5, 5, 12, 5.5], "texture": "#0"},
				"up": {"uv": [12, 6, 11.5, 5.5], "texture": "#0"},
				"down": {"uv": [12, 6, 11.5, 6.5], "texture": "#0"}
			}
		},
		{
			"from": [7.55, 8.0225, 7.55],
			"to": [7.775, 8.675, 8.45],
			"rotation": {"angle": 0, "axis": "y", "origin": [9.9125, 10.0475, 6.0875]},
			"faces": {
				"north": {"uv": [11.5, 6.5, 12, 7], "texture": "#0"},
				"east": {"uv": [11.5, 7, 12, 7.5], "texture": "#0"},
				"south": {"uv": [11.5, 7.5, 12, 8], "texture": "#0"},
				"west": {"uv": [11.5, 8, 12, 8.5], "texture": "#0"},
				"up": {"uv": [12, 9, 11.5, 8.5], "texture": "#0"},
				"down": {"uv": [12, 9, 11.5, 9.5], "texture": "#0"}
			}
		},
		{
			"from": [7.775, 3.78125, 7.56125],
			"to": [7.8875, 4.4, 8.43875],
			"rotation": {"angle": 0, "axis": "y", "origin": [9.35, 2.6, 9.35]},
			"faces": {
				"north": {"uv": [15.5, 15.875, 15.625, 15.5], "texture": "#0"},
				"east": {"uv": [15.5, 15.875, 15.625, 15.5], "texture": "#0"},
				"south": {"uv": [15.5, 15.875, 15.625, 15.5], "texture": "#0"},
				"west": {"uv": [15.5, 15.875, 15.625, 15.5], "texture": "#0"},
				"up": {"uv": [15.5, 15.875, 15.625, 15.5], "texture": "#0"},
				"down": {"uv": [15.5, 15.875, 15.625, 15.5], "texture": "#0"}
			}
		},
		{
			"from": [7.5725, 2.0303, 7.5725],
			"to": [7.685, 4.4, 8.4275],
			"rotation": {"angle": 0, "axis": "y", "origin": [9.125, 2.6, 9.35]},
			"faces": {
				"north": {"uv": [15.5, 15.875, 15.625, 14.375], "texture": "#0"},
				"east": {"uv": [15.5, 16, 16, 14.5], "texture": "#0"},
				"south": {"uv": [15.5, 15.875, 15.625, 14.375], "texture": "#0"},
				"west": {"uv": [15.5, 16, 16, 14.5], "texture": "#0"},
				"up": {"uv": [15.5, 16, 16, 14.5], "texture": "#0"},
				"down": {"uv": [15.5, 15, 15.625, 14.5], "texture": "#0"}
			}
		},
		{
			"from": [7.7975, 2.5856, 7.5725],
			"to": [7.8425, 2.7053, 7.7525],
			"rotation": {"angle": 0, "axis": "y", "origin": [9.35, 1.8053, 9.35]},
			"faces": {
				"north": {"uv": [15.5, 14.5, 15.625, 14], "texture": "#0"},
				"east": {"uv": [15.5, 14.5, 15.625, 14], "texture": "#0"},
				"south": {"uv": [15.5, 14.5, 15.625, 14], "texture": "#0"},
				"west": {"uv": [15.5, 14.5, 15.625, 14], "texture": "#0"},
				"up": {"uv": [15.5, 14.5, 15.625, 14], "texture": "#0"},
				"down": {"uv": [15.5, 14.5, 15.625, 14], "texture": "#0"}
			}
		},
		{
			"from": [7.7975, 2.5856, 8.2475],
			"to": [7.8425, 2.7053, 8.4275],
			"rotation": {"angle": 0, "axis": "y", "origin": [9.35, 1.8053, 6.65]},
			"faces": {
				"north": {"uv": [15.625, 14.5, 15.5, 14], "texture": "#0"},
				"east": {"uv": [15.625, 14.5, 15.5, 14], "texture": "#0"},
				"south": {"uv": [15.625, 14.5, 15.5, 14], "texture": "#0"},
				"west": {"uv": [15.625, 14.5, 15.5, 14], "texture": "#0"},
				"up": {"uv": [15.5, 14, 15.625, 14.5], "texture": "#0"},
				"down": {"uv": [15.5, 14, 15.625, 14.5], "texture": "#0"}
			}
		},
		{
			"from": [7.685, 2.3228, 7.5725],
			"to": [7.7525, 2.4803, 7.7525],
			"rotation": {"angle": 0, "axis": "y", "origin": [9.2375, 1.5803, 9.35]},
			"faces": {
				"north": {"uv": [15.5, 14.5, 15.625, 14], "texture": "#0"},
				"east": {"uv": [15.5, 14.5, 15.625, 14], "texture": "#0"},
				"south": {"uv": [15.5, 14.5, 15.625, 14], "texture": "#0"},
				"west": {"uv": [15.5, 14.5, 15.625, 14], "texture": "#0"},
				"up": {"uv": [15.5, 14.5, 15.625, 14], "texture": "#0"},
				"down": {"uv": [15.5, 14.5, 15.625, 14], "texture": "#0"}
			}
		},
		{
			"from": [7.685, 2.3228, 8.2475],
			"to": [7.7525, 2.4803, 8.4275],
			"rotation": {"angle": 0, "axis": "y", "origin": [9.2375, 1.5803, 6.65]},
			"faces": {
				"north": {"uv": [15.625, 14.5, 15.5, 14], "texture": "#0"},
				"east": {"uv": [15.625, 14.5, 15.5, 14], "texture": "#0"},
				"south": {"uv": [15.625, 14.5, 15.5, 14], "texture": "#0"},
				"west": {"uv": [15.625, 14.5, 15.5, 14], "texture": "#0"},
				"up": {"uv": [15.5, 14, 15.625, 14.5], "texture": "#0"},
				"down": {"uv": [15.5, 14, 15.625, 14.5], "texture": "#0"}
			}
		},
		{
			"from": [7.7975, 2.7053, 7.5725],
			"to": [7.8875, 3.5, 7.7525],
			"rotation": {"angle": 0, "axis": "y", "origin": [9.35, 2.6, 9.35]},
			"faces": {
				"north": {"uv": [15.5, 15, 15.625, 14.5], "texture": "#0"},
				"east": {"uv": [15.5, 15, 15.625, 14.5], "texture": "#0"},
				"south": {"uv": [15.5, 15, 15.625, 14.5], "texture": "#0"},
				"west": {"uv": [15.5, 15, 15.625, 14.5], "texture": "#0"},
				"up": {"uv": [15.5, 15, 15.625, 14.5], "texture": "#0"},
				"down": {"uv": [15.5, 15, 15.625, 14.5], "texture": "#0"}
			}
		},
		{
			"from": [7.7975, 2.7053, 8.2475],
			"to": [7.8875, 3.5, 8.4275],
			"rotation": {"angle": 0, "axis": "y", "origin": [9.35, 2.6, 6.65]},
			"faces": {
				"north": {"uv": [15.625, 15, 15.5, 14.5], "texture": "#0"},
				"east": {"uv": [15.625, 15, 15.5, 14.5], "texture": "#0"},
				"south": {"uv": [15.625, 15, 15.5, 14.5], "texture": "#0"},
				"west": {"uv": [15.625, 15, 15.5, 14.5], "texture": "#0"},
				"up": {"uv": [15.5, 14.5, 15.625, 15], "texture": "#0"},
				"down": {"uv": [15.5, 14.5, 15.625, 15], "texture": "#0"}
			}
		},
		{
			"from": [7.685, 2.4803, 7.5725],
			"to": [7.7975, 3.725, 7.7525],
			"rotation": {"angle": 0, "axis": "y", "origin": [9.2375, 2.6, 9.35]},
			"faces": {
				"north": {"uv": [15.5, 15.25, 15.625, 14.5], "texture": "#0"},
				"east": {"uv": [15.5, 15.25, 15.625, 14.5], "texture": "#0"},
				"south": {"uv": [15.5, 15.25, 15.625, 14.5], "texture": "#0"},
				"west": {"uv": [15.5, 15.25, 15.625, 14.5], "texture": "#0"},
				"up": {"uv": [15.5, 15.25, 15.625, 14.5], "texture": "#0"},
				"down": {"uv": [15.5, 15.25, 15.625, 14.5], "texture": "#0"}
			}
		},
		{
			"from": [7.685, 2.4803, 8.2475],
			"to": [7.7975, 3.725, 8.4275],
			"rotation": {"angle": 0, "axis": "y", "origin": [9.2375, 2.6, 6.65]},
			"faces": {
				"north": {"uv": [15.625, 15.25, 15.5, 14.5], "texture": "#0"},
				"east": {"uv": [15.625, 15.25, 15.5, 14.5], "texture": "#0"},
				"south": {"uv": [15.625, 15.25, 15.5, 14.5], "texture": "#0"},
				"west": {"uv": [15.625, 15.25, 15.5, 14.5], "texture": "#0"},
				"up": {"uv": [15.5, 14.5, 15.625, 15.25], "texture": "#0"},
				"down": {"uv": [15.5, 14.5, 15.625, 15.25], "texture": "#0"}
			}
		},
		{
			"from": [7.8875, 2.79125, 7.5725],
			"to": [8, 3.24125, 7.7525],
			"rotation": {"angle": 0, "axis": "y", "origin": [9.575, 1.475, 9.35]},
			"faces": {
				"north": {"uv": [15.5, 14.75, 15.625, 14.5], "texture": "#0"},
				"east": {"uv": [15.5, 14.75, 15.625, 14.5], "texture": "#0"},
				"south": {"uv": [15.5, 14.75, 15.625, 14.5], "texture": "#0"},
				"west": {"uv": [15.5, 14.75, 15.625, 14.5], "texture": "#0"},
				"up": {"uv": [15.5, 14.75, 15.625, 14.5], "texture": "#0"},
				"down": {"uv": [15.5, 14.75, 15.625, 14.5], "texture": "#0"}
			}
		},
		{
			"from": [7.8875, 2.79125, 8.2475],
			"to": [8, 3.24125, 8.4275],
			"rotation": {"angle": 0, "axis": "y", "origin": [9.575, 1.475, 6.65]},
			"faces": {
				"north": {"uv": [15.625, 14.75, 15.5, 14.5], "texture": "#0"},
				"east": {"uv": [15.625, 14.75, 15.5, 14.5], "texture": "#0"},
				"south": {"uv": [15.625, 14.75, 15.5, 14.5], "texture": "#0"},
				"west": {"uv": [15.625, 14.75, 15.5, 14.5], "texture": "#0"},
				"up": {"uv": [15.5, 14.5, 15.625, 14.75], "texture": "#0"},
				"down": {"uv": [15.5, 14.5, 15.625, 14.75], "texture": "#0"}
			}
		},
		{
			"from": [7.80568, 2.0064, 8.2475],
			"to": [7.91818, 2.8299, 8.4275],
			"rotation": {"angle": -22.5, "axis": "z", "origin": [7.86193, 2.6049, 8]},
			"faces": {
				"north": {"uv": [15.5, 14.5, 15.625, 14], "texture": "#0"},
				"east": {"uv": [15.5, 15.5, 15.625, 15], "texture": "#0"},
				"south": {"uv": [15.5, 14.5, 15.625, 14], "texture": "#0"},
				"west": {"uv": [15.5, 14.5, 15.625, 14], "texture": "#0"},
				"up": {"uv": [15.5, 14.5, 15.625, 14], "texture": "#0"},
				"down": {"uv": [15.5, 14.5, 15.625, 14], "texture": "#0"}
			}
		},
		{
			"from": [7.80568, 2.0064, 7.5725],
			"to": [7.91818, 2.8299, 7.7525],
			"rotation": {"angle": -22.5, "axis": "z", "origin": [7.86193, 2.6049, 7.325]},
			"faces": {
				"north": {"uv": [15.5, 14.5, 15.625, 14], "texture": "#0"},
				"east": {"uv": [15.5, 15, 15.625, 14.5], "texture": "#0"},
				"south": {"uv": [15.5, 14.5, 15.625, 14], "texture": "#0"},
				"west": {"uv": [15.5, 14.5, 15.625, 14], "texture": "#0"},
				"up": {"uv": [15.5, 14.5, 15.625, 14], "texture": "#0"},
				"down": {"uv": [15.5, 14.5, 15.625, 14], "texture": "#0"}
			}
		},
		{
			"from": [7.8875, 4.34375, 7.56125],
			"to": [8.05625, 4.4, 8.43875],
			"rotation": {"angle": 0, "axis": "y", "origin": [9.4625, 2.6, 9.35]},
			"faces": {
				"north": {"uv": [15.5, 15.625, 15.625, 15.5], "texture": "#0"},
				"east": {"uv": [15.5, 15.625, 15.625, 15.5], "texture": "#0"},
				"south": {"uv": [15.5, 15.625, 15.625, 15.5], "texture": "#0"},
				"west": {"uv": [15.5, 15.625, 15.625, 15.5], "texture": "#0"},
				"up": {"uv": [15.5, 15.625, 15.625, 15.5], "texture": "#0"},
				"down": {"uv": [15.5, 15.625, 15.625, 15.5], "texture": "#0"}
			}
		},
		{
			"from": [8.05625, 3.78125, 7.56125],
			"to": [8.4275, 4.4, 8.43875],
			"rotation": {"angle": 0, "axis": "y", "origin": [9.40625, 2.6, 9.35]},
			"faces": {
				"north": {"uv": [15.5, 14.875, 15.75, 14.5], "texture": "#0"},
				"east": {"uv": [15.5, 14.875, 16, 14.5], "texture": "#0"},
				"south": {"uv": [15.5, 14.875, 15.75, 14.5], "texture": "#0"},
				"west": {"uv": [15.5, 14.875, 15.75, 14.5], "texture": "#0"},
				"up": {"uv": [15.5, 14.875, 15.75, 14.5], "texture": "#0"},
				"down": {"uv": [15.5, 14.875, 15.75, 14.5], "texture": "#0"}
			}
		},
		{
			"from": [7.8875, 3.78125, 7.595],
			"to": [8.05625, 4.34375, 8.405],
			"rotation": {"angle": 0, "axis": "y", "origin": [9.2375, 2.6, 9.35]},
			"faces": {
				"north": {"uv": [9.5, 9, 10, 8.5], "texture": "#0"},
				"east": {"uv": [9.5, 9, 10, 8.5], "texture": "#0"},
				"south": {"uv": [9.5, 9, 10, 8.5], "texture": "#0"},
				"west": {"uv": [9.5, 9, 10, 8.5], "texture": "#0"},
				"up": {"uv": [9.5, 9, 10, 8.5], "texture": "#0"},
				"down": {"uv": [9.5, 9, 10, 8.5], "texture": "#0"}
			}
		},
		{
			"from": [7.6625, 3.78125, 7.55],
			"to": [7.775, 4.4, 8.45],
			"rotation": {"angle": 0, "axis": "y", "origin": [7.74687, 4.23125, 8]},
			"faces": {
				"north": {"uv": [2, 10.5, 2.5, 10], "texture": "#0"},
				"east": {"uv": [2.5, 10.5, 3, 10], "texture": "#0"},
				"south": {"uv": [3, 10.5, 3.5, 10], "texture": "#0"},
				"west": {"uv": [3.5, 10.5, 4, 10], "texture": "#0"},
				"up": {"uv": [5, 10.5, 4.5, 10], "texture": "#0"},
				"down": {"uv": [4.5, 10, 4, 10.5], "texture": "#0"}
			}
		},
		{
			"from": [8.33681, 2.77208, 7.55],
			"to": [8.44931, 2.92958, 8.45],
			"rotation": {"angle": 0, "axis": "y", "origin": [8.42118, 4.11083, 8]},
			"faces": {
				"north": {"uv": [5, 10.5, 5.5, 10], "texture": "#0"},
				"east": {"uv": [5.5, 10.5, 6, 10], "texture": "#0"},
				"south": {"uv": [6, 10.5, 6.5, 10], "texture": "#0"},
				"west": {"uv": [6.5, 10.5, 7, 10], "texture": "#0"},
				"up": {"uv": [8, 10.5, 7.5, 10], "texture": "#0"},
				"down": {"uv": [7.5, 10, 7, 10.5], "texture": "#0"}
			}
		},
		{
			"from": [7.775, 3.5225, 7.56125],
			"to": [8.4275, 3.78125, 8.43875],
			"rotation": {"angle": 0, "axis": "y", "origin": [7.85937, 4.9625, 8.01125]},
			"faces": {
				"north": {"uv": [15.5, 15.25, 15.9375, 15.0625], "texture": "#0"},
				"east": {"uv": [15.5, 15.25, 16, 15.0625], "texture": "#0"},
				"south": {"uv": [15.5, 15.25, 15.9375, 15.0625], "texture": "#0"},
				"west": {"uv": [15.5, 15.25, 15.9375, 15.0625], "texture": "#0"},
				"up": {"uv": [15.5, 15.25, 15.9375, 15.0625], "texture": "#0"},
				"down": {"uv": [15.5, 15.25, 15.9375, 15.0625], "texture": "#0"}
			}
		},
		{
			"from": [7.71875, 2.65625, 7.71875],
			"to": [8.28125, 2.825, 8.28125],
			"rotation": {"angle": 0, "axis": "y", "origin": [9.32187, 2.735, 8.01125]},
			"faces": {
				"north": {"uv": [10, 1, 10.5, 0.5], "texture": "#0"},
				"east": {"uv": [10, 1.5, 10.5, 1], "texture": "#0"},
				"south": {"uv": [10, 2, 10.5, 1.5], "texture": "#0"},
				"west": {"uv": [10, 2.5, 10.5, 2], "texture": "#0"},
				"up": {"uv": [10.5, 3.5, 10, 3], "texture": "#0"},
				"down": {"uv": [10.5, 2.5, 10, 3], "texture": "#0"}
			}
		},
		{
			"from": [7.76375, 2.825, 7.76375],
			"to": [8.23625, 4.0625, 8.23625],
			"rotation": {"angle": 0, "axis": "y", "origin": [9.20937, 4.0625, 8.01125]},
			"faces": {
				"north": {"uv": [10, 5, 10.25, 4.5], "texture": "#0"},
				"east": {"uv": [10, 5, 10.25, 4.5], "texture": "#0"},
				"south": {"uv": [10, 5, 10.25, 4.5], "texture": "#0"},
				"west": {"uv": [10, 5, 10.25, 4.5], "texture": "#0"},
				"up": {"uv": [10, 5, 10.25, 4.5], "texture": "#0"},
				"down": {"uv": [10, 5, 10.25, 4.5], "texture": "#0"}
			}
		},
		{
			"from": [7.8875, 3.26375, 7.56125],
			"to": [8.4275, 3.5225, 8.43875],
			"rotation": {"angle": 0, "axis": "y", "origin": [7.74687, 4.70375, 8.01125]},
			"faces": {
				"north": {"uv": [15.5, 15.09875, 15.8625, 14.9375], "texture": "#0"},
				"east": {"uv": [15.5, 15.09875, 16, 14.9375], "texture": "#0"},
				"south": {"uv": [15.5, 15.09875, 15.8625, 14.9375], "texture": "#0"},
				"west": {"uv": [15.5, 15.09875, 15.8625, 14.9375], "texture": "#0"},
				"up": {"uv": [15.5, 15.09875, 15.8625, 14.9375], "texture": "#0"},
				"down": {"uv": [15.5, 15.09875, 15.8625, 14.9375], "texture": "#0"}
			}
		},
		{
			"from": [8.09, 3.03875, 7.56125],
			"to": [8.4275, 3.26375, 8.43875],
			"rotation": {"angle": 0, "axis": "y", "origin": [7.72437, 4.445, 8.01125]},
			"faces": {
				"north": {"uv": [15.5, 15.125, 15.75, 15], "texture": "#0"},
				"east": {"uv": [15.5, 15.125, 16, 15], "texture": "#0"},
				"south": {"uv": [15.5, 15.125, 15.75, 15], "texture": "#0"},
				"west": {"uv": [15.5, 15.125, 15.75, 15], "texture": "#0"},
				"up": {"uv": [15.5, 15.125, 15.75, 15], "texture": "#0"},
				"down": {"uv": [15.5, 15.125, 15.75, 15], "texture": "#0"}
			}
		},
		{
			"from": [7.9775, 3.15125, 7.56125],
			"to": [8.09, 3.26375, 8.43875],
			"rotation": {"angle": 0, "axis": "y", "origin": [7.61188, 4.445, 8.01125]},
			"faces": {
				"north": {"uv": [15, 15.5, 15.5, 15], "texture": "#0"},
				"east": {"uv": [15, 15.5, 15.5, 15], "texture": "#0"},
				"south": {"uv": [15, 15.5, 15.5, 15], "texture": "#0"},
				"west": {"uv": [15, 15.5, 15.5, 15], "texture": "#0"},
				"up": {"uv": [15, 15.5, 15.5, 15], "texture": "#0"},
				"down": {"uv": [15, 15.5, 15.5, 15], "texture": "#0"}
			}
		},
		{
			"from": [8.2025, 2.92625, 7.56125],
			"to": [8.4275, 3.03875, 8.43875],
			"rotation": {"angle": 0, "axis": "y", "origin": [7.83688, 4.22, 8.01125]},
			"faces": {
				"north": {"uv": [15.4375, 15.0625, 15.6875, 15], "texture": "#0"},
				"east": {"uv": [15.5, 14.5625, 16, 14.5], "texture": "#0"},
				"south": {"uv": [15.5, 15.0625, 15.75, 15], "texture": "#0"},
				"west": {"uv": [15.5, 15.0625, 15.75, 15], "texture": "#0"},
				"up": {"uv": [15.5, 15.0625, 15.75, 15], "texture": "#0"},
				"down": {"uv": [15.5, 15.0625, 15.75, 15], "texture": "#0"}
			}
		},
		{
			"from": [7.77661, 3.20758, 7.55],
			"to": [7.88911, 3.82633, 8.45],
			"rotation": {"angle": 22.5, "axis": "z", "origin": [7.83286, 3.51695, 8]},
			"faces": {
				"north": {"uv": [10.5, 1, 11, 0.5], "texture": "#0"},
				"east": {"uv": [10.5, 1.5, 11, 1], "texture": "#0"},
				"south": {"uv": [10.5, 2, 11, 1.5], "texture": "#0"},
				"west": {"uv": [10.5, 2.5, 11, 2], "texture": "#0"},
				"up": {"uv": [11, 3.5, 10.5, 3], "texture": "#0"},
				"down": {"uv": [11, 2.5, 10.5, 3], "texture": "#0"}
			}
		},
		{
			"from": [8.10157, 2.72124, 7.55],
			"to": [8.21407, 3.33999, 7.775],
			"rotation": {"angle": 45, "axis": "z", "origin": [8.15782, 3.03061, 8]},
			"faces": {
				"north": {"uv": [10.5, 4, 11, 3.5], "texture": "#0"},
				"east": {"uv": [10.5, 4.5, 11, 4], "texture": "#0"},
				"south": {"uv": [10.5, 5, 11, 4.5], "texture": "#0"},
				"west": {"uv": [10.5, 5.5, 11, 5], "texture": "#0"},
				"up": {"uv": [11, 6.5, 10.5, 6], "texture": "#0"},
				"down": {"uv": [11, 5.5, 10.5, 6], "texture": "#0"}
			}
		},
		{
			"from": [8.10157, 2.72124, 8.225],
			"to": [8.21407, 3.33999, 8.45],
			"rotation": {"angle": 45, "axis": "z", "origin": [8.15782, 3.03061, 8]},
			"faces": {
				"north": {"uv": [10.5, 7, 11, 6.5], "texture": "#0"},
				"east": {"uv": [10.5, 7.5, 11, 7], "texture": "#0"},
				"south": {"uv": [10.5, 8, 11, 7.5], "texture": "#0"},
				"west": {"uv": [10.5, 8.5, 11, 8], "texture": "#0"},
				"up": {"uv": [11, 9.5, 10.5, 9], "texture": "#0"},
				"down": {"uv": [11, 8.5, 10.5, 9], "texture": "#0"}
			}
		},
		{
			"from": [7.55, 6.2, 7.55],
			"to": [8.45, 7.325, 8.45],
			"rotation": {"angle": 0, "axis": "y", "origin": [9.9125, 5.525, 6.0875]},
			"faces": {
				"north": {"uv": [10.5, 10, 11, 9.5], "texture": "#0"},
				"east": {"uv": [10.5, 10.5, 11, 10], "texture": "#0"},
				"south": {"uv": [0, 11.5, 0.5, 11], "texture": "#0"},
				"west": {"uv": [0.5, 11.5, 1, 11], "texture": "#0"},
				"up": {"uv": [2, 11.5, 1.5, 11], "texture": "#0"},
				"down": {"uv": [1.5, 11, 1, 11.5], "texture": "#0"}
			}
		},
		{
			"from": [7.55, 4.4, 7.55],
			"to": [8, 5.75, 8.45],
			"rotation": {"angle": 0, "axis": "y", "origin": [9.9125, 3.95, 6.0875]},
			"faces": {
				"north": {"uv": [3, 11.75, 3.25, 11], "texture": "#0"},
				"east": {"uv": [3, 11.75, 3.25, 11], "texture": "#0"},
				"south": {"uv": [3, 11.75, 3.25, 11], "texture": "#0"},
				"west": {"uv": [3, 11.75, 3.5, 11], "texture": "#0"},
				"up": {"uv": [3, 11.75, 3.25, 11], "texture": "#0"},
				"down": {"uv": [3, 11.75, 3.25, 11], "texture": "#0"}
			}
		},
		{
			"from": [8, 4.4, 7.55],
			"to": [8.3375, 4.85, 8.45],
			"rotation": {"angle": 0, "axis": "y", "origin": [10.3625, 4.175, 6.0875]},
			"faces": {
				"north": {"uv": [5, 11.5, 5.5, 11], "texture": "#0"},
				"east": {"uv": [5.5, 11.5, 6, 11], "texture": "#0"},
				"south": {"uv": [6, 11.5, 6.5, 11], "texture": "#0"},
				"west": {"uv": [6.5, 11.5, 7, 11], "texture": "#0"},
				"up": {"uv": [8, 11.5, 7.5, 11], "texture": "#0"},
				"down": {"uv": [7.5, 11, 7, 11.5], "texture": "#0"}
			}
		},
		{
			"from": [8, 5.01875, 7.55],
			"to": [8.3375, 5.13125, 8.45],
			"rotation": {"angle": 0, "axis": "y", "origin": [10.3625, 4.625, 6.0875]},
			"faces": {
				"north": {"uv": [8, 11.5, 8.5, 11], "texture": "#0"},
				"east": {"uv": [8.5, 11.5, 9, 11], "texture": "#0"},
				"south": {"uv": [9, 11.5, 9.5, 11], "texture": "#0"},
				"west": {"uv": [9.5, 11.5, 10, 11], "texture": "#0"},
				"up": {"uv": [11, 11.5, 10.5, 11], "texture": "#0"},
				"down": {"uv": [10.5, 11, 10, 11.5], "texture": "#0"}
			}
		},
		{
			"from": [8, 5.3, 7.55],
			"to": [8.3375, 5.75, 8.45],
			"rotation": {"angle": 0, "axis": "y", "origin": [10.3625, 5.075, 6.0875]},
			"faces": {
				"north": {"uv": [11, 11.5, 11.5, 11], "texture": "#0"},
				"east": {"uv": [11, 0.5, 11.5, 0], "texture": "#0"},
				"south": {"uv": [11, 1, 11.5, 0.5], "texture": "#0"},
				"west": {"uv": [11, 1.5, 11.5, 1], "texture": "#0"},
				"up": {"uv": [11.5, 2.5, 11, 2], "texture": "#0"},
				"down": {"uv": [11.5, 1.5, 11, 2], "texture": "#0"}
			}
		},
		{
			"from": [8.3375, 4.4, 7.55],
			"to": [8.45, 5.75, 8.45],
			"rotation": {"angle": 0, "axis": "y", "origin": [10.7, 3.95, 6.0875]},
			"faces": {
				"north": {"uv": [11, 4, 11.125, 3.5], "texture": "#0"},
				"east": {"uv": [11, 4, 11.5, 3.5], "texture": "#0"},
				"south": {"uv": [11, 4, 11.125, 3.5], "texture": "#0"},
				"west": {"uv": [11, 4, 11.125, 3.5], "texture": "#0"},
				"up": {"uv": [11, 4, 11.125, 3.5], "texture": "#0"},
				"down": {"uv": [11, 4, 11.125, 3.5], "texture": "#0"}
			}
		},
		{
			"from": [8, 4.85, 7.595],
			"to": [8.3375, 5.3, 8.405],
			"rotation": {"angle": 0, "axis": "y", "origin": [9.6875, 3.95, 6.0875]},
			"faces": {
				"north": {"uv": [11, 6, 11.5, 5.5], "texture": "#0"},
				"east": {"uv": [11, 6, 11.5, 5.5], "texture": "#0"},
				"south": {"uv": [11, 6, 11.5, 5.5], "texture": "#0"},
				"west": {"uv": [11, 6, 11.5, 5.5], "texture": "#0"},
				"up": {"uv": [11, 6, 11.5, 5.5], "texture": "#0"},
				"down": {"uv": [11, 6, 11.5, 5.5], "texture": "#0"}
			}
		},
		{
			"from": [7.33625, 4.625, 7.8875],
			"to": [7.505, 4.85, 8.1125],
			"rotation": {"angle": 0, "axis": "y", "origin": [9.0125, 3.5, 6.3125]},
			"faces": {
				"north": {"uv": [11, 10.5, 11.5, 10], "texture": "#0"},
				"east": {"uv": [11, 10.5, 11.5, 10], "texture": "#0"},
				"south": {"uv": [11, 10.5, 11.5, 10], "texture": "#0"},
				"west": {"uv": [11, 10.5, 11.5, 10], "texture": "#0"},
				"up": {"uv": [11, 10.5, 11.5, 10], "texture": "#0"},
				"down": {"uv": [11, 10.5, 11.5, 10], "texture": "#0"}
			}
		},
		{
			"from": [7.505, 4.6475, 7.91],
			"to": [7.55, 4.8275, 8.09],
			"rotation": {"angle": 0, "axis": "y", "origin": [9.18125, 3.5, 6.3125]},
			"faces": {
				"north": {"uv": [0.5, 12, 1, 11.5], "texture": "#0"},
				"east": {"uv": [0.5, 12, 1, 11.5], "texture": "#0"},
				"south": {"uv": [0.5, 12, 1, 11.5], "texture": "#0"},
				"west": {"uv": [0.5, 12, 1, 11.5], "texture": "#0"},
				"up": {"uv": [0.5, 12, 1, 11.5], "texture": "#0"},
				"down": {"uv": [0.5, 12, 1, 11.5], "texture": "#0"}
			}
		},
		{
			"from": [7.5612, 5.75, 7.5612],
			"to": [8.4387, 6.2, 8.4387],
			"rotation": {"angle": 0, "axis": "y", "origin": [9.9125, 4.4, 6.0875]},
			"faces": {
				"north": {"uv": [15.5, 15.25, 16, 15], "texture": "#0"},
				"east": {"uv": [15.5, 15.25, 16, 15], "texture": "#0"},
				"south": {"uv": [15.5, 15.25, 16, 15], "texture": "#0"},
				"west": {"uv": [15.5, 15.25, 16, 15], "texture": "#0"},
				"up": {"uv": [15.5, 15.25, 16, 15], "texture": "#0"},
				"down": {"uv": [15.5, 15.25, 16, 15], "texture": "#0"}
			}
		},
		{
			"from": [7.7525, 7.3025, 7.55],
			"to": [7.92125, 7.47125, 8.45],
			"rotation": {"angle": -45, "axis": "z", "origin": [7.83688, 7.38688, 8]},
			"faces": {
				"north": {"uv": [9.5, 12, 10, 11.5], "texture": "#0"},
				"east": {"uv": [10, 12, 10.5, 11.5], "texture": "#0"},
				"south": {"uv": [10.5, 12, 11, 11.5], "texture": "#0"},
				"west": {"uv": [11, 12, 11.5, 11.5], "texture": "#0"},
				"up": {"uv": [12, 0.5, 11.5, 0], "texture": "#0"},
				"down": {"uv": [12, 11.5, 11.5, 12], "texture": "#0"}
			}
		},
		{
			"from": [7.76632, 7.28136, 7.55],
			"to": [8.10382, 7.39386, 8.45],
			"rotation": {"angle": -22.5, "axis": "z", "origin": [7.93507, 7.33761, 8]},
			"faces": {
				"north": {"uv": [11.5, 1, 12, 0.5], "texture": "#0"},
				"east": {"uv": [11.5, 1.5, 12, 1], "texture": "#0"},
				"south": {"uv": [11.5, 2, 12, 1.5], "texture": "#0"},
				"west": {"uv": [11.5, 2.5, 12, 2], "texture": "#0"},
				"up": {"uv": [12, 3.5, 11.5, 3], "texture": "#0"},
				"down": {"uv": [12, 2.5, 11.5, 3], "texture": "#0"}
			}
		},
		{
			"from": [7.73136, 7.31632, 7.55],
			"to": [7.84386, 7.65382, 8.45],
			"rotation": {"angle": 22.5, "axis": "z", "origin": [7.78761, 7.48507, 8]},
			"faces": {
				"north": {"uv": [11.5, 4, 12, 3.5], "texture": "#0"},
				"east": {"uv": [11.5, 4.5, 12, 4], "texture": "#0"},
				"south": {"uv": [11.5, 5, 12, 4.5], "texture": "#0"},
				"west": {"uv": [11.5, 5.5, 12, 5], "texture": "#0"},
				"up": {"uv": [12, 6.5, 11.5, 6], "texture": "#0"},
				"down": {"uv": [12, 5.5, 11.5, 6], "texture": "#0"}
			}
		},
		{
			"from": [7.55, 7.325, 7.55],
			"to": [7.775, 7.9775, 8.45],
			"rotation": {"angle": 0, "axis": "y", "origin": [9.9125, 5.9525, 6.0875]},
			"faces": {
				"north": {"uv": [11.5, 7, 12, 6.5], "texture": "#0"},
				"east": {"uv": [11.5, 7.5, 12, 7], "texture": "#0"},
				"south": {"uv": [11.5, 8, 12, 7.5], "texture": "#0"},
				"west": {"uv": [11.5, 8.5, 12, 8], "texture": "#0"},
				"up": {"uv": [12, 9.5, 11.5, 9], "texture": "#0"},
				"down": {"uv": [12, 8.5, 11.5, 9], "texture": "#0"}
			}
		},
		{
			"from": [7.6625, 7.6625, 7.6625],
			"to": [8.3375, 8.3375, 8.3375],
			"rotation": {"angle": 0, "axis": "y", "origin": [9.8, 8.675, 9.575]},
			"faces": {
				"north": {"uv": [0.5, 0, 1, 0.5], "texture": "#0"},
				"east": {"uv": [1.5, 1, 2, 1.5], "texture": "#0"},
				"south": {"uv": [0, 2, 0.5, 2.5], "texture": "#0"},
				"west": {"uv": [1, 2, 1.5, 2.5], "texture": "#0"},
				"up": {"uv": [2.5, 2.5, 2, 2], "texture": "#0"},
				"down": {"uv": [2.5, 0, 2, 0.5], "texture": "#0"}
			}
		},
		{
			"from": [7.6625, 8.3375, 7.60625],
			"to": [8.39375, 8.675, 8.39375],
			"rotation": {"angle": 0, "axis": "y", "origin": [9.8, 10.25, 9.575]},
			"faces": {
				"north": {"uv": [2, 0.5, 2.5, 1], "texture": "#0"},
				"east": {"uv": [2, 1, 2.5, 1.5], "texture": "#0"},
				"south": {"uv": [2, 1.5, 2.5, 2], "texture": "#0"},
				"west": {"uv": [0, 2.5, 0.5, 3], "texture": "#0"},
				"up": {"uv": [1, 3, 0.5, 2.5], "texture": "#0"},
				"down": {"uv": [1.5, 2.5, 1, 3], "texture": "#0"}
			}
		},
		{
			"from": [7.8875, 8.39375, 7.58375],
			"to": [8.1125, 8.61875, 8.41625],
			"rotation": {"angle": 0, "axis": "y", "origin": [9.575, 10.25, 9.575]},
			"faces": {
				"north": {"uv": [0, 3, 0.5, 3.5], "texture": "#0"},
				"east": {"uv": [0, 3, 0.5, 3.5], "texture": "#0"},
				"south": {"uv": [0, 3, 0.5, 3.5], "texture": "#0"},
				"west": {"uv": [0, 3, 0.5, 3.5], "texture": "#0"},
				"up": {"uv": [0, 3, 0.5, 3.5], "texture": "#0"},
				"down": {"uv": [0, 3, 0.5, 3.5], "texture": "#0"}
			}
		},
		{
			"from": [7.8875, 7.38125, 7.58375],
			"to": [8.1125, 7.60625, 8.41625],
			"rotation": {"angle": 0, "axis": "y", "origin": [9.575, 9.125, 9.575]},
			"faces": {
				"north": {"uv": [3, 3, 3.5, 3.5], "texture": "#0"},
				"east": {"uv": [3, 3, 3.5, 3.5], "texture": "#0"},
				"south": {"uv": [3, 3, 3.5, 3.5], "texture": "#0"},
				"west": {"uv": [3, 3, 3.5, 3.5], "texture": "#0"},
				"up": {"uv": [3, 3, 3.5, 3.5], "texture": "#0"},
				"down": {"uv": [3, 3, 3.5, 3.5], "texture": "#0"}
			}
		},
		{
			"from": [7.6625, 7.325, 7.60625],
			"to": [8.39375, 7.6625, 8.39375],
			"rotation": {"angle": 0, "axis": "y", "origin": [9.8, 9.125, 9.575]},
			"faces": {
				"north": {"uv": [1.5, 2.5, 2, 3], "texture": "#0"},
				"east": {"uv": [2, 2.5, 2.5, 3], "texture": "#0"},
				"south": {"uv": [2.5, 2.5, 3, 3], "texture": "#0"},
				"west": {"uv": [2.5, 0, 3, 0.5], "texture": "#0"},
				"up": {"uv": [3, 1, 2.5, 0.5], "texture": "#0"},
				"down": {"uv": [3, 1, 2.5, 1.5], "texture": "#0"}
			}
		}
	],
	"display": {
		"thirdperson_righthand": {
			"rotation": [0, 90, 0],
			"translation": [0, -2, 1.25],
			"scale": [1.2, 1.2, 1.2]
		},
		"thirdperson_lefthand": {
			"rotation": [0, -90, 0],
			"translation": [0, -2, 1.25],
			"scale": [1.2, 1.2, 1.2]
		},
		"firstperson_righthand": {
			"rotation": [0, 90, 0],
			"translation": [0, -0.5, 0],
			"scale": [1.2, 1.2, 1.2]
		},
		"firstperson_lefthand": {
			"rotation": [0, -90, 0],
			"translation": [0, -0.5, 0],
			"scale": [1.2, 1.2, 1.2]
		},
		"ground": {
			"rotation": [24.25, 157, 84.25],
			"translation": [0, -1.75, 0],
			"scale": [1.2, 1.2, 1.2]
		},
		"gui": {
			"rotation": [0, 0, -45],
			"scale": [0.9, 0.9, 0.9]
		},
		"fixed": {
			"rotation": [0, 0, 45]
		}
	},
	"groups": [
		{
			"name": "Blades",
			"origin": [8, 8, 8],
			"children": [
				{
					"name": "Blade 1",
					"origin": [8, 8, 8],
					"children": [0, 1, 2, 3, 4, 5, 6, 7]
				},
				{
					"name": "Blade 2",
					"origin": [8, 8, 8],
					"children": [8, 9, 10, 11, 12, 13, 14, 15]
				}
			]
		},
		{
			"name": "Top Half",
			"origin": [8, 8, 8],
			"children": [
				{
					"name": "Emitter 1",
					"origin": [8, 8, 8],
					"children": [16, 17, 18, 19, 20, 21, 22, 23, 24, 25, 26, 27, 28, 29, 30, 31, 32, 33, 34, 35, 36, 37, 38, 39, 40, 41, 42, 43, 44]
				},
				{
					"name": "Handle 1",
					"origin": [8, 8, 8],
					"children": [45, 46, 47, 48, 49, 50, 51, 52, 53, 54, 55, 56, 57, 58, 59]
				}
			]
		},
		{
			"name": "Second Half",
			"origin": [8, 8, 8],
			"children": [
				{
					"name": "Emitter 1",
					"origin": [8, 8, 8],
					"children": [60, 61, 62, 63, 64, 65, 66, 67, 68, 69, 70, 71, 72, 73, 74, 75, 76, 77, 78, 79, 80, 81, 82, 83, 84, 85, 86, 87, 88]
				},
				{
					"name": "Handle 1",
					"origin": [8, 8, 8],
					"children": [89, 90, 91, 92, 93, 94, 95, 96, 97, 98, 99, 100, 101, 102]
				}
			]
		},
		{
			"name": "Coupler",
			"origin": [8, 8, 8],
			"children": [103, 104, 105, 106, 107]
		}
	]
}