{
	"credit": "Made with Blockbench",
	"textures": {
		"0": "white_concrete_powder",
		"1": "black_concrete",
		"2": "blue_blade",
		"particle": "white_concrete_powder"
	},
	"elements": [
		{
			"from": [8, -2.25, 7.625],
			"to": [8, 32, 8.375],
			"rotation": {"angle": 0, "axis": "y", "origin": [8, 14.875, 8]},
			"faces": {
				"north": {"uv": [0, 0, 16, 16], "texture": "#2"},
				"east": {"uv": [0, 0, 16, 16], "texture": "#2"},
				"south": {"uv": [0, 0, 16, 16], "texture": "#2"},
				"west": {"uv": [0, 0, 16, 16], "texture": "#2"},
				"up": {"uv": [0, 0, 16, 16], "texture": "#2"},
				"down": {"uv": [0, 0, 16, 16], "texture": "#2"}
			}
		},
		{
			"from": [8, -2.25, 7.625],
			"to": [8, 32, 8.375],
			"rotation": {"angle": -22.5, "axis": "y", "origin": [8, 14.875, 8]},
			"faces": {
				"north": {"uv": [0, 0, 16, 16], "texture": "#2"},
				"east": {"uv": [0, 0, 16, 16], "texture": "#2"},
				"south": {"uv": [0, 0, 16, 16], "texture": "#2"},
				"west": {"uv": [0, 0, 16, 16], "texture": "#2"},
				"up": {"uv": [0, 0, 16, 16], "texture": "#2"},
				"down": {"uv": [0, 0, 16, 16], "texture": "#2"}
			}
		},
		{
			"from": [8, -2.25, 7.625],
			"to": [8, 32, 8.375],
			"rotation": {"angle": -45, "axis": "y", "origin": [8, 14.875, 8]},
			"faces": {
				"north": {"uv": [0, 0, 16, 16], "texture": "#2"},
				"east": {"uv": [0, 0, 16, 16], "texture": "#2"},
				"south": {"uv": [0, 0, 16, 16], "texture": "#2"},
				"west": {"uv": [0, 0, 16, 16], "texture": "#2"},
				"up": {"uv": [0, 0, 16, 16], "texture": "#2"},
				"down": {"uv": [0, 0, 16, 16], "texture": "#2"}
			}
		},
		{
			"from": [7.625, -2.25, 8],
			"to": [8.375, 32, 8],
			"rotation": {"angle": 22.5, "axis": "y", "origin": [8, 14.875, 8]},
			"faces": {
				"north": {"uv": [0, 0, 16, 16], "texture": "#2"},
				"east": {"uv": [0, 0, 16, 16], "texture": "#2"},
				"south": {"uv": [0, 0, 16, 16], "texture": "#2"},
				"west": {"uv": [0, 0, 16, 16], "texture": "#2"},
				"up": {"uv": [0, 0, 16, 16], "texture": "#2"},
				"down": {"uv": [0, 0, 16, 16], "texture": "#2"}
			}
		},
		{
			"from": [7.625, -2.25, 8],
			"to": [8.375, 32, 8],
			"rotation": {"angle": 0, "axis": "y", "origin": [8, 14.875, 8]},
			"faces": {
				"north": {"uv": [0, 0, 16, 16], "texture": "#2"},
				"east": {"uv": [0, 0, 16, 16], "texture": "#2"},
				"south": {"uv": [0, 0, 16, 16], "texture": "#2"},
				"west": {"uv": [0, 0, 16, 16], "texture": "#2"},
				"up": {"uv": [0, 0, 16, 16], "texture": "#2"},
				"down": {"uv": [0, 0, 16, 16], "texture": "#2"}
			}
		},
		{
			"from": [7.625, -2.25, 8],
			"to": [8.375, 32, 8],
			"rotation": {"angle": -22.5, "axis": "y", "origin": [8, 14.875, 8]},
			"faces": {
				"north": {"uv": [0, 0, 16, 16], "texture": "#2"},
				"east": {"uv": [0, 0, 16, 16], "texture": "#2"},
				"south": {"uv": [0, 0, 16, 16], "texture": "#2"},
				"west": {"uv": [0, 0, 16, 16], "texture": "#2"},
				"up": {"uv": [0, 0, 16, 16], "texture": "#2"},
				"down": {"uv": [0, 0, 16, 16], "texture": "#2"}
			}
		},
		{
			"from": [7.625, -2.25, 8],
			"to": [8.375, 32, 8],
			"rotation": {"angle": -45, "axis": "y", "origin": [8, 14.875, 8]},
			"faces": {
				"north": {"uv": [0, 0, 16, 16], "texture": "#2"},
				"east": {"uv": [0, 0, 16, 16], "texture": "#2"},
				"south": {"uv": [0, 0, 16, 16], "texture": "#2"},
				"west": {"uv": [0, 0, 16, 16], "texture": "#2"},
				"up": {"uv": [0, 0, 16, 16], "texture": "#2"},
				"down": {"uv": [0, 0, 16, 16], "texture": "#2"}
			}
		},
		{
			"from": [8, -2.25, 7.625],
			"to": [8, 32, 8.375],
			"rotation": {"angle": 22.5, "axis": "y", "origin": [8, 14.875, 8]},
			"faces": {
				"north": {"uv": [0, 0, 16, 16], "texture": "#2"},
				"east": {"uv": [0, 0, 16, 16], "texture": "#2"},
				"south": {"uv": [0, 0, 16, 16], "texture": "#2"},
				"west": {"uv": [0, 0, 16, 16], "texture": "#2"},
				"up": {"uv": [0, 0, 16, 16], "texture": "#2"},
				"down": {"uv": [0, 0, 16, 16], "texture": "#2"}
			}
		},
		{
			"from": [7.25, -1.30348, 7.12977],
			"to": [7.53125, -1.02223, 8.85477],
			"rotation": {"angle": -45, "axis": "x", "origin": [7.39063, -1.16286, 7.87977]},
			"faces": {
				"north": {"uv": [0, 0, 1, 1], "texture": "#0"},
				"east": {"uv": [0, 0, 1, 1], "texture": "#0"},
				"south": {"uv": [0, 0, 1, 1], "texture": "#0"},
				"west": {"uv": [0, 0, 1, 1], "texture": "#0"},
				"up": {"uv": [0, 0, 1, 4], "texture": "#0"},
				"down": {"uv": [0, 0, 1, 1], "texture": "#0"}
			}
		},
		{
			"from": [8.46875, 6.48392, 4.00729],
			"to": [8.75, 6.76517, 5.73229],
			"rotation": {"angle": -45, "axis": "x", "origin": [16.46875, 6.5, 15.71875]},
			"faces": {
				"north": {"uv": [0, 0, 4.6, 0.75], "texture": "#0"},
				"east": {"uv": [0, 0, 1, 1], "texture": "#0"},
				"south": {"uv": [0, 0, 4.6, 0.75], "texture": "#0"},
				"west": {"uv": [0, 0, 4.6, 0.75], "texture": "#0"},
				"up": {"uv": [0, 0, 1, 4], "texture": "#0"},
				"down": {"uv": [0, 0, 4.6, 0.75], "texture": "#0"}
			}
		},
		{
			"from": [7.25, -2.25, 7.25],
			"to": [8.75, -1.59375, 7.53125],
			"rotation": {"angle": 0, "axis": "y", "origin": [6.92188, -1.73437, 8]},
			"faces": {
				"north": {"uv": [0, 0, 3.875, 2], "texture": "#0"},
				"east": {"uv": [0, 0, 1, 2], "texture": "#0"},
				"south": {"uv": [0, 0, 1, 2], "texture": "#0"},
				"west": {"uv": [0, 0, 1, 2], "texture": "#0"},
				"up": {"uv": [0, 0, 4, 1], "texture": "#0"},
				"down": {"uv": [0, 0, 1, 2], "texture": "#0"}
			}
		},
		{
			"from": [8.46875, -1.5, 7.71875],
			"to": [8.75, -1.125, 8.46875],
			"rotation": {"angle": 0, "axis": "y", "origin": [8.14063, -1.35937, 8.46875]},
			"faces": {
				"north": {"uv": [0, 0, 1, 1], "texture": "#0"},
				"east": {"uv": [0, 0, 1, 1], "texture": "#0"},
				"south": {"uv": [0, 0, 1, 1], "texture": "#0"},
				"west": {"uv": [0, 0, 1, 1], "texture": "#0"},
				"up": {"uv": [0, 0, 1, 1], "texture": "#0"},
				"down": {"uv": [0, 0, 1, 1], "texture": "#0"}
			}
		},
		{
			"from": [7.25, -1.5, 7.71875],
			"to": [7.53125, -1.125, 8.46875],
			"rotation": {"angle": 0, "axis": "y", "origin": [6.92188, -1.35937, 8.46875]},
			"faces": {
				"north": {"uv": [0, 0, 2, 1], "texture": "#0"},
				"east": {"uv": [0, 0, 2, 1], "texture": "#0"},
				"south": {"uv": [0, 0, 2, 1], "texture": "#0"},
				"west": {"uv": [0, 0, 2, 1], "texture": "#0"},
				"up": {"uv": [0, 0, 2, 1], "texture": "#0"},
				"down": {"uv": [0, 0, 2, 1], "texture": "#0"}
			}
		},
		{
			"from": [7.25, -1.125, 8.09375],
			"to": [7.53125, -0.75, 8.46875],
			"rotation": {"angle": 0, "axis": "y", "origin": [6.92188, -0.98437, 8.46875]},
			"faces": {
				"north": {"uv": [0, 0, 1, 1], "texture": "#0"},
				"east": {"uv": [0, 0, 1, 1], "texture": "#0"},
				"south": {"uv": [0, 0, 1, 1], "texture": "#0"},
				"west": {"uv": [0, 0, 1, 1], "texture": "#0"},
				"up": {"uv": [0, 0, 1, 1], "texture": "#0"},
				"down": {"uv": [0, 0, 1, 1], "texture": "#0"}
			}
		},
		{
			"from": [8.46875, -1.125, 8.09375],
			"to": [8.75, -0.75, 8.46875],
			"rotation": {"angle": 0, "axis": "y", "origin": [8.14063, -0.98437, 8.46875]},
			"faces": {
				"north": {"uv": [0, 0, 1, 1], "texture": "#0"},
				"east": {"uv": [0, 0, 1, 1], "texture": "#0"},
				"south": {"uv": [0, 0, 1, 1], "texture": "#0"},
				"west": {"uv": [0, 0, 1, 1], "texture": "#0"},
				"up": {"uv": [0, 0, 1, 1], "texture": "#0"},
				"down": {"uv": [0, 0, 1, 1], "texture": "#0"}
			}
		},
		{
			"from": [8.46875, -2.25, 7.53125],
			"to": [8.75, -1.5, 8.46875],
			"rotation": {"angle": 0, "axis": "y", "origin": [8.14063, -1.73437, 8.65625]},
			"faces": {
				"north": {"uv": [2, 0, 5, 2], "texture": "#0"},
				"east": {"uv": [2, 0, 5, 2], "texture": "#0"},
				"south": {"uv": [2, 0, 5, 2], "texture": "#0"},
				"west": {"uv": [2, 0, 5, 2], "texture": "#0"},
				"up": {"uv": [2, 0, 5, 2], "texture": "#0"},
				"down": {"uv": [2, 0, 5, 2], "texture": "#0"}
			}
		},
		{
			"from": [7.25, -2.25, 7.53125],
			"to": [7.53125, -1.5, 8.46875],
			"rotation": {"angle": 0, "axis": "y", "origin": [6.92188, -1.73437, 8.65625]},
			"faces": {
				"north": {"uv": [0, 0, 2.5, 2], "texture": "#0"},
				"east": {"uv": [0, 0, 2.5, 2], "texture": "#0"},
				"south": {"uv": [0, 0, 2.5, 2], "texture": "#0"},
				"west": {"uv": [0, 0, 2.5, 2], "texture": "#0"},
				"up": {"uv": [0, 0, 2.5, 2], "texture": "#0"},
				"down": {"uv": [0, 0, 2.5, 2], "texture": "#0"}
			}
		},
		{
			"from": [7.25, -0.65531, 8.46875],
			"to": [8.75, -0.37406, 8.75],
			"rotation": {"angle": 0, "axis": "y", "origin": [6.92188, -1.63969, 9.21875]},
			"faces": {
				"north": {"uv": [0, 0, 4, 0.75], "texture": "#0"},
				"east": {"uv": [0, 0, 1, 1], "texture": "#0"},
				"south": {"uv": [0, 0, 4, 0.75], "texture": "#0"},
				"west": {"uv": [0, 0, 1, 1], "texture": "#0"},
				"up": {"uv": [0, 0, 4, 0.75], "texture": "#0"},
				"down": {"uv": [0, 0, 4, 0.75], "texture": "#0"}
			}
		},
		{
			"from": [7.25, -2.25, 8.46875],
			"to": [8.75, -0.93694, 8.75],
			"rotation": {"angle": 0, "axis": "y", "origin": [6.92188, -1.73437, 9.21875]},
			"faces": {
				"north": {"uv": [0, 0, 4, 3.5015], "texture": "#0"},
				"east": {"uv": [0, 0, 1, 3.502], "texture": "#0"},
				"south": {"uv": [0, 0, 4, 3.5015], "texture": "#0"},
				"west": {"uv": [0, 0, 0.875, 3.501], "texture": "#0"},
				"up": {"uv": [0, 0, 4, 3.5015], "texture": "#0"},
				"down": {"uv": [0, 0, 4, 3.5015], "texture": "#0"}
			}
		},
		{
			"from": [7.25, -0.9375, 8.46875],
			"to": [8.75, -0.65531, 8.75],
			"rotation": {"angle": 0, "axis": "y", "origin": [8.12187, -0.79687, 9.21875]},
			"faces": {
				"north": {"uv": [0, 0, 0.75, 0.7525], "texture": "#0"},
				"east": {"uv": [0, 0, 0.75, 0.7525], "texture": "#0"},
				"south": {"uv": [3, 0, 7, 1], "texture": "#0"},
				"west": {"uv": [0, 0, 0.75, 0.7525], "texture": "#0"},
				"up": {"uv": [0, 0, 0.75, 0.7525], "texture": "#0"},
				"down": {"uv": [0, 0, 0.75, 0.7525], "texture": "#0"}
			}
		},
		{
			"from": [7.25, -3.375, 7.25],
			"to": [8.75, -2.25, 8.75],
			"rotation": {"angle": 0, "axis": "y", "origin": [10.25, -5.25, 10.25]},
			"faces": {
				"north": {"uv": [0, 0, 4, 3], "texture": "#0"},
				"east": {"uv": [0, 0, 4, 3], "texture": "#0"},
				"south": {"uv": [0, 0, 4, 3], "texture": "#0"},
				"west": {"uv": [0, 0, 4, 3], "texture": "#0"},
				"up": {"uv": [0, 0, 4, 3], "texture": "#0"},
				"down": {"uv": [0, 0, 4, 3], "texture": "#0"}
			}
		},
		{
			"from": [7.85938, -2.8125, 7.0625],
			"to": [8.14063, -2.53125, 9.125],
			"rotation": {"angle": 0, "axis": "y", "origin": [10.25, -5.25, 10.25]},
			"faces": {
				"north": {"uv": [15.25, 15.25, 16, 16], "texture": "#0"},
				"east": {"uv": [15.25, 15.25, 16, 16], "texture": "#0"},
				"south": {"uv": [15.25, 15.25, 16, 16], "texture": "#0"},
				"west": {"uv": [15.25, 15.25, 16, 16], "texture": "#0"},
				"up": {"uv": [15.25, 15.25, 16, 16], "texture": "#0"},
				"down": {"uv": [15.25, 15.25, 16, 16], "texture": "#0"}
			}
		},
		{
			"from": [7.8125, -2.85937, 8.75],
			"to": [8.1875, -2.48437, 8.9375],
			"rotation": {"angle": 0, "axis": "y", "origin": [10.25, -5.25, 10.25]},
			"faces": {
				"north": {"uv": [0, 0, 0.5, 1], "texture": "#1"},
				"east": {"uv": [0, 0, 0.5, 1], "texture": "#1"},
				"south": {"uv": [0, 0, 0.5, 1], "texture": "#1"},
				"west": {"uv": [0, 0, 0.5, 1], "texture": "#1"},
				"up": {"uv": [0, 0, 0.5, 1], "texture": "#1"},
				"down": {"uv": [0, 0, 0.5, 1], "texture": "#1"}
			}
		},
		{
			"from": [7.2875, -3.5625, 7.2875],
			"to": [8.7125, -3.375, 8.7125],
			"rotation": {"angle": 0, "axis": "y", "origin": [10.25, -5.625, 10.25]},
			"faces": {
				"north": {"uv": [0, 0, 3.8, 0.5], "texture": "#1"},
				"east": {"uv": [0, 0, 3.8, 0.5], "texture": "#1"},
				"south": {"uv": [0, 0, 3.8, 0.5], "texture": "#1"},
				"west": {"uv": [0, 0, 3.8, 0.5], "texture": "#1"},
				"up": {"uv": [0, 0, 3.8, 0.5], "texture": "#1"},
				"down": {"uv": [0, 0, 3.8, 0.5], "texture": "#1"}
			}
		},
		{
			"from": [7.25, -14.4375, 7.25],
			"to": [8.75, -3.5625, 8.75],
			"rotation": {"angle": 0, "axis": "y", "origin": [10.25, -11.625, 10.25]},
			"faces": {
				"north": {"uv": [0, 0, 4, 16], "texture": "#0"},
				"east": {"uv": [0, 0, 4, 16], "texture": "#0"},
				"south": {"uv": [0, 0, 4, 16], "texture": "#0"},
				"west": {"uv": [0, 0, 4, 16], "texture": "#0"},
				"up": {"uv": [0, 0, 4, 16], "texture": "#0"},
				"down": {"uv": [0, 0, 4, 16], "texture": "#0"}
			}
		},
		{
			"from": [7.175, -14.0625, 7.175],
			"to": [8.825, -8.0625, 8.825],
			"rotation": {"angle": 0, "axis": "y", "origin": [10.25, -11.25, 10.25]},
			"faces": {
				"north": {"uv": [0, 0, 4.4, 16], "texture": "#1"},
				"east": {"uv": [0, 0, 4.4, 16], "texture": "#1"},
				"south": {"uv": [0, 0, 4.4, 16], "texture": "#1"},
				"west": {"uv": [0, 0, 4.4, 16], "texture": "#1"},
				"up": {"uv": [0, 0, 4.4, 16], "texture": "#1"},
				"down": {"uv": [0, 0, 4.4, 16], "texture": "#1"}
			}
		},
		{
			"from": [8.19326, -4.74459, 7.175],
			"to": [8.38076, -4.63209, 7.25],
			"rotation": {"angle": 0, "axis": "y", "origin": [10.53701, -4.55709, 10.25]},
			"faces": {
				"north": {"uv": [0, 0, 0.5, 0.3], "texture": "#1"},
				"east": {"uv": [0, 0, 0.5, 0.3], "texture": "#1"},
				"south": {"uv": [0, 0, 0.5, 0.3], "texture": "#1"},
				"west": {"uv": [0, 0, 0.5, 0.3], "texture": "#1"},
				"up": {"uv": [0, 0, 0.5, 0.3], "texture": "#1"},
				"down": {"uv": [0, 0, 0.5, 0.3], "texture": "#1"}
			}
		},
		{
			"from": [7.61924, -4.74291, 7.175],
			"to": [7.80674, -4.63041, 7.25],
			"rotation": {"angle": 0, "axis": "y", "origin": [9.96299, -4.55541, 10.25]},
			"faces": {
				"north": {"uv": [0, 0, 0.5, 0.3], "texture": "#1"},
				"east": {"uv": [0, 0, 0.5, 0.3], "texture": "#1"},
				"south": {"uv": [0, 0, 0.5, 0.3], "texture": "#1"},
				"west": {"uv": [0, 0, 0.5, 0.3], "texture": "#1"},
				"up": {"uv": [0, 0, 0.5, 0.3], "texture": "#1"},
				"down": {"uv": [0, 0, 0.5, 0.3], "texture": "#1"}
			}
		},
		{
			"from": [8.09375, -5.0625, 7.175],
			"to": [8.24375, -4.3125, 7.25],
			"rotation": {"angle": 0, "axis": "y", "origin": [10.4375, -4.875, 10.25]},
			"faces": {
				"north": {"uv": [0, 0, 0.4, 2], "texture": "#1"},
				"east": {"uv": [0, 0, 0.4, 2], "texture": "#1"},
				"south": {"uv": [0, 0, 0.4, 2], "texture": "#1"},
				"west": {"uv": [0, 0, 0.4, 2], "texture": "#1"},
				"up": {"uv": [0, 0, 0.4, 2], "texture": "#1"},
				"down": {"uv": [0, 0, 0.4, 2], "texture": "#1"}
			}
		},
		{
			"from": [7.75625, -5.0625, 7.175],
			"to": [7.90625, -4.3125, 7.25],
			"rotation": {"angle": 0, "axis": "y", "origin": [10.1, -4.875, 10.25]},
			"faces": {
				"north": {"uv": [0, 0, 0.4, 2], "texture": "#1"},
				"east": {"uv": [0, 0, 0.4, 2], "texture": "#1"},
				"south": {"uv": [0, 0, 0.4, 2], "texture": "#1"},
				"west": {"uv": [0, 0, 0.4, 2], "texture": "#1"},
				"up": {"uv": [0, 0, 0.4, 2], "texture": "#1"},
				"down": {"uv": [0, 0, 0.4, 2], "texture": "#1"}
			}
		},
		{
			"from": [7.90625, -5.4375, 7.175],
			"to": [8.09375, -3.9375, 7.25],
			"rotation": {"angle": 0, "axis": "y", "origin": [10.25, -4.875, 10.25]},
			"faces": {
				"north": {"uv": [0, 0, 0.5, 4], "texture": "#1"},
				"east": {"uv": [0, 0, 0.5, 4], "texture": "#1"},
				"south": {"uv": [0, 0, 0.5, 4], "texture": "#1"},
				"west": {"uv": [0, 0, 0.5, 4], "texture": "#1"},
				"up": {"uv": [0, 0, 0.5, 4], "texture": "#1"},
				"down": {"uv": [0, 0, 0.5, 4], "texture": "#1"}
			}
		},
		{
			"from": [7.8125, -4.875, 7.1],
			"to": [8.1875, -4.5, 7.175],
			"rotation": {"angle": 0, "axis": "y", "origin": [10.25, -4.5, 10.25]},
			"faces": {
				"north": {"uv": [14, 14, 16, 16], "texture": "#0"},
				"east": {"uv": [14, 14, 16, 16], "texture": "#0"},
				"south": {"uv": [14, 14, 16, 16], "texture": "#0"},
				"west": {"uv": [14, 14, 16, 16], "texture": "#0"},
				"up": {"uv": [14, 14, 16, 16], "texture": "#0"},
				"down": {"uv": [14, 14, 16, 16], "texture": "#0"}
			}
		},
		{
			"from": [7.90625, -5.25, 7.1375],
			"to": [8.09375, -5.0625, 7.175],
			"rotation": {"angle": 0, "axis": "y", "origin": [10.25, -4.5, 10.25]},
			"faces": {
				"north": {"uv": [15.5, 15.5, 16, 16], "texture": "#0"},
				"east": {"uv": [15.5, 15.5, 16, 16], "texture": "#0"},
				"south": {"uv": [15.5, 15.5, 16, 16], "texture": "#0"},
				"west": {"uv": [15.5, 15.5, 16, 16], "texture": "#0"},
				"up": {"uv": [15.5, 15.5, 16, 16], "texture": "#0"},
				"down": {"uv": [15.5, 15.5, 16, 16], "texture": "#0"}
			}
		},
		{
			"from": [7.90625, -4.3125, 7.1375],
			"to": [8.09375, -4.125, 7.175],
			"rotation": {"angle": 0, "axis": "y", "origin": [10.25, -4.5, 10.25]},
			"faces": {
				"north": {"uv": [15.5, 15.5, 16, 16], "texture": "#0"},
				"east": {"uv": [15.5, 15.5, 16, 16], "texture": "#0"},
				"south": {"uv": [15.5, 15.5, 16, 16], "texture": "#0"},
				"west": {"uv": [15.5, 15.5, 16, 16], "texture": "#0"},
				"up": {"uv": [15.5, 15.5, 16, 16], "texture": "#0"},
				"down": {"uv": [15.5, 15.5, 16, 16], "texture": "#0"}
			}
		},
		{
			"from": [8.2004, -5.45871, 7.175],
			"to": [8.3879, -4.70871, 7.25],
			"rotation": {"angle": -22.5, "axis": "z", "origin": [8.29415, -4.70871, 7.2125]},
			"faces": {
				"north": {"uv": [0, 0, 0.5, 2], "texture": "#1"},
				"east": {"uv": [0, 0, 0.5, 2], "texture": "#1"},
				"south": {"uv": [0, 0, 0.5, 2], "texture": "#1"},
				"west": {"uv": [0, 0, 0.5, 2], "texture": "#1"},
				"up": {"uv": [0, 0, 0.5, 2], "texture": "#1"},
				"down": {"uv": [0, 0, 0.5, 2], "texture": "#1"}
			}
		},
		{
			"from": [7.75561, -5.43017, 7.175],
			"to": [7.94311, -4.68017, 7.25],
			"rotation": {"angle": 22.5, "axis": "z", "origin": [7.84936, -5.05517, 7.2125]},
			"faces": {
				"north": {"uv": [0, 0, 0.5, 2], "texture": "#1"},
				"east": {"uv": [0, 0, 0.5, 2], "texture": "#1"},
				"south": {"uv": [0, 0, 0.5, 2], "texture": "#1"},
				"west": {"uv": [0, 0, 0.5, 2], "texture": "#1"},
				"up": {"uv": [0, 0, 0.5, 2], "texture": "#1"},
				"down": {"uv": [0, 0, 0.5, 2], "texture": "#1"}
			}
		},
		{
			"from": [8.05689, -4.69483, 7.175],
			"to": [8.24439, -3.94483, 7.25],
			"rotation": {"angle": 22.5, "axis": "z", "origin": [8.15064, -4.31983, 7.2125]},
			"faces": {
				"north": {"uv": [0, 0, 0.5, 2], "texture": "#1"},
				"east": {"uv": [0, 0, 0.5, 2], "texture": "#1"},
				"south": {"uv": [0, 0, 0.5, 2], "texture": "#1"},
				"west": {"uv": [0, 0, 0.5, 2], "texture": "#1"},
				"up": {"uv": [0, 0, 0.5, 2], "texture": "#1"},
				"down": {"uv": [0, 0, 0.5, 2], "texture": "#1"}
			}
		},
		{
			"from": [7.75561, -4.69483, 7.175],
			"to": [7.94311, -3.94483, 7.25],
			"rotation": {"angle": -22.5, "axis": "z", "origin": [7.84936, -4.31983, 7.2125]},
			"faces": {
				"north": {"uv": [0, 0, 0.5, 2], "texture": "#1"},
				"east": {"uv": [0, 0, 0.5, 2], "texture": "#1"},
				"south": {"uv": [0, 0, 0.5, 2], "texture": "#1"},
				"west": {"uv": [0, 0, 0.5, 2], "texture": "#1"},
				"up": {"uv": [0, 0, 0.5, 2], "texture": "#1"},
				"down": {"uv": [0, 0, 0.5, 2], "texture": "#1"}
			}
		},
		{
			"from": [7.53125, -15, 7.53125],
			"to": [8.46875, -14.71875, 8.46875],
			"rotation": {"angle": 0, "axis": "y", "origin": [11, -12, 11]},
			"faces": {
				"north": {"uv": [0, 0, 2, 1.25], "texture": "#1"},
				"east": {"uv": [0, 0, 2, 1.25], "texture": "#1"},
				"south": {"uv": [0, 0, 2, 1.25], "texture": "#1"},
				"west": {"uv": [0, 0, 2, 1.25], "texture": "#1"},
				"up": {"uv": [0, 0, 2, 1.25], "texture": "#1"},
				"down": {"uv": [0, 0, 2, 1.25], "texture": "#1"}
			}
		},
		{
			"from": [7.325, -14.71875, 7.325],
			"to": [8.675, -14.4375, 8.675],
			"rotation": {"angle": 0, "axis": "y", "origin": [11, -12, 11]},
			"faces": {
				"north": {"uv": [0, 0, 3.6, 0.75], "texture": "#1"},
				"east": {"uv": [0, 0, 3.6, 0.75], "texture": "#1"},
				"south": {"uv": [0, 0, 3.6, 0.75], "texture": "#1"},
				"west": {"uv": [0, 0, 3.6, 0.75], "texture": "#1"},
				"up": {"uv": [0, 0, 3.6, 0.75], "texture": "#1"},
				"down": {"uv": [0, 0, 3.6, 0.75], "texture": "#1"}
			}
		}
	],
	"display": {
		"thirdperson_righthand": {
			"translation": [0, 13.25, 1.5],
			"scale": [0.8, 0.8, 0.8]
		},
		"thirdperson_lefthand": {
			"translation": [0, 13.25, 1.5],
			"scale": [0.8, 0.8, 0.8]
		},
		"firstperson_righthand": {
			"translation": [0, 14, 0],
			"scale": [0.8, 0.8, 0.8]
		},
		"firstperson_lefthand": {
			"translation": [0, 14, 0],
			"scale": [0.8, 0.8, 0.8]
		},
		"ground": {
			"rotation": [38.75, 0, 81.75],
			"scale": [0.8, 0.8, 0.8]
		},
		"gui": {
			"rotation": [0, -180, 45],
			"scale": [0.5, 0.5, 0.5]
		},
		"fixed": {
			"rotation": [0, 0, 45],
			"scale": [0.6, 0.6, 0.6]
		}
	},
	"groups": [
		{
			"name": "Blade",
			"origin": [8, 8, 8],
			"children": [0, 1, 2, 3, 4, 5, 6, 7]
		},
		{
			"name": "Emitter",
			"origin": [8, 8, 8],
			"children": [8, 9, 10, 11, 12, 13, 14, 15, 16, 17, 18, 19]
		},
		{
			"name": "Handle",
			"origin": [8, 8, 8],
			"children": [20, 21, 22, 23, 24, 25, 26, 27, 28, 29, 30, 31, 32, 33, 34, 35, 36, 37]
		},
		{
			"name": "Pommel",
			"origin": [8, 8, 8],
			"children": [38, 39]
		}
	]
}