{
	"credit": "Made with Blockbench",
	"textures": {
		"0": "screwdriver_12",
		"1": "disko_blade1",
		"2": "disko_blade",
		"particle": "screwdriver_12"
	},
	"elements": [
		{
			"from": [8.6, 3.2, 7.7],
			"to": [9.4, 3.4, 8.3],
			"rotation": {"angle": 0, "axis": "y", "origin": [9, 10, 8]},
			"faces": {
				"north": {"uv": [0.5, 14.5, 1.5, 15.5], "texture": "#0"},
				"east": {"uv": [0.5, 14.5, 1.5, 15.5], "texture": "#0"},
				"south": {"uv": [0.5, 14.5, 1.5, 15.5], "texture": "#0"},
				"west": {"uv": [0.5, 14.5, 1.5, 15.5], "texture": "#0"},
				"up": {"uv": [0.5, 14.5, 1.5, 15.5], "texture": "#0"},
				"down": {"uv": [0.5, 14.5, 1.5, 15.5], "texture": "#0"}
			}
		},
		{
			"from": [8.7, 3.2, 7.6],
			"to": [9.3, 3.4, 8.4],
			"rotation": {"angle": 0, "axis": "y", "origin": [9, 10, 8]},
			"faces": {
				"north": {"uv": [0.5, 14.5, 1.5, 15.5], "texture": "#0"},
				"east": {"uv": [0.5, 14.5, 1.5, 15.5], "texture": "#0"},
				"south": {"uv": [0.5, 14.5, 1.5, 15.5], "texture": "#0"},
				"west": {"uv": [0.5, 14.5, 1.5, 15.5], "texture": "#0"},
				"up": {"uv": [0.5, 14.5, 1.5, 15.5], "texture": "#0"},
				"down": {"uv": [0.5, 14.5, 1.5, 15.5], "texture": "#0"}
			}
		},
		{
			"from": [8.7, 3.41, 7.6],
			"to": [9.3, 3.61, 8.4],
			"rotation": {"angle": 0, "axis": "y", "origin": [9, 10, 8]},
			"faces": {
				"north": {"uv": [2.5, 12.5, 3.5, 13.5], "texture": "#0"},
				"east": {"uv": [2.5, 12.5, 3.5, 13.5], "texture": "#0"},
				"south": {"uv": [2.5, 12.5, 3.5, 13.5], "texture": "#0"},
				"west": {"uv": [2.5, 12.5, 3.5, 13.5], "texture": "#0"},
				"up": {"uv": [2.5, 12.5, 3.5, 13.5], "texture": "#0"},
				"down": {"uv": [2.5, 12.5, 3.5, 13.5], "texture": "#0"}
			}
		},
		{
			"from": [8.6, 3.41, 7.7],
			"to": [9.4, 3.61, 8.3],
			"rotation": {"angle": 0, "axis": "y", "origin": [9, 10, 8]},
			"faces": {
				"north": {"uv": [2.5, 12.5, 3.5, 13.5], "texture": "#0"},
				"east": {"uv": [2.5, 12.5, 3.5, 13.5], "texture": "#0"},
				"south": {"uv": [2.5, 12.5, 3.5, 13.5], "texture": "#0"},
				"west": {"uv": [2.5, 12.5, 3.5, 13.5], "texture": "#0"},
				"up": {"uv": [2.5, 12.5, 3.5, 13.5], "texture": "#0"},
				"down": {"uv": [2.5, 12.5, 3.5, 13.5], "texture": "#0"}
			}
		},
		{
			"from": [8.7, 3.62, 7.6],
			"to": [9.3, 3.82, 8.4],
			"rotation": {"angle": 0, "axis": "y", "origin": [9, 10, 8]},
			"faces": {
				"north": {"uv": [0.5, 14.5, 1.5, 15.5], "texture": "#0"},
				"east": {"uv": [0.5, 14.5, 1.5, 15.5], "texture": "#0"},
				"south": {"uv": [0.5, 14.5, 1.5, 15.5], "texture": "#0"},
				"west": {"uv": [0.5, 14.5, 1.5, 15.5], "texture": "#0"},
				"up": {"uv": [0.5, 14.5, 1.5, 15.5], "texture": "#0"},
				"down": {"uv": [0.5, 14.5, 1.5, 15.5], "texture": "#0"}
			}
		},
		{
			"from": [8.6, 3.62, 7.7],
			"to": [9.4, 3.82, 8.3],
			"rotation": {"angle": 0, "axis": "y", "origin": [9, 10, 8]},
			"faces": {
				"north": {"uv": [0.5, 14.5, 1.5, 15.5], "texture": "#0"},
				"east": {"uv": [0.5, 14.5, 1.5, 15.5], "texture": "#0"},
				"south": {"uv": [0.5, 14.5, 1.5, 15.5], "texture": "#0"},
				"west": {"uv": [0.5, 14.5, 1.5, 15.5], "texture": "#0"},
				"up": {"uv": [0.5, 14.5, 1.5, 15.5], "texture": "#0"},
				"down": {"uv": [0.5, 14.5, 1.5, 15.5], "texture": "#0"}
			}
		},
		{
			"from": [8.7, 3.83, 7.6],
			"to": [9.3, 4.03, 8.4],
			"rotation": {"angle": 0, "axis": "y", "origin": [9, 10, 8]},
			"faces": {
				"north": {"uv": [2.5, 12.5, 3.5, 13.5], "texture": "#0"},
				"east": {"uv": [2.5, 12.5, 3.5, 13.5], "texture": "#0"},
				"south": {"uv": [2.5, 12.5, 3.5, 13.5], "texture": "#0"},
				"west": {"uv": [2.5, 12.5, 3.5, 13.5], "texture": "#0"},
				"up": {"uv": [2.5, 12.5, 3.5, 13.5], "texture": "#0"},
				"down": {"uv": [2.5, 12.5, 3.5, 13.5], "texture": "#0"}
			}
		},
		{
			"from": [8.6, 3.83, 7.7],
			"to": [9.4, 4.03, 8.3],
			"rotation": {"angle": 0, "axis": "y", "origin": [9, 10, 8]},
			"faces": {
				"north": {"uv": [2.5, 12.5, 3.5, 13.5], "texture": "#0"},
				"east": {"uv": [2.5, 12.5, 3.5, 13.5], "texture": "#0"},
				"south": {"uv": [2.5, 12.5, 3.5, 13.5], "texture": "#0"},
				"west": {"uv": [2.5, 12.5, 3.5, 13.5], "texture": "#0"},
				"up": {"uv": [2.5, 12.5, 3.5, 13.5], "texture": "#0"},
				"down": {"uv": [2.5, 12.5, 3.5, 13.5], "texture": "#0"}
			}
		},
		{
			"from": [8.7, 3.3, 7.7],
			"to": [9.3, 3.9, 8.3],
			"rotation": {"angle": 0, "axis": "y", "origin": [9, 10, 8]},
			"faces": {
				"north": {"uv": [2.5, 14.5, 3.5, 15.5], "texture": "#0"},
				"east": {"uv": [2.5, 14.5, 3.5, 15.5], "texture": "#0"},
				"south": {"uv": [2.5, 14.5, 3.5, 15.5], "texture": "#0"},
				"west": {"uv": [2.5, 14.5, 3.5, 15.5], "texture": "#0"},
				"up": {"uv": [2.5, 14.5, 3.5, 15.5], "texture": "#0"},
				"down": {"uv": [2.5, 14.5, 3.5, 15.5], "texture": "#0"}
			}
		},
		{
			"from": [8.5, 4, 7.7],
			"to": [9.5, 4.4, 8.3],
			"rotation": {"angle": 0, "axis": "y", "origin": [9, 10, 8]},
			"faces": {
				"north": {"uv": [0.5, 14.5, 1.5, 15.5], "texture": "#0"},
				"east": {"uv": [0.5, 14.5, 1.5, 15.5], "texture": "#0"},
				"south": {"uv": [0.5, 14.5, 1.5, 15.5], "texture": "#0"},
				"west": {"uv": [0.5, 14.5, 1.5, 15.5], "texture": "#0"},
				"up": {"uv": [0.5, 14.5, 1.5, 15.5], "texture": "#0"},
				"down": {"uv": [0.5, 14.5, 1.5, 15.5], "texture": "#0"}
			}
		},
		{
			"from": [8.7, 4, 7.5],
			"to": [9.3, 4.4, 8.5],
			"rotation": {"angle": 0, "axis": "y", "origin": [9, 10, 8]},
			"faces": {
				"north": {"uv": [0.5, 14.5, 1.5, 15.5], "texture": "#0"},
				"east": {"uv": [0.5, 14.5, 1.5, 15.5], "texture": "#0"},
				"south": {"uv": [0.5, 14.5, 1.5, 15.5], "texture": "#0"},
				"west": {"uv": [0.5, 14.5, 1.5, 15.5], "texture": "#0"},
				"up": {"uv": [0.5, 14.5, 1.5, 15.5], "rotation": 90, "texture": "#0"},
				"down": {"uv": [0.5, 14.5, 1.5, 15.5], "rotation": 270, "texture": "#0"}
			}
		},
		{
			"from": [8.6, 4, 7.6],
			"to": [9.4, 4.4, 8.4],
			"rotation": {"angle": 0, "axis": "y", "origin": [9, 10, 8]},
			"faces": {
				"north": {"uv": [0.5, 14.5, 1.5, 15.5], "texture": "#0"},
				"east": {"uv": [0.5, 14.5, 1.5, 15.5], "texture": "#0"},
				"south": {"uv": [0.5, 14.5, 1.5, 15.5], "texture": "#0"},
				"west": {"uv": [0.5, 14.5, 1.5, 15.5], "texture": "#0"},
				"up": {"uv": [0.5, 14.5, 1.5, 15.5], "rotation": 90, "texture": "#0"},
				"down": {"uv": [0.5, 14.5, 1.5, 15.5], "rotation": 270, "texture": "#0"}
			}
		},
		{
			"from": [8.3, 4.4, 7.7],
			"to": [9.7, 4.6, 8.3],
			"rotation": {"angle": 0, "axis": "y", "origin": [9, 10, 8]},
			"faces": {
				"north": {"uv": [0.5, 14.5, 1.5, 15.5], "texture": "#0"},
				"east": {"uv": [0.5, 14.5, 1.5, 15.5], "texture": "#0"},
				"south": {"uv": [0.5, 14.5, 1.5, 15.5], "texture": "#0"},
				"west": {"uv": [0.5, 14.5, 1.5, 15.5], "texture": "#0"},
				"up": {"uv": [0.5, 14.5, 1.5, 15.5], "texture": "#0"},
				"down": {"uv": [0.5, 14.5, 1.5, 15.5], "texture": "#0"}
			}
		},
		{
			"from": [8.7, 4.4, 7.3],
			"to": [9.3, 4.6, 8.7],
			"rotation": {"angle": 0, "axis": "y", "origin": [9, 10, 8]},
			"faces": {
				"north": {"uv": [0.5, 14.5, 1.5, 15.5], "texture": "#0"},
				"east": {"uv": [0.5, 14.5, 1.5, 15.5], "texture": "#0"},
				"south": {"uv": [0.5, 14.5, 1.5, 15.5], "texture": "#0"},
				"west": {"uv": [0.5, 14.5, 1.5, 15.5], "texture": "#0"},
				"up": {"uv": [0.5, 14.5, 1.5, 15.5], "rotation": 90, "texture": "#0"},
				"down": {"uv": [0.5, 14.5, 1.5, 15.5], "rotation": 270, "texture": "#0"}
			}
		},
		{
			"from": [8.45, 4.4, 7.45],
			"to": [9.55, 4.6, 8.55],
			"rotation": {"angle": 0, "axis": "y", "origin": [9, 10, 8]},
			"faces": {
				"north": {"uv": [0.5, 14.5, 1.5, 15.5], "texture": "#0"},
				"east": {"uv": [0.5, 14.5, 1.5, 15.5], "texture": "#0"},
				"south": {"uv": [0.5, 14.5, 1.5, 15.5], "texture": "#0"},
				"west": {"uv": [0.5, 14.5, 1.5, 15.5], "texture": "#0"},
				"up": {"uv": [0.5, 14.5, 1.5, 15.5], "rotation": 90, "texture": "#0"},
				"down": {"uv": [0.5, 14.5, 1.5, 15.5], "rotation": 270, "texture": "#0"}
			}
		},
		{
			"from": [8.6, 4.6, 7.6],
			"to": [9.4, 6.1, 8.4],
			"rotation": {"angle": 0, "axis": "y", "origin": [9, 10, 8]},
			"faces": {
				"north": {"uv": [0.5, 4.5, 1.5, 5.5], "rotation": 270, "texture": "#0"},
				"east": {"uv": [0.5, 4.5, 1.5, 5.5], "rotation": 270, "texture": "#0"},
				"south": {"uv": [0.5, 4.5, 1.5, 5.5], "rotation": 270, "texture": "#0"},
				"west": {"uv": [0.5, 4.5, 1.5, 5.5], "rotation": 270, "texture": "#0"},
				"up": {"uv": [0.5, 4.5, 1.5, 5.5], "rotation": 270, "texture": "#0"},
				"down": {"uv": [0.5, 4.5, 1.5, 5.5], "rotation": 270, "texture": "#0"}
			}
		},
		{
			"from": [8.5, 4.6, 7.7],
			"to": [9.5, 6.1, 8.3],
			"rotation": {"angle": 0, "axis": "y", "origin": [9, 10, 8]},
			"faces": {
				"north": {"uv": [0.5, 4.5, 1.5, 5.5], "rotation": 270, "texture": "#0"},
				"east": {"uv": [0.5, 4.5, 1.5, 5.5], "rotation": 270, "texture": "#0"},
				"south": {"uv": [0.5, 4.5, 1.5, 5.5], "rotation": 270, "texture": "#0"},
				"west": {"uv": [0.5, 4.5, 1.5, 5.5], "rotation": 270, "texture": "#0"},
				"up": {"uv": [0.5, 4.5, 1.5, 5.5], "rotation": 270, "texture": "#0"},
				"down": {"uv": [0.5, 4.5, 1.5, 5.5], "rotation": 270, "texture": "#0"}
			}
		},
		{
			"from": [8.7, 4.6, 7.5],
			"to": [9.3, 6.1, 8.5],
			"rotation": {"angle": 0, "axis": "y", "origin": [9, 10, 8]},
			"faces": {
				"north": {"uv": [0.5, 4.5, 1.5, 5.5], "rotation": 270, "texture": "#0"},
				"east": {"uv": [0.5, 4.5, 1.5, 5.5], "rotation": 270, "texture": "#0"},
				"south": {"uv": [0.5, 4.5, 1.5, 5.5], "rotation": 270, "texture": "#0"},
				"west": {"uv": [0.5, 4.5, 1.5, 5.5], "rotation": 270, "texture": "#0"},
				"up": {"uv": [0.5, 4.5, 1.5, 5.5], "rotation": 270, "texture": "#0"},
				"down": {"uv": [0.5, 4.5, 1.5, 5.5], "rotation": 270, "texture": "#0"}
			}
		},
		{
			"from": [8.5, 6.1, 7.7],
			"to": [9.5, 6.3, 8.3],
			"rotation": {"angle": 0, "axis": "y", "origin": [9, 10, 8]},
			"faces": {
				"north": {"uv": [0.5, 14.5, 1.5, 15.5], "texture": "#0"},
				"east": {"uv": [0.5, 14.5, 1.5, 15.5], "texture": "#0"},
				"south": {"uv": [0.5, 14.5, 1.5, 15.5], "texture": "#0"},
				"west": {"uv": [0.5, 14.5, 1.5, 15.5], "texture": "#0"},
				"up": {"uv": [0.5, 14.5, 1.5, 15.5], "texture": "#0"},
				"down": {"uv": [0.5, 14.5, 1.5, 15.5], "texture": "#0"}
			}
		},
		{
			"from": [8.7, 6.1, 7.5],
			"to": [9.3, 6.3, 8.5],
			"rotation": {"angle": 0, "axis": "y", "origin": [9, 10, 8]},
			"faces": {
				"north": {"uv": [0.5, 14.5, 1.5, 15.5], "texture": "#0"},
				"east": {"uv": [0.5, 14.5, 1.5, 15.5], "texture": "#0"},
				"south": {"uv": [0.5, 14.5, 1.5, 15.5], "texture": "#0"},
				"west": {"uv": [0.5, 14.5, 1.5, 15.5], "texture": "#0"},
				"up": {"uv": [0.5, 14.5, 1.5, 15.5], "rotation": 90, "texture": "#0"},
				"down": {"uv": [0.5, 14.5, 1.5, 15.5], "rotation": 270, "texture": "#0"}
			}
		},
		{
			"from": [8.6, 6.1, 7.6],
			"to": [9.4, 6.3, 8.4],
			"rotation": {"angle": 0, "axis": "y", "origin": [9, 10, 8]},
			"faces": {
				"north": {"uv": [0.5, 14.5, 1.5, 15.5], "texture": "#0"},
				"east": {"uv": [0.5, 14.5, 1.5, 15.5], "texture": "#0"},
				"south": {"uv": [0.5, 14.5, 1.5, 15.5], "texture": "#0"},
				"west": {"uv": [0.5, 14.5, 1.5, 15.5], "texture": "#0"},
				"up": {"uv": [0.5, 14.5, 1.5, 15.5], "rotation": 90, "texture": "#0"},
				"down": {"uv": [0.5, 14.5, 1.5, 15.5], "rotation": 270, "texture": "#0"}
			}
		},
		{
			"from": [8.5, 6.3, 7.8],
			"to": [9.5, 6.8, 8.2],
			"rotation": {"angle": 0, "axis": "y", "origin": [9, 10, 8]},
			"faces": {
				"north": {"uv": [0.5, 14.5, 1.5, 15.5], "texture": "#0"},
				"east": {"uv": [0.5, 14.5, 1.5, 15.5], "texture": "#0"},
				"south": {"uv": [0.5, 14.5, 1.5, 15.5], "texture": "#0"},
				"west": {"uv": [0.5, 14.5, 1.5, 15.5], "texture": "#0"},
				"up": {"uv": [0.5, 14.5, 1.5, 15.5], "texture": "#0"},
				"down": {"uv": [0.5, 14.5, 1.5, 15.5], "texture": "#0"}
			}
		},
		{
			"from": [8.8, 6.3, 7.5],
			"to": [9.2, 6.8, 8.5],
			"rotation": {"angle": 0, "axis": "y", "origin": [9, 10, 8]},
			"faces": {
				"north": {"uv": [0.5, 14.5, 1.5, 15.5], "texture": "#0"},
				"east": {"uv": [0.5, 14.5, 1.5, 15.5], "texture": "#0"},
				"south": {"uv": [0.5, 14.5, 1.5, 15.5], "texture": "#0"},
				"west": {"uv": [0.5, 14.5, 1.5, 15.5], "texture": "#0"},
				"up": {"uv": [0.5, 14.5, 1.5, 15.5], "rotation": 90, "texture": "#0"},
				"down": {"uv": [0.5, 14.5, 1.5, 15.5], "rotation": 270, "texture": "#0"}
			}
		},
		{
			"from": [8.5, 7, 7.7],
			"to": [9.5, 7.2, 8.3],
			"rotation": {"angle": 0, "axis": "y", "origin": [9, 10, 8]},
			"faces": {
				"north": {"uv": [0.5, 14.5, 1.5, 15.5], "texture": "#0"},
				"east": {"uv": [0.5, 14.5, 1.5, 15.5], "texture": "#0"},
				"south": {"uv": [0.5, 14.5, 1.5, 15.5], "texture": "#0"},
				"west": {"uv": [0.5, 14.5, 1.5, 15.5], "texture": "#0"},
				"up": {"uv": [0.5, 14.5, 1.5, 15.5], "texture": "#0"},
				"down": {"uv": [0.5, 14.5, 1.5, 15.5], "texture": "#0"}
			}
		},
		{
			"from": [8.7, 7, 7.5],
			"to": [9.3, 7.2, 8.5],
			"rotation": {"angle": 0, "axis": "y", "origin": [9, 10, 8]},
			"faces": {
				"north": {"uv": [0.5, 14.5, 1.5, 15.5], "texture": "#0"},
				"east": {"uv": [0.5, 14.5, 1.5, 15.5], "texture": "#0"},
				"south": {"uv": [0.5, 14.5, 1.5, 15.5], "texture": "#0"},
				"west": {"uv": [0.5, 14.5, 1.5, 15.5], "texture": "#0"},
				"up": {"uv": [0.5, 14.5, 1.5, 15.5], "rotation": 90, "texture": "#0"},
				"down": {"uv": [0.5, 14.5, 1.5, 15.5], "rotation": 270, "texture": "#0"}
			}
		},
		{
			"from": [8.6, 7, 7.6],
			"to": [9.4, 7.2, 8.4],
			"rotation": {"angle": 0, "axis": "y", "origin": [9, 10, 8]},
			"faces": {
				"north": {"uv": [0.5, 14.5, 1.5, 15.5], "texture": "#0"},
				"east": {"uv": [0.5, 14.5, 1.5, 15.5], "texture": "#0"},
				"south": {"uv": [0.5, 14.5, 1.5, 15.5], "texture": "#0"},
				"west": {"uv": [0.5, 14.5, 1.5, 15.5], "texture": "#0"},
				"up": {"uv": [0.5, 14.5, 1.5, 15.5], "rotation": 90, "texture": "#0"},
				"down": {"uv": [0.5, 14.5, 1.5, 15.5], "rotation": 270, "texture": "#0"}
			}
		},
		{
			"from": [8.65, 6.3, 7.65],
			"to": [9.35, 7, 8.35],
			"rotation": {"angle": 0, "axis": "y", "origin": [9, 10, 8]},
			"faces": {
				"north": {"uv": [0.5, 12.5, 1.5, 13.5], "texture": "#0"},
				"east": {"uv": [0.5, 12.5, 1.5, 13.5], "texture": "#0"},
				"south": {"uv": [0.5, 12.5, 1.5, 13.5], "texture": "#0"},
				"west": {"uv": [0.5, 12.5, 1.5, 13.5], "texture": "#0"},
				"up": {"uv": [0.5, 12.5, 1.5, 13.5], "texture": "#0"},
				"down": {"uv": [0.5, 12.5, 1.5, 13.5], "texture": "#0"}
			}
		},
		{
			"from": [8.475, 7.2, 7.675],
			"to": [9.525, 7.5, 8.325],
			"rotation": {"angle": 0, "axis": "y", "origin": [9, 10, 8]},
			"faces": {
				"north": {"uv": [2.5, 10.5, 3.5, 11.5], "texture": "#0"},
				"east": {"uv": [2.5, 10.5, 3.5, 11.5], "texture": "#0"},
				"south": {"uv": [2.5, 10.5, 3.5, 11.5], "texture": "#0"},
				"west": {"uv": [2.5, 10.5, 3.5, 11.5], "texture": "#0"},
				"up": {"uv": [2.5, 10.5, 3.5, 11.5], "texture": "#0"},
				"down": {"uv": [2.5, 10.5, 3.5, 11.5], "texture": "#0"}
			}
		},
		{
			"from": [8.675, 7.2, 7.475],
			"to": [9.325, 7.5, 8.525],
			"rotation": {"angle": 0, "axis": "y", "origin": [9, 10, 8]},
			"faces": {
				"north": {"uv": [2.5, 10.5, 3.5, 11.5], "texture": "#0"},
				"east": {"uv": [2.5, 10.5, 3.5, 11.5], "texture": "#0"},
				"south": {"uv": [2.5, 10.5, 3.5, 11.5], "texture": "#0"},
				"west": {"uv": [2.5, 10.5, 3.5, 11.5], "texture": "#0"},
				"up": {"uv": [2.5, 10.5, 3.5, 11.5], "texture": "#0"},
				"down": {"uv": [2.5, 10.5, 3.5, 11.5], "texture": "#0"}
			}
		},
		{
			"from": [8.575, 7.2, 7.575],
			"to": [9.425, 7.5, 8.425],
			"rotation": {"angle": 0, "axis": "y", "origin": [9, 10, 8]},
			"faces": {
				"north": {"uv": [2.5, 10.5, 3.5, 11.5], "texture": "#0"},
				"east": {"uv": [2.5, 10.5, 3.5, 11.5], "texture": "#0"},
				"south": {"uv": [2.5, 10.5, 3.5, 11.5], "texture": "#0"},
				"west": {"uv": [2.5, 10.5, 3.5, 11.5], "texture": "#0"},
				"up": {"uv": [2.5, 10.5, 3.5, 11.5], "texture": "#0"},
				"down": {"uv": [2.5, 10.5, 3.5, 11.5], "texture": "#0"}
			}
		},
		{
			"from": [8.475, 7.6, 7.675],
			"to": [9.525, 7.9, 8.325],
			"rotation": {"angle": 0, "axis": "y", "origin": [9, 10, 8]},
			"faces": {
				"north": {"uv": [2.5, 10.5, 3.5, 11.5], "texture": "#0"},
				"east": {"uv": [2.5, 10.5, 3.5, 11.5], "texture": "#0"},
				"south": {"uv": [2.5, 10.5, 3.5, 11.5], "texture": "#0"},
				"west": {"uv": [2.5, 10.5, 3.5, 11.5], "texture": "#0"},
				"up": {"uv": [2.5, 10.5, 3.5, 11.5], "texture": "#0"},
				"down": {"uv": [2.5, 10.5, 3.5, 11.5], "texture": "#0"}
			}
		},
		{
			"from": [8.675, 7.6, 7.475],
			"to": [9.325, 7.9, 8.525],
			"rotation": {"angle": 0, "axis": "y", "origin": [9, 10, 8]},
			"faces": {
				"north": {"uv": [2.5, 10.5, 3.5, 11.5], "texture": "#0"},
				"east": {"uv": [2.5, 10.5, 3.5, 11.5], "texture": "#0"},
				"south": {"uv": [2.5, 10.5, 3.5, 11.5], "texture": "#0"},
				"west": {"uv": [2.5, 10.5, 3.5, 11.5], "texture": "#0"},
				"up": {"uv": [2.5, 10.5, 3.5, 11.5], "texture": "#0"},
				"down": {"uv": [2.5, 10.5, 3.5, 11.5], "texture": "#0"}
			}
		},
		{
			"from": [8.575, 7.6, 7.575],
			"to": [9.425, 7.9, 8.425],
			"rotation": {"angle": 0, "axis": "y", "origin": [9, 10, 8]},
			"faces": {
				"north": {"uv": [2.5, 10.5, 3.5, 11.5], "texture": "#0"},
				"east": {"uv": [2.5, 10.5, 3.5, 11.5], "texture": "#0"},
				"south": {"uv": [2.5, 10.5, 3.5, 11.5], "texture": "#0"},
				"west": {"uv": [2.5, 10.5, 3.5, 11.5], "texture": "#0"},
				"up": {"uv": [2.5, 10.5, 3.5, 11.5], "texture": "#0"},
				"down": {"uv": [2.5, 10.5, 3.5, 11.5], "texture": "#0"}
			}
		},
		{
			"from": [8.5, 7.5, 7.7],
			"to": [9.5, 8, 8.3],
			"rotation": {"angle": 0, "axis": "y", "origin": [9, 10, 8]},
			"faces": {
				"north": {"uv": [0.5, 10.5, 1.5, 11.5], "texture": "#0"},
				"east": {"uv": [0.5, 10.5, 1.5, 11.5], "texture": "#0"},
				"south": {"uv": [0.5, 10.5, 1.5, 11.5], "texture": "#0"},
				"west": {"uv": [0.5, 10.5, 1.5, 11.5], "texture": "#0"},
				"up": {"uv": [0.5, 10.5, 1.5, 11.5], "texture": "#0"},
				"down": {"uv": [0.5, 10.5, 1.5, 11.5], "texture": "#0"}
			}
		},
		{
			"from": [8.7, 7.5, 7.5],
			"to": [9.3, 8, 8.5],
			"rotation": {"angle": 0, "axis": "y", "origin": [9, 10, 8]},
			"faces": {
				"north": {"uv": [0.5, 10.5, 1.5, 11.5], "texture": "#0"},
				"east": {"uv": [0.5, 10.5, 1.5, 11.5], "texture": "#0"},
				"south": {"uv": [0.5, 10.5, 1.5, 11.5], "texture": "#0"},
				"west": {"uv": [0.5, 10.5, 1.5, 11.5], "texture": "#0"},
				"up": {"uv": [0.5, 10.5, 1.5, 11.5], "texture": "#0"},
				"down": {"uv": [0.5, 10.5, 1.5, 11.5], "texture": "#0"}
			}
		},
		{
			"from": [8.6, 7.5, 7.6],
			"to": [9.4, 8, 8.4],
			"rotation": {"angle": 0, "axis": "y", "origin": [9, 10, 8]},
			"faces": {
				"north": {"uv": [0.5, 10.5, 1.5, 11.5], "texture": "#0"},
				"east": {"uv": [0.5, 10.5, 1.5, 11.5], "texture": "#0"},
				"south": {"uv": [0.5, 10.5, 1.5, 11.5], "texture": "#0"},
				"west": {"uv": [0.5, 10.5, 1.5, 11.5], "texture": "#0"},
				"up": {"uv": [0.5, 10.5, 1.5, 11.5], "texture": "#0"},
				"down": {"uv": [0.5, 10.5, 1.5, 11.5], "texture": "#0"}
			}
		},
		{
			"from": [8.5, 6.8, 7.8],
			"to": [9.5, 7, 7.9],
			"rotation": {"angle": 0, "axis": "y", "origin": [9, 10, 8]},
			"faces": {
				"north": {"uv": [0.5, 14.5, 1.5, 15.5], "texture": "#0"},
				"east": {"uv": [0.5, 14.5, 1.5, 15.5], "texture": "#0"},
				"south": {"uv": [0.5, 14.5, 1.5, 15.5], "texture": "#0"},
				"west": {"uv": [0.5, 14.5, 1.5, 15.5], "texture": "#0"},
				"up": {"uv": [0.5, 14.5, 1.5, 15.5], "rotation": 180, "texture": "#0"},
				"down": {"uv": [0.5, 14.5, 1.5, 15.5], "rotation": 180, "texture": "#0"}
			}
		},
		{
			"from": [8.5, 6.8, 8.1],
			"to": [9.5, 7, 8.2],
			"rotation": {"angle": 0, "axis": "y", "origin": [9, 10, 8]},
			"faces": {
				"north": {"uv": [0.5, 14.5, 1.5, 15.5], "texture": "#0"},
				"east": {"uv": [0.5, 14.5, 1.5, 15.5], "texture": "#0"},
				"south": {"uv": [0.5, 14.5, 1.5, 15.5], "texture": "#0"},
				"west": {"uv": [0.5, 14.5, 1.5, 15.5], "texture": "#0"},
				"up": {"uv": [0.5, 14.5, 1.5, 15.5], "rotation": 180, "texture": "#0"},
				"down": {"uv": [0.5, 14.5, 1.5, 15.5], "rotation": 180, "texture": "#0"}
			}
		},
		{
			"from": [9.1, 6.8, 7.5],
			"to": [9.2, 7, 8.5],
			"rotation": {"angle": 0, "axis": "y", "origin": [9, 10, 8]},
			"faces": {
				"north": {"uv": [0.5, 14.5, 1.5, 15.5], "texture": "#0"},
				"east": {"uv": [0.5, 14.5, 1.5, 15.5], "texture": "#0"},
				"south": {"uv": [0.5, 14.5, 1.5, 15.5], "texture": "#0"},
				"west": {"uv": [0.5, 14.5, 1.5, 15.5], "texture": "#0"},
				"up": {"uv": [0.5, 14.5, 1.5, 15.5], "rotation": 90, "texture": "#0"},
				"down": {"uv": [0.5, 14.5, 1.5, 15.5], "rotation": 270, "texture": "#0"}
			}
		},
		{
			"from": [8.8, 6.8, 7.5],
			"to": [8.9, 7, 8.5],
			"rotation": {"angle": 0, "axis": "y", "origin": [9, 10, 8]},
			"faces": {
				"north": {"uv": [0.5, 14.5, 1.5, 15.5], "texture": "#0"},
				"east": {"uv": [0.5, 14.5, 1.5, 15.5], "texture": "#0"},
				"south": {"uv": [0.5, 14.5, 1.5, 15.5], "texture": "#0"},
				"west": {"uv": [0.5, 14.5, 1.5, 15.5], "texture": "#0"},
				"up": {"uv": [0.5, 14.5, 1.5, 15.5], "rotation": 90, "texture": "#0"},
				"down": {"uv": [0.5, 14.5, 1.5, 15.5], "rotation": 270, "texture": "#0"}
			}
		},
		{
			"from": [8.6, 8, 7.55],
			"to": [9.4, 9.5, 8.45],
			"rotation": {"angle": 0, "axis": "y", "origin": [9, 10, 8]},
			"faces": {
				"north": {"uv": [0.5, 4.5, 1.5, 5.5], "rotation": 270, "texture": "#0"},
				"east": {"uv": [0.5, 4.5, 1.5, 5.5], "rotation": 270, "texture": "#0"},
				"south": {"uv": [0.5, 4.5, 1.5, 5.5], "rotation": 270, "texture": "#0"},
				"west": {"uv": [0.5, 4.5, 1.5, 5.5], "rotation": 270, "texture": "#0"},
				"up": {"uv": [0.5, 4.5, 1.5, 5.5], "texture": "#0"},
				"down": {"uv": [0.5, 4.5, 1.5, 5.5], "rotation": 180, "texture": "#0"}
			}
		},
		{
			"from": [8.5, 8, 7.65],
			"to": [9.5, 9.5, 8.35],
			"rotation": {"angle": 0, "axis": "y", "origin": [9, 10, 8]},
			"faces": {
				"north": {"uv": [0.5, 4.5, 1.5, 5.5], "rotation": 270, "texture": "#0"},
				"east": {"uv": [0.5, 4.5, 1.5, 5.5], "rotation": 270, "texture": "#0"},
				"south": {"uv": [0.5, 4.5, 1.5, 5.5], "rotation": 270, "texture": "#0"},
				"west": {"uv": [0.5, 4.5, 1.5, 5.5], "rotation": 270, "texture": "#0"},
				"up": {"uv": [0.5, 4.5, 1.5, 5.5], "texture": "#0"},
				"down": {"uv": [0.5, 4.5, 1.5, 5.5], "rotation": 180, "texture": "#0"}
			}
		},
		{
			"from": [8.575, 9.5, 7.525],
			"to": [9.425, 9.7, 8.475],
			"rotation": {"angle": 0, "axis": "y", "origin": [9, 10, 8]},
			"faces": {
				"north": {"uv": [0.5, 14.5, 1.5, 15.5], "rotation": 180, "texture": "#0"},
				"east": {"uv": [0.5, 14.5, 1.5, 15.5], "rotation": 180, "texture": "#0"},
				"south": {"uv": [0.5, 14.5, 1.5, 15.5], "rotation": 180, "texture": "#0"},
				"west": {"uv": [0.5, 14.5, 1.5, 15.5], "rotation": 180, "texture": "#0"},
				"up": {"uv": [0.5, 14.5, 1.5, 15.5], "rotation": 180, "texture": "#0"},
				"down": {"uv": [0.5, 14.5, 1.5, 15.5], "rotation": 180, "texture": "#0"}
			}
		},
		{
			"from": [8.475, 9.5, 7.625],
			"to": [9.525, 9.7, 8.375],
			"rotation": {"angle": 0, "axis": "y", "origin": [9, 10, 8]},
			"faces": {
				"north": {"uv": [0.5, 14.5, 1.5, 15.5], "rotation": 180, "texture": "#0"},
				"east": {"uv": [0.5, 14.5, 1.5, 15.5], "rotation": 180, "texture": "#0"},
				"south": {"uv": [0.5, 14.5, 1.5, 15.5], "rotation": 180, "texture": "#0"},
				"west": {"uv": [0.5, 14.5, 1.5, 15.5], "rotation": 180, "texture": "#0"},
				"up": {"uv": [0.5, 14.5, 1.5, 15.5], "rotation": 180, "texture": "#0"},
				"down": {"uv": [0.5, 14.5, 1.5, 15.5], "rotation": 180, "texture": "#0"}
			}
		},
		{
			"from": [8.45, 9.7, 7.675],
			"to": [9.55, 10, 8.325],
			"rotation": {"angle": 0, "axis": "y", "origin": [9, 10, 8]},
			"faces": {
				"north": {"uv": [0.5, 12.5, 1.5, 13.5], "texture": "#0"},
				"east": {"uv": [0.5, 12.5, 1.5, 13.5], "texture": "#0"},
				"south": {"uv": [0.5, 12.5, 1.5, 13.5], "texture": "#0"},
				"west": {"uv": [0.5, 12.5, 1.5, 13.5], "texture": "#0"},
				"up": {"uv": [0.5, 12.5, 1.5, 13.5], "texture": "#0"},
				"down": {"uv": [0.5, 12.5, 1.5, 13.5], "texture": "#0"}
			}
		},
		{
			"from": [8.675, 9.7, 7.45],
			"to": [9.325, 10, 8.55],
			"rotation": {"angle": 0, "axis": "y", "origin": [9, 10, 8]},
			"faces": {
				"north": {"uv": [0.5, 12.5, 1.5, 13.5], "texture": "#0"},
				"east": {"uv": [0.5, 12.5, 1.5, 13.5], "texture": "#0"},
				"south": {"uv": [0.5, 12.5, 1.5, 13.5], "texture": "#0"},
				"west": {"uv": [0.5, 12.5, 1.5, 13.5], "texture": "#0"},
				"up": {"uv": [0.5, 12.5, 1.5, 13.5], "texture": "#0"},
				"down": {"uv": [0.5, 12.5, 1.5, 13.5], "texture": "#0"}
			}
		},
		{
			"from": [8.5, 8.7, 8.5],
			"to": [9.5, 9, 9.6],
			"rotation": {"angle": 0, "axis": "y", "origin": [9, 9, 9]},
			"faces": {
				"north": {"uv": [0.5, 12.5, 1.5, 13.5], "texture": "#0"},
				"east": {"uv": [0.5, 12.5, 1.5, 13.5], "texture": "#0"},
				"south": {"uv": [0.5, 12.5, 1.5, 13.5], "texture": "#0"},
				"west": {"uv": [0.5, 12.5, 1.5, 13.5], "texture": "#0"},
				"up": {"uv": [0.5, 12.5, 1.5, 13.5], "texture": "#0"},
				"down": {"uv": [0.5, 12.5, 1.5, 13.5], "texture": "#0"}
			}
		},
		{
			"from": [8.675, 8.7, 8.45],
			"to": [9.325, 9, 8.55],
			"rotation": {"angle": 0, "axis": "y", "origin": [9, 9, 8]},
			"faces": {
				"north": {"uv": [0.5, 12.5, 1.5, 13.5], "texture": "#0"},
				"east": {"uv": [0.5, 12.5, 1.5, 13.5], "texture": "#0"},
				"south": {"uv": [0.5, 12.5, 1.5, 13.5], "texture": "#0"},
				"west": {"uv": [0.5, 12.5, 1.5, 13.5], "texture": "#0"},
				"up": {"uv": [0.5, 12.5, 1.5, 13.5], "texture": "#0"},
				"down": {"uv": [0.5, 12.5, 1.5, 13.5], "texture": "#0"}
			}
		},
		{
			"from": [8.55, 9.7, 7.55],
			"to": [9.45, 10, 8.45],
			"rotation": {"angle": 0, "axis": "y", "origin": [9, 10, 8]},
			"faces": {
				"north": {"uv": [0.5, 12.5, 1.5, 13.5], "texture": "#0"},
				"east": {"uv": [0.5, 12.5, 1.5, 13.5], "texture": "#0"},
				"south": {"uv": [0.5, 12.5, 1.5, 13.5], "texture": "#0"},
				"west": {"uv": [0.5, 12.5, 1.5, 13.5], "texture": "#0"},
				"up": {"uv": [0.5, 12.5, 1.5, 13.5], "texture": "#0"},
				"down": {"uv": [0.5, 12.5, 1.5, 13.5], "texture": "#0"}
			}
		},
		{
			"from": [8.6312, 10, 7.525],
			"to": [9.3687, 10.2, 8.475],
			"rotation": {"angle": 0, "axis": "y", "origin": [9, 10, 8]},
			"faces": {
				"north": {"uv": [0.5, 14.5, 1.5, 15.5], "texture": "#0"},
				"east": {"uv": [0.5, 14.5, 1.5, 15.5], "texture": "#0"},
				"south": {"uv": [0.5, 14.5, 1.5, 15.5], "texture": "#0"},
				"west": {"uv": [0.5, 14.5, 1.5, 15.5], "texture": "#0"},
				"up": {"uv": [0.5, 14.5, 1.5, 15.5], "texture": "#0"},
				"down": {"uv": [0.5, 14.5, 1.5, 15.5], "texture": "#0"}
			}
		},
		{
			"from": [8.5312, 10, 7.625],
			"to": [9.4687, 10.2, 8.375],
			"rotation": {"angle": 0, "axis": "y", "origin": [9, 10, 8]},
			"faces": {
				"north": {"uv": [0.5, 14.5, 1.5, 15.5], "texture": "#0"},
				"east": {"uv": [0.5, 14.5, 1.5, 15.5], "texture": "#0"},
				"south": {"uv": [0.5, 14.5, 1.5, 15.5], "texture": "#0"},
				"west": {"uv": [0.5, 14.5, 1.5, 15.5], "texture": "#0"},
				"up": {"uv": [0.5, 14.5, 1.5, 15.5], "texture": "#0"},
				"down": {"uv": [0.5, 14.5, 1.5, 15.5], "texture": "#0"}
			}
		},
		{
			"from": [8.6, 10.2, 7.55],
			"to": [9.4, 10.3, 8.45],
			"rotation": {"angle": 0, "axis": "y", "origin": [9, 10, 8]},
			"faces": {
				"north": {"uv": [0.5, 4.5, 1.5, 5.5], "rotation": 270, "texture": "#0"},
				"east": {"uv": [0.5, 4.5, 1.5, 5.5], "rotation": 270, "texture": "#0"},
				"south": {"uv": [0.5, 4.5, 1.5, 5.5], "rotation": 270, "texture": "#0"},
				"west": {"uv": [0.5, 4.5, 1.5, 5.5], "rotation": 270, "texture": "#0"},
				"up": {"uv": [0.5, 6.5, 1.5, 7.5], "rotation": 270, "texture": "#0"},
				"down": {"uv": [0.5, 4.5, 1.5, 5.5], "rotation": 180, "texture": "#0"}
			}
		},
		{
			"from": [8.55, 10.2, 7.6],
			"to": [9.45, 10.3, 8.4],
			"rotation": {"angle": 0, "axis": "y", "origin": [9, 10, 8]},
			"faces": {
				"north": {"uv": [0.5, 4.5, 1.5, 5.5], "rotation": 270, "texture": "#0"},
				"east": {"uv": [0.5, 4.5, 1.5, 5.5], "rotation": 270, "texture": "#0"},
				"south": {"uv": [0.5, 4.5, 1.5, 5.5], "rotation": 270, "texture": "#0"},
				"west": {"uv": [0.5, 4.5, 1.5, 5.5], "rotation": 270, "texture": "#0"},
				"up": {"uv": [0.5, 6.5, 1.5, 7.5], "rotation": 270, "texture": "#0"},
				"down": {"uv": [0.5, 4.5, 1.5, 5.5], "rotation": 90, "texture": "#0"}
			}
		},
		{
			"from": [8.6, 11.5, 7.55],
			"to": [9.4, 11.6, 8.45],
			"rotation": {"angle": 0, "axis": "y", "origin": [9, 10, 8]},
			"faces": {
				"north": {"uv": [0.5, 4.5, 1.5, 5.5], "rotation": 270, "texture": "#0"},
				"east": {"uv": [0.5, 4.5, 1.5, 5.5], "rotation": 270, "texture": "#0"},
				"south": {"uv": [0.5, 4.5, 1.5, 5.5], "rotation": 270, "texture": "#0"},
				"west": {"uv": [0.5, 4.5, 1.5, 5.5], "rotation": 270, "texture": "#0"},
				"up": {"uv": [0.5, 6.5, 1.5, 7.5], "rotation": 270, "texture": "#0"},
				"down": {"uv": [0.5, 6.5, 1.5, 7.5], "rotation": 270, "texture": "#0"}
			}
		},
		{
			"from": [8.55, 11.5, 7.6],
			"to": [9.45, 11.6, 8.4],
			"rotation": {"angle": 0, "axis": "y", "origin": [9, 10, 8]},
			"faces": {
				"north": {"uv": [0.5, 4.5, 1.5, 5.5], "rotation": 270, "texture": "#0"},
				"east": {"uv": [0.5, 4.5, 1.5, 5.5], "rotation": 270, "texture": "#0"},
				"south": {"uv": [0.5, 4.5, 1.5, 5.5], "rotation": 270, "texture": "#0"},
				"west": {"uv": [0.5, 4.5, 1.5, 5.5], "rotation": 270, "texture": "#0"},
				"up": {"uv": [0.5, 6.5, 1.5, 7.5], "rotation": 270, "texture": "#0"},
				"down": {"uv": [0.5, 6.5, 1.5, 7.5], "rotation": 270, "texture": "#0"}
			}
		},
		{
			"from": [8.6, 13, 7.55],
			"to": [9.4, 13.1, 8.45],
			"rotation": {"angle": 0, "axis": "y", "origin": [9, 10, 8]},
			"faces": {
				"north": {"uv": [0.5, 4.5, 1.5, 5.5], "rotation": 270, "texture": "#0"},
				"east": {"uv": [0.5, 4.5, 1.5, 5.5], "rotation": 270, "texture": "#0"},
				"south": {"uv": [0.5, 4.5, 1.5, 5.5], "rotation": 270, "texture": "#0"},
				"west": {"uv": [0.5, 4.5, 1.5, 5.5], "rotation": 270, "texture": "#0"},
				"up": {"uv": [0.5, 4.5, 1.5, 5.5], "texture": "#0"},
				"down": {"uv": [0.5, 6.5, 1.5, 7.5], "rotation": 270, "texture": "#0"}
			}
		},
		{
			"from": [8.55, 13, 7.6],
			"to": [9.45, 13.1, 8.4],
			"rotation": {"angle": 0, "axis": "y", "origin": [9, 10, 8]},
			"faces": {
				"north": {"uv": [0.5, 4.5, 1.5, 5.5], "rotation": 270, "texture": "#0"},
				"east": {"uv": [0.5, 4.5, 1.5, 5.5], "rotation": 270, "texture": "#0"},
				"south": {"uv": [0.5, 4.5, 1.5, 5.5], "rotation": 270, "texture": "#0"},
				"west": {"uv": [0.5, 4.5, 1.5, 5.5], "rotation": 270, "texture": "#0"},
				"up": {"uv": [0.5, 4.5, 1.5, 5.5], "rotation": 270, "texture": "#0"},
				"down": {"uv": [0.5, 6.5, 1.5, 7.5], "rotation": 270, "texture": "#0"}
			}
		},
		{
			"from": [8.65, 10.3, 7.9],
			"to": [9.35, 13, 8.1],
			"rotation": {"angle": 0, "axis": "y", "origin": [9, 10, 8]},
			"faces": {
				"north": {"uv": [0.5, 6.5, 1.5, 7.5], "rotation": 270, "texture": "#0"},
				"east": {"uv": [0.5, 4.5, 1.5, 5.5], "rotation": 270, "texture": "#0"},
				"south": {"uv": [0.5, 6.5, 1.5, 7.5], "rotation": 270, "texture": "#0"},
				"west": {"uv": [0.5, 4.5, 1.5, 5.5], "rotation": 270, "texture": "#0"},
				"up": {"uv": [0.5, 4.5, 1.5, 5.5], "texture": "#0"},
				"down": {"uv": [0.5, 4.5, 1.5, 5.5], "rotation": 180, "texture": "#0"}
			}
		},
		{
			"from": [9.1, 10.3, 8.1],
			"to": [9.4, 13.15, 8.4],
			"rotation": {"angle": 0, "axis": "y", "origin": [9, 10, 8]},
			"faces": {
				"north": {"uv": [14.5, 2.5, 15.5, 3.5], "rotation": 90, "texture": "#0"},
				"east": {"uv": [14.5, 2.5, 15.5, 3.5], "rotation": 90, "texture": "#0"},
				"south": {"uv": [14.5, 2.5, 15.5, 3.5], "rotation": 90, "texture": "#0"},
				"west": {"uv": [14.5, 2.5, 15.5, 3.5], "rotation": 90, "texture": "#0"},
				"up": {"uv": [14.5, 2.5, 15.5, 3.5], "rotation": 90, "texture": "#0"},
				"down": {"uv": [14.5, 2.5, 15.5, 3.5], "rotation": 90, "texture": "#0"}
			}
		},
		{
			"from": [8.9, 10.3, 7.65],
			"to": [9.1, 13, 8.35],
			"rotation": {"angle": 0, "axis": "y", "origin": [9, 10, 8]},
			"faces": {
				"north": {"uv": [0.5, 4.5, 1.5, 5.5], "rotation": 270, "texture": "#0"},
				"east": {"uv": [0.5, 6.5, 1.5, 7.5], "rotation": 270, "texture": "#0"},
				"south": {"uv": [0.5, 4.5, 1.5, 5.5], "rotation": 270, "texture": "#0"},
				"west": {"uv": [0.5, 6.5, 1.5, 7.5], "rotation": 270, "texture": "#0"},
				"up": {"uv": [0.5, 4.5, 1.5, 5.5], "rotation": 90, "texture": "#0"},
				"down": {"uv": [0.5, 4.5, 1.5, 5.5], "rotation": 90, "texture": "#0"}
			}
		},
		{
			"from": [8.6, 10.3, 7.6],
			"to": [8.9, 13.15, 7.9],
			"rotation": {"angle": 0, "axis": "y", "origin": [9, 10, 8]},
			"faces": {
				"north": {"uv": [12.5, 0.5, 13.5, 1.5], "texture": "#0"},
				"east": {"uv": [12.5, 0.5, 13.5, 1.5], "texture": "#0"},
				"south": {"uv": [12.5, 0.5, 13.5, 1.5], "texture": "#0"},
				"west": {"uv": [12.5, 0.5, 13.5, 1.5], "texture": "#0"},
				"up": {"uv": [12.5, 0.5, 13.5, 1.5], "texture": "#0"},
				"down": {"uv": [12.5, 0.5, 13.5, 1.5], "texture": "#0"}
			}
		},
		{
			"from": [9.1, 10.3, 7.6],
			"to": [9.4, 13.15, 7.9],
			"rotation": {"angle": 0, "axis": "y", "origin": [9, 10, 8]},
			"faces": {
				"north": {"uv": [14.5, 0.5, 15.5, 1.5], "texture": "#0"},
				"east": {"uv": [14.5, 0.5, 15.5, 1.5], "texture": "#0"},
				"south": {"uv": [14.5, 0.5, 15.5, 1.5], "texture": "#0"},
				"west": {"uv": [14.5, 0.5, 15.5, 1.5], "texture": "#0"},
				"up": {"uv": [14.5, 0.5, 15.5, 1.5], "texture": "#0"},
				"down": {"uv": [14.5, 0.5, 15.5, 1.5], "texture": "#0"}
			}
		},
		{
			"from": [8.7, 8.2, 7.45],
			"to": [9.3, 9.2, 7.65],
			"rotation": {"angle": 0, "axis": "y", "origin": [9, 10, 8]},
			"faces": {
				"north": {"uv": [0.5, 14.5, 1.5, 15.5], "rotation": 180, "texture": "#0"},
				"east": {"uv": [0.5, 14.5, 1.5, 15.5], "rotation": 180, "texture": "#0"},
				"south": {"uv": [0.5, 14.5, 1.5, 15.5], "rotation": 180, "texture": "#0"},
				"west": {"uv": [0.5, 14.5, 1.5, 15.5], "rotation": 180, "texture": "#0"},
				"up": {"uv": [0.5, 14.5, 1.5, 15.5], "rotation": 180, "texture": "#0"},
				"down": {"uv": [0.5, 14.5, 1.5, 15.5], "rotation": 180, "texture": "#0"}
			}
		},
		{
			"from": [8.4375, 8.6875, 7.6875],
			"to": [9.5625, 9.6875, 8.28125],
			"rotation": {"angle": 0, "axis": "y", "origin": [9, 10, 8]},
			"faces": {
				"north": {"uv": [2.5, 12.5, 3.5, 13.5], "rotation": 180, "texture": "#0"},
				"east": {"uv": [2.5, 12.5, 3.5, 13.5], "rotation": 180, "texture": "#0"},
				"south": {"uv": [2.5, 12.5, 3.5, 13.5], "rotation": 180, "texture": "#0"},
				"west": {"uv": [2.5, 12.5, 3.5, 13.5], "rotation": 180, "texture": "#0"},
				"up": {"uv": [2.5, 12.5, 3.5, 13.5], "rotation": 180, "texture": "#0"},
				"down": {"uv": [2.5, 12.5, 3.5, 13.5], "rotation": 180, "texture": "#0"}
			}
		},
		{
			"from": [8.6, 10.3, 8.1],
			"to": [8.9, 13.15, 8.4],
			"rotation": {"angle": 0, "axis": "y", "origin": [9, 10, 8]},
			"faces": {
				"north": {"uv": [12.5, 2.5, 13.5, 3.5], "rotation": 90, "texture": "#0"},
				"east": {"uv": [12.5, 2.5, 13.5, 3.5], "rotation": 90, "texture": "#0"},
				"south": {"uv": [12.5, 2.5, 13.5, 3.5], "rotation": 90, "texture": "#0"},
				"west": {"uv": [12.5, 2.5, 13.5, 3.5], "rotation": 90, "texture": "#0"},
				"up": {"uv": [12.5, 2.5, 13.5, 3.5], "rotation": 90, "texture": "#0"},
				"down": {"uv": [12.5, 2.5, 13.5, 3.5], "rotation": 90, "texture": "#0"}
			}
		},
		{
			"from": [8.9062, 6.2188, 7.4062],
			"to": [9.0937, 6.7813, 8.5937],
			"rotation": {"angle": 0, "axis": "y", "origin": [9, 10, 8]},
			"faces": {
				"north": {"uv": [2.5, 12.5, 3.5, 13.5], "rotation": 270, "texture": "#0"},
				"east": {"uv": [2.5, 12.5, 3.5, 13.5], "rotation": 270, "texture": "#0"},
				"south": {"uv": [2.5, 12.5, 3.5, 13.5], "rotation": 270, "texture": "#0"},
				"west": {"uv": [2.5, 12.5, 3.5, 13.5], "rotation": 270, "texture": "#0"},
				"up": {"uv": [2.5, 12.5, 3.5, 13.5], "rotation": 270, "texture": "#0"},
				"down": {"uv": [2.5, 12.5, 3.5, 13.5], "rotation": 270, "texture": "#0"}
			}
		},
		{
			"from": [8.4062, 6.2188, 7.9062],
			"to": [9.5937, 6.7813, 8.0937],
			"rotation": {"angle": 0, "axis": "y", "origin": [9, 10, 8]},
			"faces": {
				"north": {"uv": [2.5, 12.5, 3.5, 13.5], "rotation": 270, "texture": "#0"},
				"east": {"uv": [2.5, 12.5, 3.5, 13.5], "rotation": 270, "texture": "#0"},
				"south": {"uv": [2.5, 12.5, 3.5, 13.5], "rotation": 270, "texture": "#0"},
				"west": {"uv": [2.5, 12.5, 3.5, 13.5], "rotation": 270, "texture": "#0"},
				"up": {"uv": [2.5, 12.5, 3.5, 13.5], "rotation": 270, "texture": "#0"},
				"down": {"uv": [2.5, 12.5, 3.5, 13.5], "rotation": 270, "texture": "#0"}
			}
		},
		{
			"from": [8.9375, 6.5938, 7.3438],
			"to": [9.0625, 6.7188, 8.6563],
			"rotation": {"angle": 0, "axis": "y", "origin": [9, 10, 8]},
			"faces": {
				"north": {"uv": [2.5, 14.5, 3.5, 15.5], "texture": "#0"},
				"east": {"uv": [2.5, 14.5, 3.5, 15.5], "texture": "#0"},
				"south": {"uv": [2.5, 14.5, 3.5, 15.5], "texture": "#0"},
				"west": {"uv": [2.5, 14.5, 3.5, 15.5], "texture": "#0"},
				"up": {"uv": [2.5, 14.5, 3.5, 15.5], "texture": "#0"},
				"down": {"uv": [2.5, 14.5, 3.5, 15.5], "texture": "#0"}
			}
		},
		{
			"from": [8.3438, 6.5938, 7.9375],
			"to": [9.6563, 6.7188, 8.0625],
			"rotation": {"angle": 0, "axis": "y", "origin": [9, 10, 8]},
			"faces": {
				"north": {"uv": [2.5, 14.5, 3.5, 15.5], "texture": "#0"},
				"east": {"uv": [2.5, 14.5, 3.5, 15.5], "texture": "#0"},
				"south": {"uv": [2.5, 14.5, 3.5, 15.5], "texture": "#0"},
				"west": {"uv": [2.5, 14.5, 3.5, 15.5], "texture": "#0"},
				"up": {"uv": [2.5, 14.5, 3.5, 15.5], "rotation": 90, "texture": "#0"},
				"down": {"uv": [2.5, 14.5, 3.5, 15.5], "rotation": 270, "texture": "#0"}
			}
		},
		{
			"from": [8.25, 4.7499, 7.6069],
			"to": [9.75, 4.84365, 8.2944],
			"rotation": {"angle": 0, "axis": "y", "origin": [9, 10, 8]},
			"faces": {
				"north": {"uv": [0.5, 14.5, 1.5, 15.5], "texture": "#0"},
				"east": {"uv": [0.5, 14.5, 1.5, 15.5], "texture": "#0"},
				"south": {"uv": [0.5, 14.5, 1.5, 15.5], "texture": "#0"},
				"west": {"uv": [0.5, 14.5, 1.5, 15.5], "texture": "#0"},
				"up": {"uv": [0.5, 14.5, 1.5, 15.5], "texture": "#0"},
				"down": {"uv": [0.5, 14.5, 1.5, 15.5], "texture": "#0"}
			}
		},
		{
			"from": [8.65, 4.7499, 7.2562],
			"to": [9.35, 4.84365, 8.7437],
			"rotation": {"angle": 0, "axis": "y", "origin": [9, 10, 8]},
			"faces": {
				"north": {"uv": [0.5, 14.5, 1.5, 15.5], "texture": "#0"},
				"east": {"uv": [0.5, 14.5, 1.5, 15.5], "texture": "#0"},
				"south": {"uv": [0.5, 14.5, 1.5, 15.5], "texture": "#0"},
				"west": {"uv": [0.5, 14.5, 1.5, 15.5], "texture": "#0"},
				"up": {"uv": [0.5, 14.5, 1.5, 15.5], "rotation": 90, "texture": "#0"},
				"down": {"uv": [0.5, 14.5, 1.5, 15.5], "rotation": 270, "texture": "#0"}
			}
		},
		{
			"from": [8.4, 4.7499, 7.4062],
			"to": [9.6, 4.84365, 8.5937],
			"rotation": {"angle": 0, "axis": "y", "origin": [9, 10, 8]},
			"faces": {
				"north": {"uv": [0.5, 14.5, 1.5, 15.5], "texture": "#0"},
				"east": {"uv": [0.5, 14.5, 1.5, 15.5], "texture": "#0"},
				"south": {"uv": [0.5, 14.5, 1.5, 15.5], "texture": "#0"},
				"west": {"uv": [0.5, 14.5, 1.5, 15.5], "texture": "#0"},
				"up": {"uv": [0.5, 14.5, 1.5, 15.5], "rotation": 90, "texture": "#0"},
				"down": {"uv": [0.5, 14.5, 1.5, 15.5], "rotation": 270, "texture": "#0"}
			}
		},
		{
			"from": [8.9, 4.7637, 7.232],
			"to": [9.0875, 5.85745, 7.32575],
			"rotation": {"angle": 0, "axis": "y", "origin": [9, 10, 8]},
			"faces": {
				"north": {"uv": [2.5, 12.5, 3.5, 13.5], "rotation": 270, "texture": "#0"},
				"east": {"uv": [2.5, 12.5, 3.5, 13.5], "rotation": 270, "texture": "#0"},
				"south": {"uv": [2.5, 12.5, 3.5, 13.5], "rotation": 270, "texture": "#0"},
				"west": {"uv": [2.5, 12.5, 3.5, 13.5], "rotation": 270, "texture": "#0"},
				"up": {"uv": [2.5, 12.5, 3.5, 13.5], "rotation": 270, "texture": "#0"},
				"down": {"uv": [2.5, 12.5, 3.5, 13.5], "rotation": 270, "texture": "#0"}
			}
		},
		{
			"from": [8.9, 5.762, 7.4067],
			"to": [9.0875, 6.23075, 7.50045],
			"rotation": {"angle": 22.5, "axis": "x", "origin": [8.90625, 6.25, 7.53125]},
			"faces": {
				"north": {"uv": [3.5, 13.5, 2.5, 12.5], "rotation": 270, "texture": "#0"},
				"east": {"uv": [2.5, 12.5, 3.5, 13.5], "rotation": 90, "texture": "#0"},
				"south": {"uv": [3.5, 13.5, 2.5, 12.5], "rotation": 270, "texture": "#0"},
				"west": {"uv": [2.5, 12.5, 3.5, 13.5], "rotation": 90, "texture": "#0"},
				"up": {"uv": [2.5, 12.5, 3.5, 13.5], "rotation": 270, "texture": "#0"},
				"down": {"uv": [2.5, 12.5, 3.5, 13.5], "rotation": 270, "texture": "#0"}
			}
		},
		{
			"from": [8.9, 4.4404, 7.3855],
			"to": [9.0875, 4.8154, 7.47925],
			"rotation": {"angle": -22.5, "axis": "x", "origin": [8.90625, 4.40625, 7.40625]},
			"faces": {
				"north": {"uv": [2.5, 12.5, 3.5, 13.5], "rotation": 270, "texture": "#0"},
				"east": {"uv": [2.5, 12.5, 3.5, 13.5], "rotation": 270, "texture": "#0"},
				"south": {"uv": [2.5, 12.5, 3.5, 13.5], "rotation": 270, "texture": "#0"},
				"west": {"uv": [2.5, 12.5, 3.5, 13.5], "rotation": 270, "texture": "#0"},
				"up": {"uv": [2.5, 12.5, 3.5, 13.5], "rotation": 270, "texture": "#0"},
				"down": {"uv": [2.5, 12.5, 3.5, 13.5], "rotation": 270, "texture": "#0"}
			}
		},
		{
			"from": [9.6743, 4.7637, 7.9],
			"to": [9.76805, 5.85745, 8.0875],
			"rotation": {"angle": 0, "axis": "y", "origin": [9, 10, 8]},
			"faces": {
				"north": {"uv": [2.5, 12.5, 3.5, 13.5], "rotation": 270, "texture": "#0"},
				"east": {"uv": [2.5, 12.5, 3.5, 13.5], "rotation": 270, "texture": "#0"},
				"south": {"uv": [2.5, 12.5, 3.5, 13.5], "rotation": 270, "texture": "#0"},
				"west": {"uv": [2.5, 12.5, 3.5, 13.5], "rotation": 270, "texture": "#0"},
				"up": {"uv": [2.5, 12.5, 3.5, 13.5], "texture": "#0"},
				"down": {"uv": [2.5, 12.5, 3.5, 13.5], "rotation": 180, "texture": "#0"}
			}
		},
		{
			"from": [9.4996, 5.762, 7.9],
			"to": [9.59335, 6.23075, 8.0875],
			"rotation": {"angle": 22.5, "axis": "z", "origin": [9.46875, 6.25, 7.90625]},
			"faces": {
				"north": {"uv": [2.5, 12.5, 3.5, 13.5], "rotation": 90, "texture": "#0"},
				"east": {"uv": [3.5, 13.5, 2.5, 12.5], "rotation": 270, "texture": "#0"},
				"south": {"uv": [2.5, 12.5, 3.5, 13.5], "rotation": 90, "texture": "#0"},
				"west": {"uv": [3.5, 13.5, 2.5, 12.5], "rotation": 270, "texture": "#0"},
				"up": {"uv": [2.5, 12.5, 3.5, 13.5], "texture": "#0"},
				"down": {"uv": [2.5, 12.5, 3.5, 13.5], "rotation": 180, "texture": "#0"}
			}
		},
		{
			"from": [9.5207, 4.4404, 7.9],
			"to": [9.61445, 4.8154, 8.0875],
			"rotation": {"angle": -22.5, "axis": "z", "origin": [9.59375, 4.40625, 7.90625]},
			"faces": {
				"north": {"uv": [2.5, 12.5, 3.5, 13.5], "rotation": 270, "texture": "#0"},
				"east": {"uv": [2.5, 12.5, 3.5, 13.5], "rotation": 270, "texture": "#0"},
				"south": {"uv": [2.5, 12.5, 3.5, 13.5], "rotation": 270, "texture": "#0"},
				"west": {"uv": [2.5, 12.5, 3.5, 13.5], "rotation": 270, "texture": "#0"},
				"up": {"uv": [2.5, 12.5, 3.5, 13.5], "texture": "#0"},
				"down": {"uv": [2.5, 12.5, 3.5, 13.5], "rotation": 180, "texture": "#0"}
			}
		},
		{
			"from": [8.9125, 4.7637, 8.6743],
			"to": [9.1, 5.85745, 8.76805],
			"rotation": {"angle": 0, "axis": "y", "origin": [9, 10, 8]},
			"faces": {
				"north": {"uv": [2.5, 12.5, 3.5, 13.5], "rotation": 270, "texture": "#0"},
				"east": {"uv": [2.5, 12.5, 3.5, 13.5], "rotation": 270, "texture": "#0"},
				"south": {"uv": [2.5, 12.5, 3.5, 13.5], "rotation": 270, "texture": "#0"},
				"west": {"uv": [2.5, 12.5, 3.5, 13.5], "rotation": 270, "texture": "#0"},
				"up": {"uv": [2.5, 12.5, 3.5, 13.5], "rotation": 90, "texture": "#0"},
				"down": {"uv": [2.5, 12.5, 3.5, 13.5], "rotation": 90, "texture": "#0"}
			}
		},
		{
			"from": [8.9125, 5.762, 8.4996],
			"to": [9.1, 6.23075, 8.59335],
			"rotation": {"angle": -22.5, "axis": "x", "origin": [9.09375, 6.25, 8.46875]},
			"faces": {
				"north": {"uv": [3.5, 13.5, 2.5, 12.5], "rotation": 270, "texture": "#0"},
				"east": {"uv": [2.5, 12.5, 3.5, 13.5], "rotation": 90, "texture": "#0"},
				"south": {"uv": [3.5, 13.5, 2.5, 12.5], "rotation": 270, "texture": "#0"},
				"west": {"uv": [2.5, 12.5, 3.5, 13.5], "rotation": 90, "texture": "#0"},
				"up": {"uv": [2.5, 12.5, 3.5, 13.5], "rotation": 90, "texture": "#0"},
				"down": {"uv": [2.5, 12.5, 3.5, 13.5], "rotation": 90, "texture": "#0"}
			}
		},
		{
			"from": [8.9125, 4.4404, 8.5207],
			"to": [9.1, 4.8154, 8.61445],
			"rotation": {"angle": 22.5, "axis": "x", "origin": [9.09375, 4.40625, 8.59375]},
			"faces": {
				"north": {"uv": [2.5, 12.5, 3.5, 13.5], "rotation": 270, "texture": "#0"},
				"east": {"uv": [2.5, 12.5, 3.5, 13.5], "rotation": 270, "texture": "#0"},
				"south": {"uv": [2.5, 12.5, 3.5, 13.5], "rotation": 270, "texture": "#0"},
				"west": {"uv": [2.5, 12.5, 3.5, 13.5], "rotation": 270, "texture": "#0"},
				"up": {"uv": [2.5, 12.5, 3.5, 13.5], "rotation": 90, "texture": "#0"},
				"down": {"uv": [2.5, 12.5, 3.5, 13.5], "rotation": 90, "texture": "#0"}
			}
		},
		{
			"from": [8.232, 4.7637, 7.9125],
			"to": [8.32575, 5.85745, 8.1],
			"rotation": {"angle": 0, "axis": "y", "origin": [9, 10, 8]},
			"faces": {
				"north": {"uv": [2.5, 12.5, 3.5, 13.5], "rotation": 270, "texture": "#0"},
				"east": {"uv": [2.5, 12.5, 3.5, 13.5], "rotation": 270, "texture": "#0"},
				"south": {"uv": [2.5, 12.5, 3.5, 13.5], "rotation": 270, "texture": "#0"},
				"west": {"uv": [2.5, 12.5, 3.5, 13.5], "rotation": 270, "texture": "#0"},
				"up": {"uv": [2.5, 12.5, 3.5, 13.5], "rotation": 180, "texture": "#0"},
				"down": {"uv": [2.5, 12.5, 3.5, 13.5], "texture": "#0"}
			}
		},
		{
			"from": [8.4067, 5.762, 7.9125],
			"to": [8.50045, 6.23075, 8.1],
			"rotation": {"angle": -22.5, "axis": "z", "origin": [8.53125, 6.25, 8.09375]},
			"faces": {
				"north": {"uv": [2.5, 12.5, 3.5, 13.5], "rotation": 90, "texture": "#0"},
				"east": {"uv": [3.5, 13.5, 2.5, 12.5], "rotation": 270, "texture": "#0"},
				"south": {"uv": [2.5, 12.5, 3.5, 13.5], "rotation": 90, "texture": "#0"},
				"west": {"uv": [3.5, 13.5, 2.5, 12.5], "rotation": 270, "texture": "#0"},
				"up": {"uv": [2.5, 12.5, 3.5, 13.5], "rotation": 180, "texture": "#0"},
				"down": {"uv": [2.5, 12.5, 3.5, 13.5], "texture": "#0"}
			}
		},
		{
			"from": [8.3855, 4.4404, 7.9125],
			"to": [8.47925, 4.8154, 8.1],
			"rotation": {"angle": 22.5, "axis": "z", "origin": [8.4062, 4.4062, 8.0938]},
			"faces": {
				"north": {"uv": [2.5, 12.5, 3.5, 13.5], "rotation": 270, "texture": "#0"},
				"east": {"uv": [2.5, 12.5, 3.5, 13.5], "rotation": 270, "texture": "#0"},
				"south": {"uv": [2.5, 12.5, 3.5, 13.5], "rotation": 270, "texture": "#0"},
				"west": {"uv": [2.5, 12.5, 3.5, 13.5], "rotation": 270, "texture": "#0"},
				"up": {"uv": [2.5, 12.5, 3.5, 13.5], "rotation": 180, "texture": "#0"},
				"down": {"uv": [2.5, 12.5, 3.5, 13.5], "texture": "#0"}
			}
		},
		{
			"from": [8.875, 8.3125, 7.2812],
			"to": [9.125, 8.875, 7.43745],
			"rotation": {"angle": 0, "axis": "y", "origin": [9, 10, 8]},
			"faces": {
				"north": {"uv": [2.5, 14.5, 3.5, 15.5], "texture": "#0"},
				"east": {"uv": [2.5, 14.5, 3.5, 15.5], "texture": "#0"},
				"south": {"uv": [2.5, 14.5, 3.5, 15.5], "texture": "#0"},
				"west": {"uv": [2.5, 14.5, 3.5, 15.5], "texture": "#0"},
				"up": {"uv": [2.5, 14.5, 3.5, 15.5], "texture": "#0"},
				"down": {"uv": [2.5, 14.5, 3.5, 15.5], "texture": "#0"}
			}
		},
		{
			"from": [8.8438, 8.3125, 7.3125],
			"to": [9.1563, 8.875, 7.46875],
			"rotation": {"angle": 0, "axis": "y", "origin": [9, 10, 8]},
			"faces": {
				"north": {"uv": [2.5, 12.5, 3.5, 13.5], "texture": "#0"},
				"east": {"uv": [2.5, 12.5, 3.5, 13.5], "texture": "#0"},
				"south": {"uv": [2.5, 12.5, 3.5, 13.5], "texture": "#0"},
				"west": {"uv": [2.5, 12.5, 3.5, 13.5], "texture": "#0"},
				"up": {"uv": [2.5, 12.5, 3.5, 13.5], "texture": "#0"},
				"down": {"uv": [2.5, 12.5, 3.5, 13.5], "texture": "#0"}
			}
		},
		{
			"from": [8.875, 8.2812, 7.3125],
			"to": [9.125, 8.9062, 7.46875],
			"rotation": {"angle": 0, "axis": "y", "origin": [9, 10, 8]},
			"faces": {
				"north": {"uv": [2.5, 14.5, 3.5, 15.5], "texture": "#0"},
				"east": {"uv": [2.5, 14.5, 3.5, 15.5], "texture": "#0"},
				"south": {"uv": [2.5, 14.5, 3.5, 15.5], "texture": "#0"},
				"west": {"uv": [2.5, 14.5, 3.5, 15.5], "texture": "#0"},
				"up": {"uv": [2.5, 14.5, 3.5, 15.5], "texture": "#0"},
				"down": {"uv": [2.5, 14.5, 3.5, 15.5], "texture": "#0"}
			}
		},
		{
			"from": [8.2188, 9.125, 8.1562],
			"to": [9.7813, 9.6875, 8.24995],
			"rotation": {"angle": 0, "axis": "y", "origin": [9, 10, 8]},
			"faces": {
				"north": {"uv": [2.5, 12.5, 3.5, 13.5], "texture": "#0"},
				"east": {"uv": [2.5, 12.5, 3.5, 13.5], "texture": "#0"},
				"south": {"uv": [2.5, 12.5, 3.5, 13.5], "texture": "#0"},
				"west": {"uv": [2.5, 12.5, 3.5, 13.5], "texture": "#0"},
				"up": {"uv": [2.5, 12.5, 3.5, 13.5], "rotation": 90, "texture": "#0"},
				"down": {"uv": [2.5, 12.5, 3.5, 13.5], "rotation": 270, "texture": "#0"}
			}
		},
		{
			"from": [8.2188, 9.125, 7.75],
			"to": [9.7813, 9.6875, 7.84375],
			"rotation": {"angle": 0, "axis": "y", "origin": [9, 10, 8]},
			"faces": {
				"north": {"uv": [2.5, 12.5, 3.5, 13.5], "texture": "#0"},
				"east": {"uv": [2.5, 12.5, 3.5, 13.5], "texture": "#0"},
				"south": {"uv": [2.5, 12.5, 3.5, 13.5], "texture": "#0"},
				"west": {"uv": [2.5, 12.5, 3.5, 13.5], "texture": "#0"},
				"up": {"uv": [2.5, 12.5, 3.5, 13.5], "rotation": 90, "texture": "#0"},
				"down": {"uv": [2.5, 12.5, 3.5, 13.5], "rotation": 270, "texture": "#0"}
			}
		},
		{
			"from": [8.375, 8.875, 7.9375],
			"to": [9.625, 9, 8.0625],
			"rotation": {"angle": 0, "axis": "y", "origin": [9, 10, 8]},
			"faces": {
				"north": {"uv": [2.5, 14.5, 3.5, 15.5], "texture": "#0"},
				"east": {"uv": [2.5, 14.5, 3.5, 15.5], "texture": "#0"},
				"south": {"uv": [2.5, 14.5, 3.5, 15.5], "texture": "#0"},
				"west": {"uv": [2.5, 14.5, 3.5, 15.5], "texture": "#0"},
				"up": {"uv": [2.5, 14.5, 3.5, 15.5], "rotation": 90, "texture": "#0"},
				"down": {"uv": [2.5, 14.5, 3.5, 15.5], "rotation": 270, "texture": "#0"}
			}
		},
		{
			"from": [8.2812, 9.1875, 7.7188],
			"to": [8.4062, 9.3125, 8.2813],
			"rotation": {"angle": 0, "axis": "y", "origin": [9, 10, 8]},
			"faces": {
				"north": {"uv": [2.5, 14.5, 3.5, 15.5], "texture": "#0"},
				"east": {"uv": [2.5, 14.5, 3.5, 15.5], "texture": "#0"},
				"south": {"uv": [2.5, 14.5, 3.5, 15.5], "texture": "#0"},
				"west": {"uv": [2.5, 14.5, 3.5, 15.5], "texture": "#0"},
				"up": {"uv": [2.5, 14.5, 3.5, 15.5], "rotation": 180, "texture": "#0"},
				"down": {"uv": [2.5, 14.5, 3.5, 15.5], "rotation": 180, "texture": "#0"}
			}
		},
		{
			"from": [8.2812, 9.5, 7.7188],
			"to": [8.4062, 9.625, 8.2813],
			"rotation": {"angle": 0, "axis": "y", "origin": [9, 10, 8]},
			"faces": {
				"north": {"uv": [2.5, 14.5, 3.5, 15.5], "texture": "#0"},
				"east": {"uv": [2.5, 14.5, 3.5, 15.5], "texture": "#0"},
				"south": {"uv": [2.5, 14.5, 3.5, 15.5], "texture": "#0"},
				"west": {"uv": [2.5, 14.5, 3.5, 15.5], "texture": "#0"},
				"up": {"uv": [2.5, 14.5, 3.5, 15.5], "rotation": 180, "texture": "#0"},
				"down": {"uv": [2.5, 14.5, 3.5, 15.5], "rotation": 180, "texture": "#0"}
			}
		},
		{
			"from": [9.5938, 9.1875, 7.7188],
			"to": [9.7188, 9.3125, 8.2813],
			"rotation": {"angle": 0, "axis": "y", "origin": [9, 10, 8]},
			"faces": {
				"north": {"uv": [2.5, 14.5, 3.5, 15.5], "texture": "#0"},
				"east": {"uv": [2.5, 14.5, 3.5, 15.5], "texture": "#0"},
				"south": {"uv": [2.5, 14.5, 3.5, 15.5], "texture": "#0"},
				"west": {"uv": [2.5, 14.5, 3.5, 15.5], "texture": "#0"},
				"up": {"uv": [2.5, 14.5, 3.5, 15.5], "texture": "#0"},
				"down": {"uv": [2.5, 14.5, 3.5, 15.5], "texture": "#0"}
			}
		},
		{
			"from": [9.5938, 9.5, 7.7188],
			"to": [9.7188, 9.625, 8.2813],
			"rotation": {"angle": 0, "axis": "y", "origin": [9, 10, 8]},
			"faces": {
				"north": {"uv": [2.5, 14.5, 3.5, 15.5], "texture": "#0"},
				"east": {"uv": [2.5, 14.5, 3.5, 15.5], "texture": "#0"},
				"south": {"uv": [2.5, 14.5, 3.5, 15.5], "texture": "#0"},
				"west": {"uv": [2.5, 14.5, 3.5, 15.5], "texture": "#0"},
				"up": {"uv": [2.5, 14.5, 3.5, 15.5], "texture": "#0"},
				"down": {"uv": [2.5, 14.5, 3.5, 15.5], "texture": "#0"}
			}
		},
		{
			"from": [8.1562, 9.0625, 7.9062],
			"to": [9.81245, 9.65625, 8.0937],
			"rotation": {"angle": 0, "axis": "y", "origin": [9, 10, 8]},
			"faces": {
				"north": {"uv": [2.5, 12.5, 3.5, 13.5], "texture": "#0"},
				"east": {"uv": [2.5, 12.5, 3.5, 13.5], "texture": "#0"},
				"south": {"uv": [2.5, 12.5, 3.5, 13.5], "texture": "#0"},
				"west": {"uv": [2.5, 12.5, 3.5, 13.5], "texture": "#0"},
				"up": {"uv": [2.5, 12.5, 3.5, 13.5], "rotation": 90, "texture": "#0"},
				"down": {"uv": [2.5, 12.5, 3.5, 13.5], "rotation": 270, "texture": "#0"}
			}
		},
		{
			"from": [7.8438, 9.6562, 7.875],
			"to": [8.0938, 10.06245, 8.125],
			"rotation": {"angle": 0, "axis": "y", "origin": [9, 10, 8]},
			"faces": {
				"north": {"uv": [2.5, 12.5, 3.5, 13.5], "rotation": 270, "texture": "#0"},
				"east": {"uv": [2.5, 12.5, 3.5, 13.5], "rotation": 270, "texture": "#0"},
				"south": {"uv": [2.5, 12.5, 3.5, 13.5], "rotation": 90, "texture": "#0"},
				"west": {"uv": [3.5, 13.5, 2.5, 12.5], "rotation": 90, "texture": "#0"},
				"up": {"uv": [3.5, 13.5, 2.5, 12.5], "rotation": 270, "texture": "#0"},
				"down": {"uv": [2.5, 12.5, 3.5, 13.5], "rotation": 90, "texture": "#0"}
			}
		},
		{
			"from": [7.7812, 9.4062, 7.875],
			"to": [8.4062, 9.6562, 8.125],
			"rotation": {"angle": -22.5, "axis": "z", "origin": [8.40625, 9.40625, 8.125]},
			"faces": {
				"north": {"uv": [2.5, 12.5, 3.5, 13.5], "rotation": 180, "texture": "#0"},
				"east": {"uv": [2.5, 12.5, 3.5, 13.5], "rotation": 180, "texture": "#0"},
				"south": {"uv": [2.5, 12.5, 3.5, 13.5], "rotation": 180, "texture": "#0"},
				"west": {"uv": [2.5, 12.5, 3.5, 13.5], "rotation": 180, "texture": "#0"},
				"up": {"uv": [2.5, 12.5, 3.5, 13.5], "texture": "#0"},
				"down": {"uv": [2.5, 12.5, 3.5, 13.5], "texture": "#0"}
			}
		},
		{
			"from": [7.8438, 9.8125, 7.8438],
			"to": [8.0938, 10.0625, 8.1563],
			"rotation": {"angle": 0, "axis": "y", "origin": [9, 10, 8]},
			"faces": {
				"north": {"uv": [2.5, 12.5, 3.5, 13.5], "rotation": 270, "texture": "#0"},
				"east": {"uv": [2.5, 12.5, 3.5, 13.5], "rotation": 270, "texture": "#0"},
				"south": {"uv": [2.5, 12.5, 3.5, 13.5], "rotation": 90, "texture": "#0"},
				"west": {"uv": [3.5, 13.5, 2.5, 12.5], "rotation": 90, "texture": "#0"},
				"up": {"uv": [3.5, 13.5, 2.5, 12.5], "rotation": 270, "texture": "#0"},
				"down": {"uv": [2.5, 12.5, 3.5, 13.5], "rotation": 90, "texture": "#0"}
			}
		},
		{
			"from": [7.9062, 9.875, 7.8125],
			"to": [8.0312, 10, 8.1875],
			"rotation": {"angle": 0, "axis": "y", "origin": [9, 10, 8]},
			"faces": {
				"north": {"uv": [2.5, 14.5, 3.5, 15.5], "texture": "#0"},
				"east": {"uv": [2.5, 14.5, 3.5, 15.5], "texture": "#0"},
				"south": {"uv": [2.5, 14.5, 3.5, 15.5], "texture": "#0"},
				"west": {"uv": [2.5, 14.5, 3.5, 15.5], "texture": "#0"},
				"up": {"uv": [2.5, 14.5, 3.5, 15.5], "rotation": 180, "texture": "#0"},
				"down": {"uv": [2.5, 14.5, 3.5, 15.5], "rotation": 180, "texture": "#0"}
			}
		},
		{
			"from": [8.125, 10.4688, 7.9375],
			"to": [8.46875, 10.6563, 8.0625],
			"rotation": {"angle": 0, "axis": "y", "origin": [9, 10, 8]},
			"faces": {
				"north": {"uv": [2.5, 12.5, 3.5, 13.5], "texture": "#0"},
				"east": {"uv": [2.5, 12.5, 3.5, 13.5], "texture": "#0"},
				"south": {"uv": [2.5, 12.5, 3.5, 13.5], "texture": "#0"},
				"west": {"uv": [2.5, 12.5, 3.5, 13.5], "texture": "#0"},
				"up": {"uv": [3.5, 13.5, 2.5, 12.5], "texture": "#0"},
				"down": {"uv": [3.5, 13.5, 2.5, 12.5], "texture": "#0"}
			}
		},
		{
			"from": [7.8414, 9.9602, 7.9375],
			"to": [8.0289, 10.6477, 8.0625],
			"rotation": {"angle": -22.5, "axis": "z", "origin": [8.02885, 9.9601, 8.0625]},
			"faces": {
				"north": {"uv": [2.5, 12.5, 3.5, 13.5], "rotation": 90, "texture": "#0"},
				"east": {"uv": [3.5, 13.5, 2.5, 12.5], "rotation": 270, "texture": "#0"},
				"south": {"uv": [2.5, 12.5, 3.5, 13.5], "rotation": 270, "texture": "#0"},
				"west": {"uv": [2.5, 12.5, 3.5, 13.5], "rotation": 90, "texture": "#0"},
				"up": {"uv": [3.5, 13.5, 2.5, 12.5], "rotation": 90, "texture": "#0"},
				"down": {"uv": [2.5, 12.5, 3.5, 13.5], "rotation": 270, "texture": "#0"}
			}
		},
		{
			"from": [8.0601, 9.8038, 7.9375],
			"to": [8.5601, 9.9913, 8.0625],
			"rotation": {"angle": 22.5, "axis": "z", "origin": [8.0601, 9.80385, 8.0625]},
			"faces": {
				"north": {"uv": [3.5, 13.5, 2.5, 12.5], "rotation": 180, "texture": "#0"},
				"east": {"uv": [2.5, 12.5, 3.5, 13.5], "texture": "#0"},
				"south": {"uv": [3.5, 13.5, 2.5, 12.5], "rotation": 180, "texture": "#0"},
				"west": {"uv": [2.5, 12.5, 3.5, 13.5], "texture": "#0"},
				"up": {"uv": [2.5, 12.5, 3.5, 13.5], "rotation": 180, "texture": "#0"},
				"down": {"uv": [2.5, 12.5, 3.5, 13.5], "rotation": 180, "texture": "#0"}
			}
		},
		{
			"from": [8.3101, 9.5226, 7.9375],
			"to": [8.4976, 10.0226, 8.0625],
			"rotation": {"angle": 45, "axis": "z", "origin": [8.3101, 10.0226, 8.0625]},
			"faces": {
				"north": {"uv": [3.5, 13.5, 2.5, 12.5], "rotation": 90, "texture": "#0"},
				"east": {"uv": [2.5, 12.5, 3.5, 13.5], "rotation": 270, "texture": "#0"},
				"south": {"uv": [3.5, 13.5, 2.5, 12.5], "rotation": 270, "texture": "#0"},
				"west": {"uv": [3.5, 13.5, 2.5, 12.5], "rotation": 90, "texture": "#0"},
				"up": {"uv": [2.5, 12.5, 3.5, 13.5], "rotation": 90, "texture": "#0"},
				"down": {"uv": [3.5, 13.5, 2.5, 12.5], "rotation": 270, "texture": "#0"}
			}
		},
		{
			"from": [8.4323, 10.0144, 7.9375],
			"to": [8.5573, 10.54565, 8.0625],
			"rotation": {"angle": 22.5, "axis": "z", "origin": [8.3101, 10.36635, 8.0625]},
			"faces": {
				"north": {"uv": [3.5, 13.5, 2.5, 12.5], "rotation": 90, "texture": "#0"},
				"east": {"uv": [2.5, 12.5, 3.5, 13.5], "rotation": 270, "texture": "#0"},
				"south": {"uv": [3.5, 13.5, 2.5, 12.5], "rotation": 270, "texture": "#0"},
				"west": {"uv": [3.5, 13.5, 2.5, 12.5], "rotation": 90, "texture": "#0"},
				"up": {"uv": [2.5, 12.5, 3.5, 13.5], "rotation": 90, "texture": "#0"},
				"down": {"uv": [3.5, 13.5, 2.5, 12.5], "rotation": 270, "texture": "#0"}
			}
		},
		{
			"from": [9.9062, 9.6562, 7.875],
			"to": [10.1562, 10.06245, 8.125],
			"rotation": {"angle": 0, "axis": "y", "origin": [9, 10, 8]},
			"faces": {
				"north": {"uv": [2.5, 12.5, 3.5, 13.5], "rotation": 90, "texture": "#0"},
				"east": {"uv": [3.5, 13.5, 2.5, 12.5], "rotation": 90, "texture": "#0"},
				"south": {"uv": [2.5, 12.5, 3.5, 13.5], "rotation": 270, "texture": "#0"},
				"west": {"uv": [2.5, 12.5, 3.5, 13.5], "rotation": 270, "texture": "#0"},
				"up": {"uv": [3.5, 13.5, 2.5, 12.5], "rotation": 90, "texture": "#0"},
				"down": {"uv": [2.5, 12.5, 3.5, 13.5], "rotation": 270, "texture": "#0"}
			}
		},
		{
			"from": [9.5938, 9.4062, 7.875],
			"to": [10.2188, 9.6562, 8.125],
			"rotation": {"angle": 22.5, "axis": "z", "origin": [9.59375, 9.40625, 7.875]},
			"faces": {
				"north": {"uv": [2.5, 12.5, 3.5, 13.5], "rotation": 180, "texture": "#0"},
				"east": {"uv": [2.5, 12.5, 3.5, 13.5], "rotation": 180, "texture": "#0"},
				"south": {"uv": [2.5, 12.5, 3.5, 13.5], "rotation": 180, "texture": "#0"},
				"west": {"uv": [2.5, 12.5, 3.5, 13.5], "rotation": 180, "texture": "#0"},
				"up": {"uv": [2.5, 12.5, 3.5, 13.5], "rotation": 180, "texture": "#0"},
				"down": {"uv": [2.5, 12.5, 3.5, 13.5], "rotation": 180, "texture": "#0"}
			}
		},
		{
			"from": [9.9062, 9.8125, 7.8438],
			"to": [10.1562, 10.0625, 8.1563],
			"rotation": {"angle": 0, "axis": "y", "origin": [9, 10, 8]},
			"faces": {
				"north": {"uv": [2.5, 12.5, 3.5, 13.5], "rotation": 90, "texture": "#0"},
				"east": {"uv": [3.5, 13.5, 2.5, 12.5], "rotation": 90, "texture": "#0"},
				"south": {"uv": [2.5, 12.5, 3.5, 13.5], "rotation": 270, "texture": "#0"},
				"west": {"uv": [2.5, 12.5, 3.5, 13.5], "rotation": 270, "texture": "#0"},
				"up": {"uv": [3.5, 13.5, 2.5, 12.5], "rotation": 90, "texture": "#0"},
				"down": {"uv": [2.5, 12.5, 3.5, 13.5], "rotation": 270, "texture": "#0"}
			}
		},
		{
			"from": [9.9688, 9.875, 7.8125],
			"to": [10.0938, 10, 8.1875],
			"rotation": {"angle": 0, "axis": "y", "origin": [9, 10, 8]},
			"faces": {
				"north": {"uv": [2.5, 14.5, 3.5, 15.5], "texture": "#0"},
				"east": {"uv": [2.5, 14.5, 3.5, 15.5], "texture": "#0"},
				"south": {"uv": [2.5, 14.5, 3.5, 15.5], "texture": "#0"},
				"west": {"uv": [2.5, 14.5, 3.5, 15.5], "texture": "#0"},
				"up": {"uv": [2.5, 14.5, 3.5, 15.5], "texture": "#0"},
				"down": {"uv": [2.5, 14.5, 3.5, 15.5], "texture": "#0"}
			}
		},
		{
			"from": [9.5312, 10.4688, 7.9375],
			"to": [9.87495, 10.6563, 8.0625],
			"rotation": {"angle": 0, "axis": "y", "origin": [9, 10, 8]},
			"faces": {
				"north": {"uv": [2.5, 12.5, 3.5, 13.5], "texture": "#0"},
				"east": {"uv": [2.5, 12.5, 3.5, 13.5], "texture": "#0"},
				"south": {"uv": [2.5, 12.5, 3.5, 13.5], "texture": "#0"},
				"west": {"uv": [2.5, 12.5, 3.5, 13.5], "texture": "#0"},
				"up": {"uv": [3.5, 13.5, 2.5, 12.5], "rotation": 180, "texture": "#0"},
				"down": {"uv": [3.5, 13.5, 2.5, 12.5], "rotation": 180, "texture": "#0"}
			}
		},
		{
			"from": [9.9711, 9.9602, 7.9375],
			"to": [10.1586, 10.6477, 8.0625],
			"rotation": {"angle": 22.5, "axis": "z", "origin": [9.9712, 9.9601, 7.9375]},
			"faces": {
				"north": {"uv": [2.5, 12.5, 3.5, 13.5], "rotation": 270, "texture": "#0"},
				"east": {"uv": [2.5, 12.5, 3.5, 13.5], "rotation": 90, "texture": "#0"},
				"south": {"uv": [2.5, 12.5, 3.5, 13.5], "rotation": 90, "texture": "#0"},
				"west": {"uv": [3.5, 13.5, 2.5, 12.5], "rotation": 270, "texture": "#0"},
				"up": {"uv": [3.5, 13.5, 2.5, 12.5], "rotation": 270, "texture": "#0"},
				"down": {"uv": [2.5, 12.5, 3.5, 13.5], "rotation": 90, "texture": "#0"}
			}
		},
		{
			"from": [9.44, 9.8038, 7.9375],
			"to": [9.94, 9.9913, 8.0625],
			"rotation": {"angle": -22.5, "axis": "z", "origin": [9.93995, 9.80385, 7.9375]},
			"faces": {
				"north": {"uv": [3.5, 13.5, 2.5, 12.5], "rotation": 180, "texture": "#0"},
				"east": {"uv": [2.5, 12.5, 3.5, 13.5], "texture": "#0"},
				"south": {"uv": [3.5, 13.5, 2.5, 12.5], "rotation": 180, "texture": "#0"},
				"west": {"uv": [2.5, 12.5, 3.5, 13.5], "texture": "#0"},
				"up": {"uv": [2.5, 12.5, 3.5, 13.5], "texture": "#0"},
				"down": {"uv": [2.5, 12.5, 3.5, 13.5], "texture": "#0"}
			}
		},
		{
			"from": [9.5024, 9.5227, 7.9375],
			"to": [9.6899, 10.0227, 8.0625],
			"rotation": {"angle": -45, "axis": "z", "origin": [9.68995, 10.0226, 7.9375]},
			"faces": {
				"north": {"uv": [3.5, 13.5, 2.5, 12.5], "rotation": 270, "texture": "#0"},
				"east": {"uv": [3.5, 13.5, 2.5, 12.5], "rotation": 90, "texture": "#0"},
				"south": {"uv": [3.5, 13.5, 2.5, 12.5], "rotation": 90, "texture": "#0"},
				"west": {"uv": [2.5, 12.5, 3.5, 13.5], "rotation": 270, "texture": "#0"},
				"up": {"uv": [2.5, 12.5, 3.5, 13.5], "rotation": 270, "texture": "#0"},
				"down": {"uv": [3.5, 13.5, 2.5, 12.5], "rotation": 90, "texture": "#0"}
			}
		},
		{
			"from": [9.4428, 10.0144, 7.9375],
			"to": [9.5678, 10.54565, 8.0625],
			"rotation": {"angle": -22.5, "axis": "z", "origin": [9.68995, 10.36635, 7.9375]},
			"faces": {
				"north": {"uv": [3.5, 13.5, 2.5, 12.5], "rotation": 270, "texture": "#0"},
				"east": {"uv": [3.5, 13.5, 2.5, 12.5], "rotation": 90, "texture": "#0"},
				"south": {"uv": [3.5, 13.5, 2.5, 12.5], "rotation": 90, "texture": "#0"},
				"west": {"uv": [2.5, 12.5, 3.5, 13.5], "rotation": 270, "texture": "#0"},
				"up": {"uv": [2.5, 12.5, 3.5, 13.5], "rotation": 270, "texture": "#0"},
				"down": {"uv": [3.5, 13.5, 2.5, 12.5], "rotation": 90, "texture": "#0"}
			}
		},
		{
			"from": [9, 13, 4.55],
			"to": [9, 14, 11.55],
			"rotation": {"angle": 0, "axis": "y", "origin": [17, 21, 16]},
			"faces": {
				"north": {"uv": [0, 0, 0, 1], "texture": "#1"},
				"east": {"uv": [0, 0, 16, 16], "texture": "#1"},
				"south": {"uv": [0, 0, 0, 1], "texture": "#1"},
				"west": {"uv": [0, 0, 16, 16], "texture": "#1"},
				"up": {"uv": [0, 0, 0, 7], "texture": "#1"},
				"down": {"uv": [0, 0, 0, 7], "texture": "#1"}
			}
		},
		{
			"from": [5.45, 13, 8],
			"to": [12.45, 14, 8],
			"rotation": {"angle": 0, "axis": "y", "origin": [9, 14, 8]},
			"faces": {
				"north": {"uv": [0, 0, 16, 16], "texture": "#1"},
				"east": {"uv": [0, 0, 0, 1], "texture": "#1"},
				"south": {"uv": [0, 0, 16, 16], "texture": "#1"},
				"west": {"uv": [0, 0, 0, 1], "texture": "#1"},
				"up": {"uv": [0, 0, 0, 7], "rotation": 90, "texture": "#1"},
				"down": {"uv": [0, 0, 0, 7], "rotation": 270, "texture": "#1"}
			}
		},
		{
			"from": [9, 13.55, 7],
			"to": [9, 21.55, 8],
			"rotation": {"angle": 22.5, "axis": "x", "origin": [9, 20, 7]},
			"faces": {
				"north": {"uv": [0, 0, 0, 8], "rotation": 180, "texture": "#1"},
				"east": {"uv": [0, 0, 16, 16], "rotation": 90, "texture": "#1"},
				"south": {"uv": [0, 0, 0, 8], "texture": "#1"},
				"west": {"uv": [0, 0, 16, 16], "rotation": 270, "texture": "#1"},
				"up": {"uv": [0, 0, 0, 1], "texture": "#1"},
				"down": {"uv": [0, 0, 0, 1], "rotation": 180, "texture": "#1"}
			}
		},
		{
			"from": [9, 13.55, 8],
			"to": [10, 21.55, 8],
			"rotation": {"angle": 22.5, "axis": "z", "origin": [10, 20, 8]},
			"faces": {
				"north": {"uv": [0, 0, 16, 16], "rotation": 270, "texture": "#1"},
				"east": {"uv": [0, 0, 0, 8], "rotation": 180, "texture": "#1"},
				"south": {"uv": [0, 0, 16, 16], "rotation": 90, "texture": "#1"},
				"west": {"uv": [0, 0, 0, 8], "texture": "#1"},
				"up": {"uv": [0, 0, 0, 1], "rotation": 90, "texture": "#1"},
				"down": {"uv": [0, 0, 0, 1], "rotation": 90, "texture": "#1"}
			}
		},
		{
			"from": [7.6, 12.55, 8],
			"to": [8.6, 20.55, 8],
			"rotation": {"angle": -22.5, "axis": "z", "origin": [10, 19, 8]},
			"faces": {
				"north": {"uv": [0, 0, 16, 16], "rotation": 270, "texture": "#1"},
				"east": {"uv": [0, 0, 0, 8], "rotation": 180, "texture": "#1"},
				"south": {"uv": [0, 0, 16, 16], "rotation": 90, "texture": "#1"},
				"west": {"uv": [0, 0, 0, 8], "texture": "#1"},
				"up": {"uv": [0, 0, 0, 1], "rotation": 90, "texture": "#1"},
				"down": {"uv": [0, 0, 0, 1], "rotation": 90, "texture": "#1"}
			}
		},
		{
			"from": [9, 13, 8.4],
			"to": [9, 21, 9.4],
			"rotation": {"angle": -22.5, "axis": "x", "origin": [9, 19, 8]},
			"faces": {
				"north": {"uv": [0, 0, 0, 8], "rotation": 180, "texture": "#1"},
				"east": {"uv": [0, 0, 16, 16], "rotation": 90, "texture": "#1"},
				"south": {"uv": [0, 0, 0, 8], "texture": "#1"},
				"west": {"uv": [0, 0, 16, 16], "rotation": 270, "texture": "#1"},
				"up": {"uv": [0, 0, 0, 1], "texture": "#1"},
				"down": {"uv": [0, 0, 0, 1], "rotation": 180, "texture": "#1"}
			}
		},
		{
			"from": [8.5, 21, 8],
			"to": [9.5, 32, 8],
			"rotation": {"angle": 0, "axis": "y", "origin": [16, 29, 16]},
			"faces": {
				"north": {"uv": [0, 0, 16, 16], "texture": "#2"},
				"east": {"uv": [0, 0, 16, 16], "texture": "#2"},
				"south": {"uv": [0, 0, 16, 16], "texture": "#2"},
				"west": {"uv": [0, 0, 0, 11], "texture": "#2"},
				"up": {"uv": [0, 0, 1, 0], "texture": "#2"},
				"down": {"uv": [0, 0, 1, 0], "texture": "#2"}
			}
		},
		{
			"from": [9, 21, 7.5],
			"to": [9, 32, 8.5],
			"rotation": {"angle": 0, "axis": "y", "origin": [9, 29, 8]},
			"faces": {
				"north": {"uv": [0, 0, 0, 11], "texture": "#2"},
				"east": {"uv": [0, 0, 16, 16], "texture": "#2"},
				"south": {"uv": [0, 0, 0, 11], "texture": "#2"},
				"west": {"uv": [0, 0, 16, 16], "texture": "#2"},
				"up": {"uv": [0, 0, 1, 0], "rotation": 270, "texture": "#2"},
				"down": {"uv": [0, 0, 1, 0], "rotation": 90, "texture": "#2"}
			}
		},
		{
			"from": [9, 21, 7.5],
			"to": [9, 32, 8.5],
			"rotation": {"angle": -45, "axis": "y", "origin": [9, 29, 8]},
			"faces": {
				"north": {"uv": [0, 0, 0, 11], "texture": "#2"},
				"east": {"uv": [0, 0, 16, 16], "texture": "#2"},
				"south": {"uv": [0, 0, 0, 11], "texture": "#2"},
				"west": {"uv": [0, 0, 16, 16], "texture": "#2"},
				"up": {"uv": [0, 0, 1, 0], "rotation": 270, "texture": "#2"},
				"down": {"uv": [0, 0, 1, 0], "rotation": 90, "texture": "#2"}
			}
		},
		{
			"from": [8.5, 21, 8],
			"to": [9.5, 32, 8],
			"rotation": {"angle": -45, "axis": "y", "origin": [9, 29, 8]},
			"faces": {
				"north": {"uv": [0, 0, 16, 16], "texture": "#2"},
				"east": {"uv": [0, 0, 16, 16], "texture": "#2"},
				"south": {"uv": [0, 0, 16, 16], "texture": "#2"},
				"west": {"uv": [0, 0, 0, 11], "texture": "#2"},
				"up": {"uv": [0, 0, 1, 0], "texture": "#2"},
				"down": {"uv": [0, 0, 1, 0], "texture": "#2"}
			}
		},
		{
			"from": [8.6, 8, 8.55],
			"to": [9.4, 10, 9.55],
			"rotation": {"angle": 0, "axis": "y", "origin": [17, 16, 18]},
			"faces": {
				"north": {"uv": [0, 4, 1, 6], "texture": "#0"},
				"east": {"uv": [0, 4, 1, 6], "texture": "#0"},
				"south": {"uv": [0, 4, 1, 6], "texture": "#0"},
				"west": {"uv": [1, 4, 2, 6], "texture": "#0"},
				"up": {"uv": [0, 0, 0.8, 1], "texture": "#0"},
				"down": {"uv": [0, 0, 0.8, 1], "texture": "#0"}
			}
		},
		{
			"from": [8.75, 10, 8.8],
			"to": [9.25, 11, 9.3],
			"rotation": {"angle": 0, "axis": "y", "origin": [17, 17, 18]},
			"faces": {
				"north": {"uv": [0, 10, 0, 11], "texture": "#0"},
				"east": {"uv": [1, 10, 1, 11], "texture": "#0"},
				"south": {"uv": [1, 10, 1, 11], "texture": "#0"},
				"west": {"uv": [1, 10, 1, 11], "texture": "#0"},
				"up": {"uv": [0, 10, 1, 11], "texture": "#0"},
				"down": {"uv": [0, 0, 0.5, 0.5], "texture": "#0"}
			}
		}
	],
	"display": {
		"thirdperson_righthand": {
			"rotation": [0, -180, 0],
			"translation": [-0.05, -1.3044, 0.4456]
		},
		"thirdperson_lefthand": {
			"translation": [-0.05, 1.9456, 1.1956]
		},
		"firstperson_righthand": {
			"translation": [1, -2.674, 0],
			"scale": [1.5, 1.5, 1.5]
		},
		"firstperson_lefthand": {
			"translation": [5.25, -2.174, 0],
			"scale": [1.5, 1.5, 1.5]
		},
		"ground": {
			"rotation": [0, 0, 90],
			"translation": [6.5, 0, 0],
			"scale": [0.7, 0.7, 0.7]
		},
		"gui": {
			"rotation": [-90.25, 135.75, 96.5],
			"translation": [-3.69, -4.424, 0],
			"scale": [1.9, 1.8, 1.87]
		},
		"head": {
			"rotation": [0, 0, -90],
			"translation": [1.1086, 8.816, -0.898],
			"scale": [1.5, 1.5, 1.5]
		},
		"fixed": {
			"rotation": [85.25, -44.75, 87.5],
			"translation": [5, -5.2202, -3],
			"scale": [1.87, 1.87, 1.8]
		}
	},
	"groups": [0, 1, 2, 3, 4, 5, 6, 7, 8, 9, 10, 11, 12, 13, 14, 15, 16, 17, 18, 19, 20, 21, 22, 23, 24, 25, 26, 27, 28, 29, 30, 31, 32, 33, 34, 35, 36, 37, 38, 39, 40, 41, 42, 43, 44, 45, 46, 47, 48, 49, 50, 51, 52, 53, 54, 55, 56, 57, 58, 59, 60, 61, 62, 63, 64, 65, 66, 67, 68, 69, 70, 71, 72, 73, 74, 75, 76, 77, 78, 79, 80, 81, 82, 83, 84, 85, 86, 87, 88, 89, 90, 91, 92, 93, 94, 95, 96, 97, 98, 99, 100, 101, 102, 103, 104, 105, 106, 107, 108, 109, 110, 111, 112,
		{
			"name": "blade",
			"origin": [8, 14, 9],
			"children": []
		}, 113, 114, 115, 116, 117, 118, 119, 120, 121, 122, 123, 124]
}