{
	"credit": "Made with Blockbench",
	"textures": {
		"0": "ahsoka_saber",
		"1": "white_blade",
		"particle": "ahsoka_saber"
	},
	"elements": [
		{
			"from": [7.6, -2.137, 7.294],
			"to": [8.4, 32, 7.294],
			"rotation": {"angle": 0, "axis": "y", "origin": [11.5, 1.863, -15.20505]},
			"faces": {
				"north": {"uv": [0, 0, 16, 16], "texture": "#1"},
				"east": {"uv": [0, 0, 16, 16], "texture": "#1"},
				"south": {"uv": [0, 0, 16, 16], "texture": "#1"},
				"west": {"uv": [0, 0, 16, 16], "texture": "#1"},
				"up": {"uv": [0, 0, 16, 16], "texture": "#1"},
				"down": {"uv": [0, 0, 16, 16], "texture": "#1"}
			}
		},
		{
			"from": [7.6, -2.137, 7.294],
			"to": [8.4, 32, 7.294],
			"rotation": {"angle": 22.5, "axis": "y", "origin": [8, 14.9315, 7.294]},
			"faces": {
				"north": {"uv": [0, 0, 16, 16], "texture": "#1"},
				"east": {"uv": [0, 0, 16, 16], "texture": "#1"},
				"south": {"uv": [0, 0, 16, 16], "texture": "#1"},
				"west": {"uv": [0, 0, 16, 16], "texture": "#1"},
				"up": {"uv": [0, 0, 16, 16], "texture": "#1"},
				"down": {"uv": [0, 0, 16, 16], "texture": "#1"}
			}
		},
		{
			"from": [7.6, -2.137, 7.294],
			"to": [8.4, 32, 7.294],
			"rotation": {"angle": 45, "axis": "y", "origin": [8, 14.9315, 7.294]},
			"faces": {
				"north": {"uv": [0, 0, 16, 16], "texture": "#1"},
				"east": {"uv": [0, 0, 16, 16], "texture": "#1"},
				"south": {"uv": [0, 0, 16, 16], "texture": "#1"},
				"west": {"uv": [0, 0, 16, 16], "texture": "#1"},
				"up": {"uv": [0, 0, 16, 16], "texture": "#1"},
				"down": {"uv": [0, 0, 16, 16], "texture": "#1"}
			}
		},
		{
			"from": [8, -2.137, 6.894],
			"to": [8, 32, 7.694],
			"rotation": {"angle": -22.5, "axis": "y", "origin": [8, 14.9315, 7.294]},
			"faces": {
				"north": {"uv": [0, 0, 16, 16], "texture": "#1"},
				"east": {"uv": [0, 0, 16, 16], "texture": "#1"},
				"south": {"uv": [0, 0, 16, 16], "texture": "#1"},
				"west": {"uv": [0, 0, 16, 16], "texture": "#1"},
				"up": {"uv": [0, 0, 16, 16], "texture": "#1"},
				"down": {"uv": [0, 0, 16, 16], "texture": "#1"}
			}
		},
		{
			"from": [8, -2.137, 6.894],
			"to": [8, 32, 7.694],
			"rotation": {"angle": 0, "axis": "y", "origin": [8, 14.9315, 7.294]},
			"faces": {
				"north": {"uv": [0, 0, 16, 16], "texture": "#1"},
				"east": {"uv": [0, 0, 16, 16], "texture": "#1"},
				"south": {"uv": [0, 0, 16, 16], "texture": "#1"},
				"west": {"uv": [0, 0, 16, 16], "texture": "#1"},
				"up": {"uv": [0, 0, 16, 16], "texture": "#1"},
				"down": {"uv": [0, 0, 16, 16], "texture": "#1"}
			}
		},
		{
			"from": [8, -2.137, 6.894],
			"to": [8, 32, 7.694],
			"rotation": {"angle": 22.5, "axis": "y", "origin": [8, 14.9315, 7.294]},
			"faces": {
				"north": {"uv": [0, 0, 16, 16], "texture": "#1"},
				"east": {"uv": [0, 0, 16, 16], "texture": "#1"},
				"south": {"uv": [0, 0, 16, 16], "texture": "#1"},
				"west": {"uv": [0, 0, 16, 16], "texture": "#1"},
				"up": {"uv": [0, 0, 16, 16], "texture": "#1"},
				"down": {"uv": [0, 0, 16, 16], "texture": "#1"}
			}
		},
		{
			"from": [8, -2.137, 6.894],
			"to": [8, 32, 7.694],
			"rotation": {"angle": 45, "axis": "y", "origin": [8, 14.9315, 7.294]},
			"faces": {
				"north": {"uv": [0, 0, 16, 16], "texture": "#1"},
				"east": {"uv": [0, 0, 16, 16], "texture": "#1"},
				"south": {"uv": [0, 0, 16, 16], "texture": "#1"},
				"west": {"uv": [0, 0, 16, 16], "texture": "#1"},
				"up": {"uv": [0, 0, 16, 16], "texture": "#1"},
				"down": {"uv": [0, 0, 16, 16], "texture": "#1"}
			}
		},
		{
			"from": [7.6, -2.137, 7.294],
			"to": [8.4, 32, 7.294],
			"rotation": {"angle": -22.5, "axis": "y", "origin": [8, 14.9315, 7.294]},
			"faces": {
				"north": {"uv": [0, 0, 16, 16], "texture": "#1"},
				"east": {"uv": [0, 0, 16, 16], "texture": "#1"},
				"south": {"uv": [0, 0, 16, 16], "texture": "#1"},
				"west": {"uv": [0, 0, 16, 16], "texture": "#1"},
				"up": {"uv": [0, 0, 16, 16], "texture": "#1"},
				"down": {"uv": [0, 0, 16, 16], "texture": "#1"}
			}
		},
		{
			"from": [7.6, -2.137, 7.294],
			"to": [8.4, 32, 7.294],
			"rotation": {"angle": 0, "axis": "y", "origin": [8, 14.9315, 7.294]},
			"faces": {
				"north": {"uv": [0, 0, 16, 16], "texture": "#1"},
				"east": {"uv": [0, 0, 16, 16], "texture": "#1"},
				"south": {"uv": [0, 0, 16, 16], "texture": "#1"},
				"west": {"uv": [0, 0, 16, 16], "texture": "#1"},
				"up": {"uv": [0, 0, 16, 16], "texture": "#1"},
				"down": {"uv": [0, 0, 16, 16], "texture": "#1"}
			}
		},
		{
			"from": [7.25, -3.512, 7.79495],
			"to": [8.75, -2.762, 8.29495],
			"rotation": {"angle": 0, "axis": "y", "origin": [8, -4.28699, 7.29495]},
			"faces": {
				"north": {"uv": [2, 1, 3, 2], "texture": "#0"},
				"east": {"uv": [2, 1, 3, 2], "texture": "#0"},
				"south": {"uv": [0, 1, 3, 3], "texture": "#0"},
				"west": {"uv": [2, 1, 3, 2], "texture": "#0"},
				"up": {"uv": [0, 10, 3, 11], "texture": "#0"},
				"down": {"uv": [2, 1, 3, 2], "texture": "#0"}
			}
		},
		{
			"from": [7.25, -3.512, 6.79495],
			"to": [8.75, -3.162, 7.79495],
			"rotation": {"angle": 0, "axis": "y", "origin": [8, -4.28699, 7.29495]},
			"faces": {
				"north": {"uv": [5.5, 2, 7.5, 2.7], "texture": "#0"},
				"east": {"uv": [0.5, 10, 2.5, 10.7], "texture": "#0"},
				"south": {"uv": [5.5, 2, 7.5, 2.7], "texture": "#0"},
				"west": {"uv": [0.5, 10, 2.5, 10.7], "texture": "#0"},
				"up": {"uv": [0, 2, 2, 2.7], "texture": "#0"},
				"down": {"uv": [5.5, 2, 7.5, 2.7], "texture": "#0"}
			}
		},
		{
			"from": [7.5, -2.387, 6.79495],
			"to": [8.5, -2.137, 7.79495],
			"rotation": {"angle": 0, "axis": "y", "origin": [8.5, -2.93699, 7.29495]},
			"faces": {
				"north": {"uv": [14, 15, 16, 15.5], "texture": "#0"},
				"east": {"uv": [11, 9, 13, 9.5], "texture": "#0"},
				"south": {"uv": [14, 15, 16, 15.5], "texture": "#0"},
				"west": {"uv": [14, 15, 16, 15.5], "texture": "#0"},
				"up": {"uv": [14, 15, 16, 15.5], "texture": "#0"},
				"down": {"uv": [14, 15, 16, 15.5], "texture": "#0"}
			}
		},
		{
			"from": [7.45, -3.162, 6.74495],
			"to": [8.55, -2.637, 7.84495],
			"rotation": {"angle": 0, "axis": "y", "origin": [8.5, -3.93699, 7.29495]},
			"faces": {
				"north": {"uv": [14, 10, 16, 12], "texture": "#0"},
				"east": {"uv": [14, 10, 16, 12], "texture": "#0"},
				"south": {"uv": [14, 10, 16, 12], "texture": "#0"},
				"west": {"uv": [14, 10, 16, 12], "texture": "#0"},
				"up": {"uv": [14, 10, 16, 12], "texture": "#0"},
				"down": {"uv": [14, 10, 16, 12], "texture": "#0"}
			}
		},
		{
			"from": [7.35, -2.512, 6.64495],
			"to": [8.65, -2.387, 7.94495],
			"rotation": {"angle": 0, "axis": "y", "origin": [8.5, -3.31149, 7.29495]},
			"faces": {
				"north": {"uv": [11, 5, 13.6, 5.25], "texture": "#0"},
				"east": {"uv": [11, 5, 13.6, 5.25], "texture": "#0"},
				"south": {"uv": [11, 5, 13.6, 5.25], "texture": "#0"},
				"west": {"uv": [11, 5, 13.6, 5.25], "texture": "#0"},
				"up": {"uv": [11, 5, 13.6, 5.25], "texture": "#0"},
				"down": {"uv": [11, 5, 13.6, 5.25], "texture": "#0"}
			}
		},
		{
			"from": [7.4, -2.637, 6.69495],
			"to": [8.6, -2.512, 7.89495],
			"rotation": {"angle": 0, "axis": "y", "origin": [8.5, -3.43649, 7.29495]},
			"faces": {
				"north": {"uv": [10, 9, 12.4, 9.25], "texture": "#0"},
				"east": {"uv": [10, 9, 12.4, 9.25], "texture": "#0"},
				"south": {"uv": [10, 9, 12.4, 9.25], "texture": "#0"},
				"west": {"uv": [10, 9, 12.4, 9.25], "texture": "#0"},
				"up": {"uv": [10, 9, 12.4, 9.25], "texture": "#0"},
				"down": {"uv": [10, 9, 12.4, 9.25], "texture": "#0"}
			}
		},
		{
			"from": [7.25, -3.11338, 7.80462],
			"to": [8.75, -2.86338, 8.30462],
			"rotation": {"angle": 22.5, "axis": "x", "origin": [8, -2.78838, 8.05462]},
			"faces": {
				"north": {"uv": [2, 1, 3, 1.5], "texture": "#0"},
				"east": {"uv": [2, 1, 3, 1.5], "texture": "#0"},
				"south": {"uv": [2, 1, 3, 1.5], "texture": "#0"},
				"west": {"uv": [2, 1, 3, 1.5], "texture": "#0"},
				"up": {"uv": [2, 1, 3, 1.5], "texture": "#0"},
				"down": {"uv": [2, 1, 3, 1.5], "texture": "#0"}
			}
		},
		{
			"from": [7.25, -3.11338, 6.28528],
			"to": [8.75, -2.86338, 6.78528],
			"rotation": {"angle": -22.5, "axis": "x", "origin": [8, -2.78838, 6.53528]},
			"faces": {
				"north": {"uv": [2, 1, 3, 1.5], "texture": "#0"},
				"east": {"uv": [2, 1, 3, 1.5], "texture": "#0"},
				"south": {"uv": [2, 1, 3, 1.5], "texture": "#0"},
				"west": {"uv": [2, 1, 3, 1.5], "texture": "#0"},
				"up": {"uv": [2, 1, 3, 1.5], "texture": "#0"},
				"down": {"uv": [2, 1, 3, 1.5], "texture": "#0"}
			}
		},
		{
			"from": [7.25, -3.0369, 7.4089],
			"to": [8.75, -2.7369, 7.9089],
			"rotation": {"angle": 45, "axis": "x", "origin": [8, -3.24046, 7.30535]},
			"faces": {
				"north": {"uv": [2, 1, 3, 1.6], "texture": "#0"},
				"east": {"uv": [2, 1, 3, 1.6], "texture": "#0"},
				"south": {"uv": [2, 1, 3, 1.6], "texture": "#0"},
				"west": {"uv": [2, 1, 3, 1.6], "texture": "#0"},
				"up": {"uv": [2, 1, 3, 1.6], "texture": "#0"},
				"down": {"uv": [2, 1, 3, 1.6], "texture": "#0"}
			}
		},
		{
			"from": [7.25, -3.6369, 6.28101],
			"to": [8.75, -3.1369, 6.58101],
			"rotation": {"angle": 45, "axis": "x", "origin": [8, -3.74046, 6.78456]},
			"faces": {
				"north": {"uv": [2, 1, 3, 1.6], "rotation": 270, "texture": "#0"},
				"east": {"uv": [2, 1, 3, 1.6], "rotation": 270, "texture": "#0"},
				"south": {"uv": [2, 1, 3, 1.6], "rotation": 270, "texture": "#0"},
				"west": {"uv": [2, 1, 3, 1.6], "rotation": 270, "texture": "#0"},
				"up": {"uv": [2, 1, 3, 1.6], "rotation": 270, "texture": "#0"},
				"down": {"uv": [2, 1, 3, 1.6], "rotation": 270, "texture": "#0"}
			}
		},
		{
			"from": [7.25, -3.512, 6.29495],
			"to": [8.75, -2.762, 6.79495],
			"rotation": {"angle": 0, "axis": "y", "origin": [8, -4.28699, 5.79495]},
			"faces": {
				"north": {"uv": [0, 1, 3, 3], "texture": "#0"},
				"east": {"uv": [2, 1, 3, 2], "texture": "#0"},
				"south": {"uv": [2, 1, 3, 2], "texture": "#0"},
				"west": {"uv": [2, 1, 3, 2], "texture": "#0"},
				"up": {"uv": [0, 10, 3, 11], "texture": "#0"},
				"down": {"uv": [2, 1, 3, 2], "texture": "#0"}
			}
		},
		{
			"from": [7.25, -8.25, 7.16995],
			"to": [8.75, -6.924, 7.41995],
			"rotation": {"angle": 0, "axis": "y", "origin": [8, -7.78699, 6.33991]},
			"faces": {
				"north": {"uv": [9, 0, 9.5, 1], "texture": "#0"},
				"east": {"uv": [9, 0, 9.5, 1], "texture": "#0"},
				"south": {"uv": [9, 0, 9.5, 1], "texture": "#0"},
				"west": {"uv": [9, 0, 9.5, 1], "texture": "#0"},
				"up": {"uv": [9, 0, 9.5, 1], "texture": "#0"},
				"down": {"uv": [9, 0, 9.5, 1], "texture": "#0"}
			}
		},
		{
			"from": [7.25, -7.72992, 7.00043],
			"to": [8.75, -7.01242, 7.27543],
			"rotation": {"angle": -22.5, "axis": "x", "origin": [8, -6.60492, 7.12543]},
			"faces": {
				"north": {"uv": [9, 0, 9.5, 1], "rotation": 270, "texture": "#0"},
				"east": {"uv": [9, 0, 9.5, 1], "rotation": 270, "texture": "#0"},
				"south": {"uv": [9, 0, 9.5, 1], "rotation": 270, "texture": "#0"},
				"west": {"uv": [9, 0, 9.5, 1], "rotation": 270, "texture": "#0"},
				"up": {"uv": [9, 0, 9.5, 1], "rotation": 270, "texture": "#0"},
				"down": {"uv": [9, 0, 9.5, 1], "rotation": 270, "texture": "#0"}
			}
		},
		{
			"from": [7.25, -8.24951, 7.41864],
			"to": [8.75, -7.53201, 7.66864],
			"rotation": {"angle": 22.5, "axis": "x", "origin": [8, -7.62451, 7.54364]},
			"faces": {
				"north": {"uv": [9, 0, 9.5, 1], "rotation": 270, "texture": "#0"},
				"east": {"uv": [9, 0, 9.5, 1], "rotation": 270, "texture": "#0"},
				"south": {"uv": [9, 0, 9.5, 1], "rotation": 270, "texture": "#0"},
				"west": {"uv": [9, 0, 9.5, 1], "rotation": 270, "texture": "#0"},
				"up": {"uv": [9, 0, 9.5, 1], "rotation": 270, "texture": "#0"},
				"down": {"uv": [9, 0, 9.5, 1], "rotation": 270, "texture": "#0"}
			}
		},
		{
			"from": [7.25, -8.24951, 6.92126],
			"to": [8.75, -7.53201, 7.19626],
			"rotation": {"angle": -22.5, "axis": "x", "origin": [8, -7.62451, 7.04626]},
			"faces": {
				"north": {"uv": [9, 0, 9.5, 1], "rotation": 270, "texture": "#0"},
				"east": {"uv": [9, 0, 9.5, 1], "rotation": 270, "texture": "#0"},
				"south": {"uv": [9, 0, 9.5, 1], "rotation": 270, "texture": "#0"},
				"west": {"uv": [9, 0, 9.5, 1], "rotation": 270, "texture": "#0"},
				"up": {"uv": [9, 0, 9.5, 1], "rotation": 270, "texture": "#0"},
				"down": {"uv": [9, 0, 9.5, 1], "rotation": 270, "texture": "#0"}
			}
		},
		{
			"from": [7.25, -7.72035, 7.31638],
			"to": [8.75, -7.00285, 7.56638],
			"rotation": {"angle": 22.5, "axis": "x", "origin": [8, -6.59535, 7.44138]},
			"faces": {
				"north": {"uv": [9, 0, 9.5, 1], "rotation": 270, "texture": "#0"},
				"east": {"uv": [9, 0, 9.5, 1], "rotation": 270, "texture": "#0"},
				"south": {"uv": [9, 0, 9.5, 1], "rotation": 270, "texture": "#0"},
				"west": {"uv": [9, 0, 9.5, 1], "rotation": 270, "texture": "#0"},
				"up": {"uv": [9, 0, 9.5, 1], "rotation": 270, "texture": "#0"},
				"down": {"uv": [9, 0, 9.5, 1], "rotation": 270, "texture": "#0"}
			}
		},
		{
			"from": [7.25, -6.5, 7.16995],
			"to": [8.75, -5.174, 7.41995],
			"rotation": {"angle": 0, "axis": "y", "origin": [8, -6.28699, 6.33991]},
			"faces": {
				"north": {"uv": [9, 0, 9.5, 1], "texture": "#0"},
				"east": {"uv": [9, 0, 9.5, 1], "texture": "#0"},
				"south": {"uv": [9, 0, 9.5, 1], "texture": "#0"},
				"west": {"uv": [9, 0, 9.5, 1], "texture": "#0"},
				"up": {"uv": [9, 0, 9.5, 1], "texture": "#0"},
				"down": {"uv": [9, 0, 9.5, 1], "texture": "#0"}
			}
		},
		{
			"from": [7.25, -5.98015, 7.00043],
			"to": [8.75, -5.26265, 7.27543],
			"rotation": {"angle": -22.5, "axis": "x", "origin": [8, -4.85515, 7.12543]},
			"faces": {
				"north": {"uv": [9, 0, 9.5, 1], "rotation": 270, "texture": "#0"},
				"east": {"uv": [9, 0, 9.5, 1], "rotation": 270, "texture": "#0"},
				"south": {"uv": [9, 0, 9.5, 1], "rotation": 270, "texture": "#0"},
				"west": {"uv": [9, 0, 9.5, 1], "rotation": 270, "texture": "#0"},
				"up": {"uv": [9, 0, 9.5, 1], "rotation": 270, "texture": "#0"},
				"down": {"uv": [9, 0, 9.5, 1], "rotation": 270, "texture": "#0"}
			}
		},
		{
			"from": [7.25, -6.49974, 7.41864],
			"to": [8.75, -5.78224, 7.66864],
			"rotation": {"angle": 22.5, "axis": "x", "origin": [8, -5.87474, 7.54364]},
			"faces": {
				"north": {"uv": [9, 0, 9.5, 1], "rotation": 270, "texture": "#0"},
				"east": {"uv": [9, 0, 9.5, 1], "rotation": 270, "texture": "#0"},
				"south": {"uv": [9, 0, 9.5, 1], "rotation": 270, "texture": "#0"},
				"west": {"uv": [9, 0, 9.5, 1], "rotation": 270, "texture": "#0"},
				"up": {"uv": [9, 0, 9.5, 1], "rotation": 270, "texture": "#0"},
				"down": {"uv": [9, 0, 9.5, 1], "rotation": 270, "texture": "#0"}
			}
		},
		{
			"from": [7.25, -6.49974, 6.92126],
			"to": [8.75, -5.78224, 7.19626],
			"rotation": {"angle": -22.5, "axis": "x", "origin": [8, -5.87474, 7.04626]},
			"faces": {
				"north": {"uv": [9, 0, 9.5, 1], "rotation": 270, "texture": "#0"},
				"east": {"uv": [9, 0, 9.5, 1], "rotation": 270, "texture": "#0"},
				"south": {"uv": [9, 0, 9.5, 1], "rotation": 270, "texture": "#0"},
				"west": {"uv": [9, 0, 9.5, 1], "rotation": 270, "texture": "#0"},
				"up": {"uv": [9, 0, 9.5, 1], "rotation": 270, "texture": "#0"},
				"down": {"uv": [9, 0, 9.5, 1], "rotation": 270, "texture": "#0"}
			}
		},
		{
			"from": [7.25, -5.97059, 7.31638],
			"to": [8.75, -5.25309, 7.56638],
			"rotation": {"angle": 22.5, "axis": "x", "origin": [8, -4.84559, 7.44138]},
			"faces": {
				"north": {"uv": [9, 0, 9.5, 1], "rotation": 270, "texture": "#0"},
				"east": {"uv": [9, 0, 9.5, 1], "rotation": 270, "texture": "#0"},
				"south": {"uv": [9, 0, 9.5, 1], "rotation": 270, "texture": "#0"},
				"west": {"uv": [9, 0, 9.5, 1], "rotation": 270, "texture": "#0"},
				"up": {"uv": [9, 0, 9.5, 1], "rotation": 270, "texture": "#0"},
				"down": {"uv": [9, 0, 9.5, 1], "rotation": 270, "texture": "#0"}
			}
		},
		{
			"from": [7.25, -9.91199, 6.29495],
			"to": [8.75, -8.91199, 8.29495],
			"rotation": {"angle": 0, "axis": "y", "origin": [8, -11.28699, 7.29495]},
			"faces": {
				"north": {"uv": [0, 12, 3, 15], "texture": "#0"},
				"east": {"uv": [8, 11, 12, 14], "texture": "#0"},
				"south": {"uv": [0, 12, 3, 15], "texture": "#0"},
				"west": {"uv": [7, 11, 11, 14], "texture": "#0"},
				"up": {"uv": [8, 11, 12, 14], "texture": "#0"},
				"down": {"uv": [8, 11, 12, 14], "texture": "#0"}
			}
		},
		{
			"from": [7.1, -3.76199, 6.14495],
			"to": [8.9, -3.51199, 8.44495],
			"rotation": {"angle": 0, "axis": "y", "origin": [8, -3.13699, 6.79495]},
			"faces": {
				"north": {"uv": [15, 0, 16, 2], "texture": "#0"},
				"east": {"uv": [15, 0, 16, 2], "texture": "#0"},
				"south": {"uv": [15, 0, 16, 2], "texture": "#0"},
				"west": {"uv": [15, 0, 16, 2], "texture": "#0"},
				"up": {"uv": [15, 0, 16, 2], "texture": "#0"},
				"down": {"uv": [15, 0, 16, 2], "texture": "#0"}
			}
		},
		{
			"from": [7.25, -4.03699, 6.79495],
			"to": [8.75, -3.76199, 7.79495],
			"rotation": {"angle": 0, "axis": "y", "origin": [8, -8.91199, 6.64851]},
			"faces": {
				"north": {"uv": [2, 1, 4, 1.55], "texture": "#0"},
				"east": {"uv": [2, 1, 4, 1.55], "texture": "#0"},
				"south": {"uv": [2, 1, 4, 1.55], "texture": "#0"},
				"west": {"uv": [6, 4, 8, 4.55], "texture": "#0"},
				"up": {"uv": [2, 1, 4, 1.55], "texture": "#0"},
				"down": {"uv": [2, 1, 4, 1.55], "texture": "#0"}
			}
		},
		{
			"from": [7.25, -4.28699, 6.79495],
			"to": [8.75, -4.03699, 7.54495],
			"rotation": {"angle": 0, "axis": "y", "origin": [8, -9.16199, 6.79495]},
			"faces": {
				"north": {"uv": [2, 1, 3, 1.5], "texture": "#0"},
				"east": {"uv": [2, 1, 3, 1.5], "texture": "#0"},
				"south": {"uv": [2, 1, 3, 1.5], "texture": "#0"},
				"west": {"uv": [2, 1, 3, 1.5], "texture": "#0"},
				"up": {"uv": [2, 1, 3, 1.5], "texture": "#0"},
				"down": {"uv": [2, 1, 3, 1.5], "texture": "#0"}
			}
		},
		{
			"from": [7.25, -8.91199, 7.79495],
			"to": [8.75, -3.76199, 8.29495],
			"rotation": {"angle": 0, "axis": "y", "origin": [8, -9.28699, 7.29495]},
			"faces": {
				"north": {"uv": [3, 2, 6, 14.3], "texture": "#0"},
				"east": {"uv": [2, 1, 3, 13.3], "texture": "#0"},
				"south": {"uv": [0, 0, 3, 12.3], "texture": "#0"},
				"west": {"uv": [2, 1, 3, 13.3], "texture": "#0"},
				"up": {"uv": [0, 0, 3, 1], "texture": "#missing"},
				"down": {"uv": [0, 0, 3, 1], "texture": "#missing"}
			}
		},
		{
			"from": [7.25, -4.53699, 6.79495],
			"to": [8.75, -4.28699, 7.29495],
			"rotation": {"angle": 0, "axis": "y", "origin": [8, -9.41199, 6.79495]},
			"faces": {
				"north": {"uv": [2, 1, 3, 1.5], "texture": "#0"},
				"east": {"uv": [2, 1, 3, 1.5], "texture": "#0"},
				"south": {"uv": [2, 1, 3, 1.5], "texture": "#0"},
				"west": {"uv": [2, 1, 3, 1.5], "texture": "#0"},
				"up": {"uv": [2, 1, 3, 1.5], "texture": "#0"},
				"down": {"uv": [2, 1, 3, 1.5], "texture": "#0"}
			}
		},
		{
			"from": [7.25, -4.78699, 6.79495],
			"to": [8.75, -4.53699, 7.04495],
			"rotation": {"angle": 0, "axis": "y", "origin": [8, -9.66199, 6.79495]},
			"faces": {
				"north": {"uv": [2, 2, 2.5, 2.5], "texture": "#0"},
				"east": {"uv": [2, 2, 2.5, 2.5], "texture": "#0"},
				"south": {"uv": [2, 2, 2.5, 2.5], "texture": "#0"},
				"west": {"uv": [1, 2, 1.5, 2.5], "texture": "#0"},
				"up": {"uv": [2, 2, 2.5, 2.5], "texture": "#0"},
				"down": {"uv": [2, 2, 2.5, 2.5], "texture": "#0"}
			}
		},
		{
			"from": [7.25, -8.91199, 6.29495],
			"to": [8.75, -3.76199, 6.79495],
			"rotation": {"angle": 0, "axis": "y", "origin": [8, -9.28699, 5.79495]},
			"faces": {
				"north": {"uv": [0, 0, 3, 12.3], "texture": "#0"},
				"east": {"uv": [1, 1, 2, 13.3], "texture": "#0"},
				"south": {"uv": [3, 1, 6, 13.3], "texture": "#0"},
				"west": {"uv": [2, 1, 3, 13.3], "texture": "#0"},
				"up": {"uv": [0, 0, 3, 1], "texture": "#missing"},
				"down": {"uv": [0, 0, 3, 1], "texture": "#missing"}
			}
		},
		{
			"from": [7.375, -8.91199, 6.79495],
			"to": [8.625, -3.91199, 7.79495],
			"rotation": {"angle": 0, "axis": "y", "origin": [8, -9.28699, 6.29495]},
			"faces": {
				"north": {"uv": [4, 1, 6, 13], "texture": "#0"},
				"east": {"uv": [4, 1, 6, 13], "texture": "#0"},
				"south": {"uv": [4, 1, 6, 13], "texture": "#0"},
				"west": {"uv": [4, 1, 6, 13], "texture": "#0"},
				"up": {"uv": [4, 1, 6, 13], "texture": "#0"},
				"down": {"uv": [4, 1, 6, 13], "texture": "#0"}
			}
		},
		{
			"from": [7.25, -5.0106, 5.65344],
			"to": [8.75, -3.0856, 5.90344],
			"rotation": {"angle": 45, "axis": "x", "origin": [8, -6.0106, 5.90344]},
			"faces": {
				"north": {"uv": [2, 1, 3, 2.85], "texture": "#0"},
				"east": {"uv": [2, 1, 3, 2.85], "texture": "#0"},
				"south": {"uv": [2, 1, 3, 2.85], "texture": "#0"},
				"west": {"uv": [0, 9, 1, 10.85], "texture": "#0"},
				"up": {"uv": [2, 1, 3, 2.85], "texture": "#0"},
				"down": {"uv": [2, 1, 3, 2.85], "texture": "#0"}
			}
		},
		{
			"from": [7.3, -13.55699, 6.65866],
			"to": [8.7, -12.80699, 8.55866],
			"rotation": {"angle": -22.5, "axis": "x", "origin": [7.95, -10.53524, 7.34658]},
			"faces": {
				"north": {"uv": [10, 1, 13, 3], "texture": "#0"},
				"east": {"uv": [9, 1, 13, 3], "texture": "#0"},
				"south": {"uv": [10, 1, 13, 3], "texture": "#0"},
				"west": {"uv": [9, 1, 13, 3], "texture": "#0"},
				"up": {"uv": [10, 1, 13, 3], "texture": "#0"},
				"down": {"uv": [10, 1, 13, 5], "texture": "#0"}
			}
		},
		{
			"from": [7.15, -13.65046, 7.65572],
			"to": [8.85, -11.80046, 8.40572],
			"rotation": {"angle": -22.5, "axis": "x", "origin": [8.45, -11.27866, 7.51164]},
			"faces": {
				"north": {"uv": [4, 6, 6, 9], "texture": "#0"},
				"east": {"uv": [4, 6, 6, 9], "texture": "#0"},
				"south": {"uv": [4, 6, 6, 9], "texture": "#0"},
				"west": {"uv": [4, 6, 6, 9], "texture": "#0"},
				"up": {"uv": [4, 6, 6, 9], "texture": "#0"},
				"down": {"uv": [4, 6, 7, 8], "texture": "#0"}
			}
		},
		{
			"from": [7.25, -12.82612, 6.61732],
			"to": [8.75, -12.07612, 8.61732],
			"rotation": {"angle": -22.5, "axis": "x", "origin": [8, -10.55437, 7.30039]},
			"faces": {
				"north": {"uv": [0, 12, 3, 14], "texture": "#0"},
				"east": {"uv": [6, 12, 10, 15], "texture": "#0"},
				"south": {"uv": [0, 12, 3, 14], "texture": "#0"},
				"west": {"uv": [2, 4, 6, 7], "texture": "#0"},
				"up": {"uv": [2, 4, 6, 7], "texture": "#0"},
				"down": {"uv": [2, 4, 6, 7], "texture": "#0"}
			}
		},
		{
			"from": [7.05, -13.08806, 7.76106],
			"to": [8.95, -12.58806, 8.26106],
			"rotation": {"angle": -22.5, "axis": "x", "origin": [8, -11.05456, 8.31412]},
			"faces": {
				"north": {"uv": [15, 0, 16, 2], "texture": "#0"},
				"east": {"uv": [15, 0, 16, 2], "texture": "#0"},
				"south": {"uv": [15, 0, 16, 2], "texture": "#0"},
				"west": {"uv": [15, 0, 16, 2], "texture": "#0"},
				"up": {"uv": [15, 0, 16, 2], "texture": "#0"},
				"down": {"uv": [15, 0, 16, 2], "texture": "#0"}
			}
		},
		{
			"from": [7.05, -12.28806, 7.23846],
			"to": [8.95, -11.78806, 7.73846],
			"rotation": {"angle": -22.5, "axis": "x", "origin": [8.1, -9.80732, 7.79749]},
			"faces": {
				"north": {"uv": [15, 0, 16, 2], "texture": "#0"},
				"east": {"uv": [15, 0, 16, 2], "texture": "#0"},
				"south": {"uv": [15, 0, 16, 2], "texture": "#0"},
				"west": {"uv": [15, 0, 16, 2], "texture": "#0"},
				"up": {"uv": [15, 0, 16, 2], "texture": "#0"},
				"down": {"uv": [15, 0, 16, 2], "texture": "#0"}
			}
		},
		{
			"from": [7.25, -11.89455, 6.78011],
			"to": [8.75, -9.89455, 8.78011],
			"rotation": {"angle": -22.5, "axis": "x", "origin": [8, -10.8728, 7.83819]},
			"faces": {
				"north": {"uv": [6, 11, 9, 15], "texture": "#0"},
				"east": {"uv": [1, 12, 4, 16], "texture": "#0"},
				"south": {"uv": [0, 12, 3, 16], "texture": "#0"},
				"west": {"uv": [0, 12, 3, 16], "texture": "#0"},
				"up": {"uv": [6, 11, 9, 15], "texture": "#0"},
				"down": {"uv": [6, 11, 9, 15], "texture": "#0"}
			}
		},
		{
			"from": [7.25, -10.03806, 6.80866],
			"to": [8.75, -9.53806, 8.80866],
			"rotation": {"angle": -22.5, "axis": "x", "origin": [8, -11.01631, 7.49173]},
			"faces": {
				"north": {"uv": [0, 12, 3, 13], "texture": "#0"},
				"east": {"uv": [9, 13, 12, 15], "texture": "#0"},
				"south": {"uv": [9, 13, 12, 15], "texture": "#0"},
				"west": {"uv": [8, 12, 11, 14], "texture": "#0"},
				"up": {"uv": [9, 13, 12, 15], "texture": "#0"},
				"down": {"uv": [9, 13, 12, 15], "texture": "#0"}
			}
		}
	],
	"display": {
		"thirdperson_righthand": {
			"rotation": [0, -180, 0],
			"translation": [0, 11.25, 0.75],
			"scale": [0.8, 0.8, 0.8]
		},
		"thirdperson_lefthand": {
			"rotation": [0, -180, 0],
			"translation": [0, 11.25, 0.75],
			"scale": [0.8, 0.8, 0.8]
		},
		"firstperson_righthand": {
			"rotation": [-5, -180, 0],
			"translation": [0, 12.25, 0],
			"scale": [0.8, 0.8, 0.8]
		},
		"firstperson_lefthand": {
			"rotation": [-5, -180, 0],
			"translation": [0, 12.25, 0],
			"scale": [0.8, 0.8, 0.8]
		},
		"ground": {
			"rotation": [-46, 0, -82.75],
			"translation": [0, -1, 0],
			"scale": [0.8, 0.8, 0.8]
		},
		"gui": {
			"rotation": [0, 0, -45],
			"scale": [0.5, 0.5, 0.5]
		},
		"fixed": {
			"rotation": [0, 0, 45],
			"scale": [0.6, 0.6, 0.6]
		}
	},
	"groups": [
		{
			"name": "Blade",
			"origin": [8, 8, 8],
			"children": [0, 1, 2, 3, 4, 5, 6, 7, 8]
		},
		{
			"name": "Emitter",
			"origin": [8, 8, 8],
			"children": [9, 10, 11, 12, 13, 14, 15, 16, 17, 18, 19]
		},
		{
			"name": "Handle",
			"origin": [8, 8, 8],
			"children": [
				{
					"name": "Diamonds",
					"origin": [8, 13.42603, 6.5899],
					"children": [
						{
							"name": "Diamond",
							"origin": [8, 13.42603, 6.5899],
							"children": [20, 21, 22, 23, 24]
						},
						{
							"name": "Diamond",
							"origin": [8, 13.42603, 6.5899],
							"children": [25, 26, 27, 28, 29]
						}
					]
				}, 30, 31, 32, 33, 34, 35, 36, 37, 38, 39]
		},
		{
			"name": "Pommel",
			"origin": [8, 8, 8],
			"children": [40, 41, 42, 43, 44, 45, 46]
		}
	]
}