{
	"credit": "Made with Blockbench",
	"texture_size": [64, 64],
	"textures": {
		"0": "mace_windu",
		"1": "purple_blade",
		"particle": "mace_windu"
	},
	"elements": [
		{
			"from": [7.68359, -5.43203, 8],
			"to": [8.31641, 23.56797, 8],
			"rotation": {"angle": 0, "axis": "y", "origin": [8, 9.06797, 8]},
			"faces": {
				"north": {"uv": [0, 0, 16, 16], "texture": "#1"},
				"east": {"uv": [0, 0, 16, 16], "texture": "#1"},
				"south": {"uv": [0, 0, 16, 16], "texture": "#1"},
				"west": {"uv": [0, 0, 16, 16], "texture": "#1"},
				"up": {"uv": [0, 0, 16, 16], "texture": "#1"},
				"down": {"uv": [0, 0, 16, 16], "texture": "#1"}
			}
		},
		{
			"from": [7.68359, -5.43203, 8],
			"to": [8.31641, 23.56797, 8],
			"rotation": {"angle": 22.5, "axis": "y", "origin": [8, 9.06797, 8]},
			"faces": {
				"north": {"uv": [0, 0, 16, 16], "texture": "#1"},
				"east": {"uv": [0, 0, 16, 16], "texture": "#1"},
				"south": {"uv": [0, 0, 16, 16], "texture": "#1"},
				"west": {"uv": [0, 0, 16, 16], "texture": "#1"},
				"up": {"uv": [0, 0, 16, 16], "texture": "#1"},
				"down": {"uv": [0, 0, 16, 16], "texture": "#1"}
			}
		},
		{
			"from": [7.68359, -5.43203, 8],
			"to": [8.31641, 23.56797, 8],
			"rotation": {"angle": 45, "axis": "y", "origin": [8, 9.06797, 8]},
			"faces": {
				"north": {"uv": [0, 0, 16, 16], "texture": "#1"},
				"east": {"uv": [0, 0, 16, 16], "texture": "#1"},
				"south": {"uv": [0, 0, 16, 16], "texture": "#1"},
				"west": {"uv": [0, 0, 16, 16], "texture": "#1"},
				"up": {"uv": [0, 0, 16, 16], "texture": "#1"},
				"down": {"uv": [0, 0, 16, 16], "texture": "#1"}
			}
		},
		{
			"from": [8, -5.43203, 7.68359],
			"to": [8, 23.56797, 8.31641],
			"rotation": {"angle": -22.5, "axis": "y", "origin": [8, 9.06797, 8]},
			"faces": {
				"north": {"uv": [0, 0, 16, 16], "texture": "#1"},
				"east": {"uv": [0, 0, 16, 16], "texture": "#1"},
				"south": {"uv": [0, 0, 16, 16], "texture": "#1"},
				"west": {"uv": [0, 0, 16, 16], "texture": "#1"},
				"up": {"uv": [0, 0, 16, 16], "texture": "#1"},
				"down": {"uv": [0, 0, 16, 16], "texture": "#1"}
			}
		},
		{
			"from": [8, -5.43203, 7.68359],
			"to": [8, 23.56797, 8.31641],
			"rotation": {"angle": 0, "axis": "y", "origin": [8, 9.06797, 8]},
			"faces": {
				"north": {"uv": [0, 0, 16, 16], "texture": "#1"},
				"east": {"uv": [0, 0, 16, 16], "texture": "#1"},
				"south": {"uv": [0, 0, 16, 16], "texture": "#1"},
				"west": {"uv": [0, 0, 16, 16], "texture": "#1"},
				"up": {"uv": [0, 0, 16, 16], "texture": "#1"},
				"down": {"uv": [0, 0, 16, 16], "texture": "#1"}
			}
		},
		{
			"from": [8, -5.43203, 7.68359],
			"to": [8, 23.56797, 8.31641],
			"rotation": {"angle": 22.5, "axis": "y", "origin": [8, 9.06797, 8]},
			"faces": {
				"north": {"uv": [0, 0, 16, 16], "texture": "#1"},
				"east": {"uv": [0, 0, 16, 16], "texture": "#1"},
				"south": {"uv": [0, 0, 16, 16], "texture": "#1"},
				"west": {"uv": [0, 0, 16, 16], "texture": "#1"},
				"up": {"uv": [0, 0, 16, 16], "texture": "#1"},
				"down": {"uv": [0, 0, 16, 16], "texture": "#1"}
			}
		},
		{
			"from": [8, -5.43203, 7.68359],
			"to": [8, 23.56797, 8.31641],
			"rotation": {"angle": 45, "axis": "y", "origin": [8, 9.06797, 8]},
			"faces": {
				"north": {"uv": [0, 0, 16, 16], "texture": "#1"},
				"east": {"uv": [0, 0, 16, 16], "texture": "#1"},
				"south": {"uv": [0, 0, 16, 16], "texture": "#1"},
				"west": {"uv": [0, 0, 16, 16], "texture": "#1"},
				"up": {"uv": [0, 0, 16, 16], "texture": "#1"},
				"down": {"uv": [0, 0, 16, 16], "texture": "#1"}
			}
		},
		{
			"from": [7.68359, -5.43203, 8],
			"to": [8.31641, 23.56797, 8],
			"rotation": {"angle": -22.5, "axis": "y", "origin": [8, 9.06797, 8]},
			"faces": {
				"north": {"uv": [0, 0, 16, 16], "texture": "#1"},
				"east": {"uv": [0, 0, 16, 16], "texture": "#1"},
				"south": {"uv": [0, 0, 16, 16], "texture": "#1"},
				"west": {"uv": [0, 0, 16, 16], "texture": "#1"},
				"up": {"uv": [0, 0, 16, 16], "texture": "#1"},
				"down": {"uv": [0, 0, 16, 16], "texture": "#1"}
			}
		},
		{
			"from": [7.52539, -6.27051, 7.36719],
			"to": [8.47461, -5.82754, 7.68359],
			"rotation": {"angle": 22.5, "axis": "x", "origin": [8, -6.27051, 7.36719]},
			"faces": {
				"north": {"uv": [11.25, 11.75, 12, 12.25], "texture": "#0"},
				"east": {"uv": [7.25, 12.25, 7.5, 12.5], "texture": "#0"},
				"south": {"uv": [11.75, 0, 12.5, 0.25], "texture": "#0"},
				"west": {"uv": [7.5, 12.25, 7.75, 12.5], "texture": "#0"},
				"up": {"uv": [12.5, 0.5, 11.75, 0.25], "texture": "#0"},
				"down": {"uv": [12.5, 0.5, 11.75, 0.75], "texture": "#0"}
			}
		},
		{
			"from": [7.52539, -6.27051, 8.31641],
			"to": [8.47461, -5.82754, 8.63281],
			"rotation": {"angle": -22.5, "axis": "x", "origin": [8, -6.27051, 8.63281]},
			"faces": {
				"north": {"uv": [11.75, 0, 12.5, 0.25], "texture": "#0"},
				"east": {"uv": [7.5, 12.25, 7.75, 12.5], "texture": "#0"},
				"south": {"uv": [11.25, 11.75, 12, 12.25], "texture": "#0"},
				"west": {"uv": [7.25, 12.25, 7.5, 12.5], "texture": "#0"},
				"up": {"uv": [11.75, 0.25, 12.5, 0.5], "texture": "#0"},
				"down": {"uv": [11.75, 0.75, 12.5, 0.5], "texture": "#0"}
			}
		},
		{
			"from": [8.31641, -6.27051, 7.52539],
			"to": [8.63281, -5.82754, 8.47461],
			"rotation": {"angle": 22.5, "axis": "z", "origin": [8.63281, -6.27051, 8]},
			"faces": {
				"north": {"uv": [7.75, 12.25, 8, 12.75], "texture": "#0"},
				"east": {"uv": [11.75, 0.75, 12.5, 1.25], "texture": "#0"},
				"south": {"uv": [8, 12.25, 8.25, 12.5], "texture": "#0"},
				"west": {"uv": [11.75, 1, 12.5, 1.25], "texture": "#0"},
				"up": {"uv": [3.5, 8.75, 3.25, 8], "texture": "#0"},
				"down": {"uv": [4.5, 8.75, 4.25, 9.5], "texture": "#0"}
			}
		},
		{
			"from": [7.36719, -6.27051, 7.52539],
			"to": [7.68359, -5.82754, 8.47461],
			"rotation": {"angle": -22.5, "axis": "z", "origin": [7.36719, -6.27051, 8]},
			"faces": {
				"north": {"uv": [8, 12.25, 7.75, 12.75], "texture": "#0"},
				"east": {"uv": [12.5, 1, 11.75, 1.25], "texture": "#0"},
				"south": {"uv": [8.25, 12.25, 8, 12.5], "texture": "#0"},
				"west": {"uv": [12.5, 0.75, 11.75, 1.25], "texture": "#0"},
				"up": {"uv": [3.25, 8.75, 3.5, 8], "texture": "#0"},
				"down": {"uv": [4.25, 8.75, 4.5, 9.5], "texture": "#0"}
			}
		},
		{
			"from": [7.52539, -6.27051, 7.52539],
			"to": [8.47461, -5.7959, 8.47461],
			"rotation": {"angle": 0, "axis": "y", "origin": [8.1582, -7.29883, 6.97168]},
			"faces": {
				"north": {"uv": [3.75, 11.5, 3, 10.75], "texture": "#0"},
				"east": {"uv": [3.75, 11.5, 3, 10.75], "texture": "#0"},
				"south": {"uv": [3.75, 11.5, 3, 10.75], "texture": "#0"},
				"west": {"uv": [3.75, 11.5, 3, 10.75], "texture": "#0"},
				"up": {"uv": [3.75, 11.5, 3, 10.75], "texture": "#0"},
				"down": {"uv": [3.75, 11.5, 3, 10.75], "texture": "#0"}
			}
		},
		{
			"from": [7.65195, -5.7959, 7.65195],
			"to": [8.34805, -5.55859, 8.34805],
			"rotation": {"angle": 0, "axis": "y", "origin": [8.1582, -6.66602, 6.97168]},
			"faces": {
				"north": {"uv": [15.5, 1, 16, 1.25], "texture": "#0"},
				"east": {"uv": [15.5, 1, 16, 1.25], "texture": "#0"},
				"south": {"uv": [15.5, 1, 16, 1.25], "texture": "#0"},
				"west": {"uv": [15.5, 1, 16, 1.25], "texture": "#0"},
				"up": {"uv": [15.5, 1, 16, 1.25], "texture": "#0"},
				"down": {"uv": [15.5, 1, 16, 1.25], "texture": "#0"}
			}
		},
		{
			"from": [7.62031, -5.55859, 7.62031],
			"to": [8.37969, -5.43203, 8.37969],
			"rotation": {"angle": 0, "axis": "y", "origin": [8.1582, -6.66602, 6.97168]},
			"faces": {
				"north": {"uv": [15.25, 0, 15.75, 0.25], "texture": "#0"},
				"east": {"uv": [15.25, 0, 15.75, 0.25], "texture": "#0"},
				"south": {"uv": [15.25, 0, 15.75, 0.25], "texture": "#0"},
				"west": {"uv": [15.25, 0, 15.75, 0.25], "texture": "#0"},
				"up": {"uv": [15.25, 0, 15.75, 0.5], "texture": "#0"},
				"down": {"uv": [15.25, 0, 15.75, 0.25], "texture": "#0"}
			}
		},
		{
			"from": [7.36719, -13.70605, 7.36719],
			"to": [8.63281, -10.22559, 8.63281],
			"rotation": {"angle": 0, "axis": "y", "origin": [8.1582, -13.62695, 7.52539]},
			"faces": {
				"north": {"uv": [5, 0, 6, 2.75], "texture": "#0"},
				"east": {"uv": [5, 0, 6, 2.75], "texture": "#0"},
				"south": {"uv": [5, 0, 6, 2.75], "texture": "#0"},
				"west": {"uv": [5, 0, 6, 2.75], "texture": "#0"},
				"up": {"uv": [5, 0, 6, 2.75], "texture": "#0"},
				"down": {"uv": [5, 0, 6, 2.75], "texture": "#0"}
			}
		},
		{
			"from": [7.40674, -10.06738, 7.40674],
			"to": [8.59326, -8.95996, 8.59326],
			"rotation": {"angle": 0, "axis": "y", "origin": [8.1582, -12.04492, 7.52539]},
			"faces": {
				"north": {"uv": [1, 9.25, 2, 10.25], "texture": "#0"},
				"east": {"uv": [1, 9.25, 2, 10.25], "texture": "#0"},
				"south": {"uv": [1, 9.25, 2, 10.25], "texture": "#0"},
				"west": {"uv": [1, 9.25, 2, 10.25], "texture": "#0"},
				"up": {"uv": [1, 9.25, 2, 10.25], "texture": "#0"},
				"down": {"uv": [1, 9.25, 2, 10.25], "texture": "#0"}
			}
		},
		{
			"from": [7.44629, -8.64355, 7.44629],
			"to": [8.55371, -6.42871, 8.55371],
			"rotation": {"angle": 0, "axis": "y", "origin": [8.1582, -10.7793, 7.52539]},
			"faces": {
				"north": {"uv": [7.75, 0, 8.75, 1.75], "texture": "#0"},
				"east": {"uv": [7.75, 0, 8.75, 1.75], "texture": "#0"},
				"south": {"uv": [7.75, 0, 8.75, 1.75], "texture": "#0"},
				"west": {"uv": [7.75, 0, 8.75, 1.75], "texture": "#0"},
				"up": {"uv": [7.75, 0, 8.75, 1.75], "texture": "#0"},
				"down": {"uv": [7.75, 0, 8.75, 1.75], "texture": "#0"}
			}
		},
		{
			"from": [7.36719, -8.80176, 7.8418],
			"to": [8.63281, -6.27051, 8.63281],
			"rotation": {"angle": 0, "axis": "y", "origin": [8.1582, -10.30469, 7.44629]},
			"faces": {
				"north": {"uv": [5, 2.75, 6, 5], "texture": "#0"},
				"east": {"uv": [2.5, 8, 3.25, 10], "texture": "#0"},
				"south": {"uv": [7, 2.75, 8, 4.75], "texture": "#0"},
				"west": {"uv": [8, 1.75, 8.75, 3.75], "texture": "#0"},
				"up": {"uv": [5.25, 11.25, 4.25, 10.5], "texture": "#0"},
				"down": {"uv": [6.25, 10.5, 5.25, 11.25], "texture": "#0"}
			}
		},
		{
			"from": [7.36719, -8.80176, 7.36719],
			"to": [8.63281, -8.64355, 7.8418],
			"rotation": {"angle": 0, "axis": "y", "origin": [8.1582, -10.30469, 6.97168]},
			"faces": {
				"north": {"uv": [6, 11.5, 7, 12], "texture": "#0"},
				"east": {"uv": [11.75, 7.75, 12.25, 8], "texture": "#0"},
				"south": {"uv": [7, 11.5, 8, 11.75], "texture": "#0"},
				"west": {"uv": [11.75, 8, 12.25, 8.25], "texture": "#0"},
				"up": {"uv": [11.75, 1, 10.75, 0.5], "texture": "#0"},
				"down": {"uv": [11.75, 1, 10.75, 1.5], "texture": "#0"}
			}
		},
		{
			"from": [7.48584, -8.48535, 7.36719],
			"to": [7.80225, -7.37793, 7.44629],
			"rotation": {"angle": 0, "axis": "y", "origin": [8.1582, -9.98828, 6.97168]},
			"faces": {
				"north": {"uv": [15.75, 0, 16, 1.25], "texture": "#0"},
				"east": {"uv": [15.75, 0, 16, 1.25], "texture": "#0"},
				"south": {"uv": [15.75, 0, 16, 1.25], "texture": "#0"},
				"west": {"uv": [15.75, 0, 16, 1.25], "texture": "#0"},
				"up": {"uv": [15.75, 0, 16, 1.25], "texture": "#0"},
				"down": {"uv": [15.75, 0, 16, 1.25], "texture": "#0"}
			}
		},
		{
			"from": [7.8418, -8.48535, 7.36719],
			"to": [8.1582, -7.37793, 7.44629],
			"rotation": {"angle": 0, "axis": "y", "origin": [8.47461, -9.03906, 6.97168]},
			"faces": {
				"north": {"uv": [15.75, 0, 16, 1.25], "texture": "#0"},
				"east": {"uv": [15.75, 0, 16, 1.25], "texture": "#0"},
				"south": {"uv": [15.75, 0, 16, 1.25], "texture": "#0"},
				"west": {"uv": [15.75, 0, 16, 1.25], "texture": "#0"},
				"up": {"uv": [15.75, 0, 16, 1.25], "texture": "#0"},
				"down": {"uv": [15.75, 0, 16, 1.25], "texture": "#0"}
			}
		},
		{
			"from": [7.9209, -6.58691, 7.36719],
			"to": [8.0791, -6.50781, 7.44629],
			"rotation": {"angle": 0, "axis": "y", "origin": [8.47461, -7.14062, 6.97168]},
			"faces": {
				"north": {"uv": [14, 1, 14.25, 1.5], "texture": "#0"},
				"east": {"uv": [14, 1, 14.25, 1.5], "texture": "#0"},
				"south": {"uv": [14, 1, 14.25, 1.5], "texture": "#0"},
				"west": {"uv": [14, 1, 14.25, 1.5], "texture": "#0"},
				"up": {"uv": [14, 1, 14.25, 1.5], "texture": "#0"},
				"down": {"uv": [14, 1, 14.25, 1.5], "texture": "#0"}
			}
		},
		{
			"from": [7.71523, -6.68731, 7.36719],
			"to": [8.28477, -6.60821, 7.44629],
			"rotation": {"angle": 0, "axis": "y", "origin": [8.47461, -7.06152, 6.97168]},
			"faces": {
				"north": {"uv": [14, 0.75, 14.75, 1.25], "texture": "#0"},
				"east": {"uv": [14, 0.75, 14.5, 1.25], "texture": "#0"},
				"south": {"uv": [14, 0.75, 14.5, 1.25], "texture": "#0"},
				"west": {"uv": [14, 0.75, 14.5, 1.25], "texture": "#0"},
				"up": {"uv": [14, 0.75, 14.5, 1.25], "texture": "#0"},
				"down": {"uv": [14, 0.75, 14.5, 1.25], "texture": "#0"}
			}
		},
		{
			"from": [7.87344, -6.60821, 7.36719],
			"to": [8.12656, -6.58448, 7.44629],
			"rotation": {"angle": 0, "axis": "y", "origin": [8.47461, -6.98242, 6.97168]},
			"faces": {
				"north": {"uv": [14, 0.75, 14.25, 1.25], "texture": "#0"},
				"east": {"uv": [14, 0.75, 14.25, 1.25], "texture": "#0"},
				"south": {"uv": [14, 0.75, 14.25, 1.25], "texture": "#0"},
				"west": {"uv": [14, 0.75, 14.25, 1.25], "texture": "#0"},
				"up": {"uv": [14, 0.75, 14.25, 1.25], "texture": "#0"},
				"down": {"uv": [14, 0.75, 14.25, 1.25], "texture": "#0"}
			}
		},
		{
			"from": [7.63613, -6.76641, 7.36719],
			"to": [8.36387, -6.68731, 7.44629],
			"rotation": {"angle": 0, "axis": "y", "origin": [8.47461, -7.14062, 6.97168]},
			"faces": {
				"north": {"uv": [14.75, 1, 15.25, 1.5], "texture": "#0"},
				"east": {"uv": [14.75, 1, 15.25, 1.5], "texture": "#0"},
				"south": {"uv": [14.75, 1, 15.25, 1.5], "texture": "#0"},
				"west": {"uv": [14.75, 1, 15.25, 1.5], "texture": "#0"},
				"up": {"uv": [14.75, 1, 15.25, 1.5], "texture": "#0"},
				"down": {"uv": [14.75, 1, 15.25, 1.5], "texture": "#0"}
			}
		},
		{
			"from": [8.05192, -6.64445, 7.36719],
			"to": [8.28923, -6.56534, 7.44629],
			"rotation": {"angle": -22.5, "axis": "z", "origin": [8.21013, -6.60489, 7.40674]},
			"faces": {
				"north": {"uv": [14.5, 1.5, 14.25, 1.25], "texture": "#0"},
				"east": {"uv": [14.5, 1.5, 14.25, 1.25], "texture": "#0"},
				"south": {"uv": [14.5, 1.5, 14.25, 1.25], "texture": "#0"},
				"west": {"uv": [14.5, 1.5, 14.25, 1.25], "texture": "#0"},
				"up": {"uv": [14.5, 1.5, 14.25, 1.25], "texture": "#0"},
				"down": {"uv": [14.5, 1.5, 14.25, 1.25], "texture": "#0"}
			}
		},
		{
			"from": [7.71077, -6.64445, 7.36719],
			"to": [7.94808, -6.56534, 7.44629],
			"rotation": {"angle": 22.5, "axis": "z", "origin": [7.78987, -6.60489, 7.40674]},
			"faces": {
				"north": {"uv": [14.25, 1.5, 14.5, 1.25], "texture": "#0"},
				"east": {"uv": [14.25, 1.5, 14.5, 1.25], "texture": "#0"},
				"south": {"uv": [14.25, 1.5, 14.5, 1.25], "texture": "#0"},
				"west": {"uv": [14.25, 1.5, 14.5, 1.25], "texture": "#0"},
				"up": {"uv": [14.25, 1.5, 14.5, 1.25], "texture": "#0"},
				"down": {"uv": [14.25, 1.5, 14.5, 1.25], "texture": "#0"}
			}
		},
		{
			"from": [8.22404, -6.77801, 7.36719],
			"to": [8.46134, -6.69891, 7.44629],
			"rotation": {"angle": -45, "axis": "z", "origin": [8.38224, -6.73846, 7.40674]},
			"faces": {
				"north": {"uv": [14.25, 0.75, 14.5, 1.25], "texture": "#0"},
				"east": {"uv": [14.25, 0.75, 14.5, 1.25], "texture": "#0"},
				"south": {"uv": [14.25, 0.75, 14.5, 1.25], "texture": "#0"},
				"west": {"uv": [14.25, 0.75, 14.5, 1.25], "texture": "#0"},
				"up": {"uv": [14.25, 0.75, 14.5, 1.25], "texture": "#0"},
				"down": {"uv": [14.25, 0.75, 14.5, 1.25], "texture": "#0"}
			}
		},
		{
			"from": [7.53866, -6.77801, 7.36719],
			"to": [7.77596, -6.69891, 7.44629],
			"rotation": {"angle": 45, "axis": "z", "origin": [7.61776, -6.73846, 7.40674]},
			"faces": {
				"north": {"uv": [14.5, 0.75, 14.25, 1.25], "texture": "#0"},
				"east": {"uv": [14.5, 0.75, 14.25, 1.25], "texture": "#0"},
				"south": {"uv": [14.5, 0.75, 14.25, 1.25], "texture": "#0"},
				"west": {"uv": [14.5, 0.75, 14.25, 1.25], "texture": "#0"},
				"up": {"uv": [14.5, 0.75, 14.25, 1.25], "texture": "#0"},
				"down": {"uv": [14.5, 0.75, 14.25, 1.25], "texture": "#0"}
			}
		},
		{
			"from": [7.53388, -7.24103, 7.36719],
			"to": [8.46614, -6.76642, 7.44629],
			"rotation": {"angle": 0, "axis": "y", "origin": [8.10397, -7.1437, 7.40674]},
			"faces": {
				"north": {"uv": [14.25, 0, 15, 0.75], "texture": "#0"},
				"east": {"uv": [15.75, 0, 16, 0.5], "texture": "#0"},
				"south": {"uv": [10.75, 2.5, 11.5, 3], "texture": "#0"},
				"west": {"uv": [15.75, 0, 16, 0.5], "texture": "#0"},
				"up": {"uv": [7.5, 12, 6.75, 11.75], "texture": "#0"},
				"down": {"uv": [16, 0, 15.25, 0.25], "texture": "#0"}
			}
		},
		{
			"from": [8.19775, -8.48535, 7.36719],
			"to": [8.51416, -7.37793, 7.44629],
			"rotation": {"angle": 0, "axis": "y", "origin": [8.79102, -9.03906, 6.97168]},
			"faces": {
				"north": {"uv": [15.75, 0, 16, 1.25], "texture": "#0"},
				"east": {"uv": [15.75, 0, 16, 1.25], "texture": "#0"},
				"south": {"uv": [15.75, 0, 16, 1.25], "texture": "#0"},
				"west": {"uv": [15.75, 0, 16, 1.25], "texture": "#0"},
				"up": {"uv": [15.75, 0, 16, 1.25], "texture": "#0"},
				"down": {"uv": [15.75, 0, 16, 1.25], "texture": "#0"}
			}
		},
		{
			"from": [7.36719, -6.42871, 7.36719],
			"to": [8.63281, -6.27051, 7.8418],
			"rotation": {"angle": 0, "axis": "y", "origin": [8.1582, -7.93164, 6.97168]},
			"faces": {
				"north": {"uv": [8, 11.5, 9, 12], "texture": "#0"},
				"east": {"uv": [11.75, 8.25, 12.25, 8.5], "texture": "#0"},
				"south": {"uv": [9, 11.5, 10, 11.75], "texture": "#0"},
				"west": {"uv": [11.75, 8.5, 12.25, 8.75], "texture": "#0"},
				"up": {"uv": [11.75, 2, 10.75, 1.5], "texture": "#0"},
				"down": {"uv": [11.75, 2, 10.75, 2.5], "texture": "#0"}
			}
		},
		{
			"from": [7.36719, -6.71099, 7.86821],
			"to": [8.63281, -6.52114, 8.02641],
			"rotation": {"angle": -22.5, "axis": "x", "origin": [8, -6.79009, 7.94731]},
			"faces": {
				"north": {"uv": [11.5, 5.75, 12.5, 6.25], "texture": "#0"},
				"east": {"uv": [9.75, 12, 10, 12.25], "texture": "#0"},
				"south": {"uv": [11.5, 6, 12.5, 6.25], "texture": "#0"},
				"west": {"uv": [10, 12, 10.25, 12.25], "texture": "#0"},
				"up": {"uv": [12.5, 6.5, 11.5, 6.25], "texture": "#0"},
				"down": {"uv": [12.5, 6.5, 11.5, 6.75], "texture": "#0"}
			}
		},
		{
			"from": [7.36719, -6.52554, 7.5376],
			"to": [8.63281, -6.36734, 7.72744],
			"rotation": {"angle": 22.5, "axis": "x", "origin": [8, -6.44644, 7.7749]},
			"faces": {
				"north": {"uv": [11.5, 4.75, 12.5, 5.25], "texture": "#0"},
				"east": {"uv": [9.25, 12, 9.5, 12.25], "texture": "#0"},
				"south": {"uv": [11.5, 5, 12.5, 5.25], "texture": "#0"},
				"west": {"uv": [9.5, 12, 9.75, 12.25], "texture": "#0"},
				"up": {"uv": [12.5, 5.5, 11.5, 5.25], "texture": "#0"},
				"down": {"uv": [12.5, 5.5, 11.5, 5.75], "texture": "#0"}
			}
		},
		{
			"from": [7.36719, -6.68022, 7.65798],
			"to": [8.63281, -6.5062, 7.81618],
			"rotation": {"angle": 45, "axis": "x", "origin": [8, -6.60112, 7.89528]},
			"faces": {
				"north": {"uv": [10, 11.5, 11, 12], "texture": "#0"},
				"east": {"uv": [8.75, 12, 9, 12.25], "texture": "#0"},
				"south": {"uv": [11, 11.5, 12, 11.75], "texture": "#0"},
				"west": {"uv": [9, 12, 9.25, 12.25], "texture": "#0"},
				"up": {"uv": [12.5, 2.75, 11.5, 2.5], "texture": "#0"},
				"down": {"uv": [12.5, 2.75, 11.5, 3], "texture": "#0"}
			}
		},
		{
			"from": [7.28809, -13.54785, 7.28809],
			"to": [8.71191, -10.38379, 8.71191],
			"rotation": {"angle": 0, "axis": "y", "origin": [8.1582, -13.62695, 7.52539]},
			"faces": {
				"north": {"uv": [14.75, 15, 16, 16], "texture": "#0"},
				"east": {"uv": [14.75, 15, 16, 16], "texture": "#0"},
				"south": {"uv": [14.75, 15, 16, 16], "texture": "#0"},
				"west": {"uv": [14.75, 15, 16, 16], "texture": "#0"},
				"up": {"uv": [14.75, 15, 16, 16], "texture": "#0"},
				"down": {"uv": [14.75, 15, 16, 16], "texture": "#0"}
			}
		},
		{
			"from": [7.20898, -13.62695, 7.60449],
			"to": [8.79102, -10.30469, 8.39551],
			"rotation": {"angle": 0, "axis": "y", "origin": [8.1582, -13.62695, 7.52539]},
			"faces": {
				"north": {"uv": [7, 7, 7.75, 10], "texture": "#0"},
				"east": {"uv": [7, 7, 7.75, 10], "texture": "#0"},
				"south": {"uv": [7, 7, 7.75, 10], "texture": "#0"},
				"west": {"uv": [7, 7, 7.75, 10], "texture": "#0"},
				"up": {"uv": [7, 7, 7.75, 10], "texture": "#0"},
				"down": {"uv": [7, 7, 7.75, 10], "texture": "#0"}
			}
		},
		{
			"from": [7.60449, -13.62695, 7.20898],
			"to": [8.39551, -10.30469, 8.79102],
			"rotation": {"angle": 0, "axis": "y", "origin": [8.1582, -13.62695, 7.52539]},
			"faces": {
				"north": {"uv": [7, 7, 7.75, 10], "texture": "#0"},
				"east": {"uv": [7, 7, 7.75, 10], "texture": "#0"},
				"south": {"uv": [7, 7, 7.75, 10], "texture": "#0"},
				"west": {"uv": [7, 7, 7.75, 10], "texture": "#0"},
				"up": {"uv": [7, 7, 7.75, 10], "texture": "#0"},
				"down": {"uv": [7, 7, 7.75, 10], "texture": "#0"}
			}
		},
		{
			"from": [7.32764, -13.54785, 7.32764],
			"to": [8.67236, -10.38379, 8.67236],
			"rotation": {"angle": -45, "axis": "y", "origin": [8, -11.96582, 8]},
			"faces": {
				"north": {"uv": [15, 14.75, 16, 16], "texture": "#0"},
				"east": {"uv": [15, 14.75, 16, 16], "texture": "#0"},
				"south": {"uv": [15, 14.75, 16, 16], "texture": "#0"},
				"west": {"uv": [15, 14.75, 16, 16], "texture": "#0"},
				"up": {"uv": [15, 14.75, 16, 16], "texture": "#0"},
				"down": {"uv": [15, 14.75, 16, 16], "texture": "#0"}
			}
		},
		{
			"from": [7.33555, -10.22559, 7.33555],
			"to": [8.66445, -10.06738, 8.66445],
			"rotation": {"angle": 0, "axis": "y", "origin": [8, -9.83008, 8]},
			"faces": {
				"north": {"uv": [15, 1, 16, 1.25], "texture": "#0"},
				"east": {"uv": [15, 1, 16, 1.25], "texture": "#0"},
				"south": {"uv": [15, 1, 16, 1.25], "texture": "#0"},
				"west": {"uv": [15, 1, 16, 1.25], "texture": "#0"},
				"up": {"uv": [15, 1, 16, 1.25], "texture": "#0"},
				"down": {"uv": [15, 1, 16, 1.25], "texture": "#0"}
			}
		},
		{
			"from": [7.33555, -8.95996, 7.33555],
			"to": [8.66445, -8.80176, 8.66445],
			"rotation": {"angle": 0, "axis": "y", "origin": [8, -8.56445, 8]},
			"faces": {
				"north": {"uv": [15, 1, 16, 1.25], "texture": "#0"},
				"east": {"uv": [15, 1, 16, 1.25], "texture": "#0"},
				"south": {"uv": [15, 1, 16, 1.25], "texture": "#0"},
				"west": {"uv": [15, 1, 16, 1.25], "texture": "#0"},
				"up": {"uv": [15, 1, 16, 1.25], "texture": "#0"},
				"down": {"uv": [15, 1, 16, 1.25], "texture": "#0"}
			}
		},
		{
			"from": [7.33555, -9.90918, 7.33555],
			"to": [8.66445, -9.75098, 8.66445],
			"rotation": {"angle": 0, "axis": "y", "origin": [8, -9.51367, 8]},
			"faces": {
				"north": {"uv": [15, 1, 16, 1.25], "texture": "#0"},
				"east": {"uv": [15, 1, 16, 1.25], "texture": "#0"},
				"south": {"uv": [15, 1, 16, 1.25], "texture": "#0"},
				"west": {"uv": [15, 1, 16, 1.25], "texture": "#0"},
				"up": {"uv": [15, 1, 16, 1.25], "texture": "#0"},
				"down": {"uv": [15, 1, 16, 1.25], "texture": "#0"}
			}
		},
		{
			"from": [7.33555, -9.59277, 7.33555],
			"to": [8.66445, -9.43457, 8.66445],
			"rotation": {"angle": 0, "axis": "y", "origin": [8, -9.19727, 8]},
			"faces": {
				"north": {"uv": [15, 1, 16, 1.25], "texture": "#0"},
				"east": {"uv": [15, 1, 16, 1.25], "texture": "#0"},
				"south": {"uv": [15, 1, 16, 1.25], "texture": "#0"},
				"west": {"uv": [15, 1, 16, 1.25], "texture": "#0"},
				"up": {"uv": [15, 1, 16, 1.25], "texture": "#0"},
				"down": {"uv": [15, 1, 16, 1.25], "texture": "#0"}
			}
		},
		{
			"from": [7.33555, -9.27637, 7.33555],
			"to": [8.66445, -9.11816, 8.66445],
			"rotation": {"angle": 0, "axis": "y", "origin": [8, -8.88086, 8]},
			"faces": {
				"north": {"uv": [15, 1, 16, 1.25], "texture": "#0"},
				"east": {"uv": [15, 1, 16, 1.25], "texture": "#0"},
				"south": {"uv": [15, 1, 16, 1.25], "texture": "#0"},
				"west": {"uv": [15, 1, 16, 1.25], "texture": "#0"},
				"up": {"uv": [15, 1, 16, 1.25], "texture": "#0"},
				"down": {"uv": [15, 1, 16, 1.25], "texture": "#0"}
			}
		},
		{
			"from": [7.74688, -15.9209, 7.74688],
			"to": [8.25313, -15.7627, 8.25313],
			"rotation": {"angle": 0, "axis": "y", "origin": [8, -15.8418, 8]},
			"faces": {
				"north": {"uv": [14.75, 14.75, 15.25, 15.25], "texture": "#0"},
				"east": {"uv": [14.75, 14.75, 15.25, 15.25], "texture": "#0"},
				"south": {"uv": [14.75, 14.75, 15.25, 15.25], "texture": "#0"},
				"west": {"uv": [14.75, 14.75, 15.25, 15.25], "texture": "#0"},
				"up": {"uv": [14.75, 14.75, 15.25, 15.25], "texture": "#0"},
				"down": {"uv": [14.75, 14.75, 15.25, 15.25], "texture": "#0"}
			}
		},
		{
			"from": [7.52539, -15.68359, 7.52539],
			"to": [8.47461, -15.36719, 8.47461],
			"rotation": {"angle": 0, "axis": "y", "origin": [8, -15.52539, 8]},
			"faces": {
				"north": {"uv": [6.25, 9.5, 7, 10], "texture": "#0"},
				"east": {"uv": [6.25, 9.5, 7, 10], "texture": "#0"},
				"south": {"uv": [6.25, 9.5, 7, 10], "texture": "#0"},
				"west": {"uv": [6.25, 9.5, 7, 10], "texture": "#0"},
				"up": {"uv": [6.25, 9.5, 7, 10], "texture": "#0"},
				"down": {"uv": [6.25, 9.5, 7, 10], "texture": "#0"}
			}
		},
		{
			"from": [7.41465, -15.36719, 7.41465],
			"to": [8.58535, -15.20898, 8.58535],
			"rotation": {"angle": 0, "axis": "y", "origin": [8, -15.20898, 8]},
			"faces": {
				"north": {"uv": [15.25, 1, 16, 1.25], "texture": "#0"},
				"east": {"uv": [15.25, 1, 16, 1.25], "texture": "#0"},
				"south": {"uv": [15.25, 1, 16, 1.25], "texture": "#0"},
				"west": {"uv": [15.25, 1, 16, 1.25], "texture": "#0"},
				"up": {"uv": [15.25, 1, 16, 1.25], "texture": "#0"},
				"down": {"uv": [15.25, 1, 16, 1.25], "texture": "#0"}
			}
		},
		{
			"from": [7.44629, -15.20898, 7.44629],
			"to": [8.55371, -15.12988, 8.55371],
			"rotation": {"angle": 0, "axis": "y", "origin": [8, -15.20898, 8]},
			"faces": {
				"north": {"uv": [10.75, 7.25, 11.75, 7.75], "texture": "#0"},
				"east": {"uv": [10.75, 7.25, 11.75, 7.75], "texture": "#0"},
				"south": {"uv": [10.75, 7.25, 11.75, 7.75], "texture": "#0"},
				"west": {"uv": [10.75, 7.25, 11.75, 7.75], "texture": "#0"},
				"up": {"uv": [10.75, 7.25, 11.75, 7.75], "texture": "#0"},
				"down": {"uv": [10.75, 7.25, 11.75, 7.75], "texture": "#0"}
			}
		},
		{
			"from": [7.44629, -14.73437, 7.44629],
			"to": [8.55371, -14.65527, 8.55371],
			"rotation": {"angle": 0, "axis": "y", "origin": [8, -14.57617, 8]},
			"faces": {
				"north": {"uv": [10.75, 8.25, 11.75, 8.75], "texture": "#0"},
				"east": {"uv": [10.75, 8.25, 11.75, 8.75], "texture": "#0"},
				"south": {"uv": [10.75, 8.25, 11.75, 8.75], "texture": "#0"},
				"west": {"uv": [10.75, 8.25, 11.75, 8.75], "texture": "#0"},
				"up": {"uv": [10.75, 8.25, 11.75, 8.75], "texture": "#0"},
				"down": {"uv": [10.75, 8.25, 11.75, 8.75], "texture": "#0"}
			}
		},
		{
			"from": [7.40674, -14.65527, 7.40674],
			"to": [8.59326, -14.57617, 8.59326],
			"rotation": {"angle": 0, "axis": "y", "origin": [8, -14.41797, 8]},
			"faces": {
				"north": {"uv": [10.75, 10, 11.75, 10.5], "texture": "#0"},
				"east": {"uv": [10.75, 10, 11.75, 10.5], "texture": "#0"},
				"south": {"uv": [10.75, 10, 11.75, 10.5], "texture": "#0"},
				"west": {"uv": [10.75, 10, 11.75, 10.5], "texture": "#0"},
				"up": {"uv": [10.75, 10, 11.75, 10.5], "texture": "#0"},
				"down": {"uv": [10.75, 10, 11.75, 10.5], "texture": "#0"}
			}
		},
		{
			"from": [7.36719, -14.57617, 7.36719],
			"to": [8.63281, -13.86426, 8.63281],
			"rotation": {"angle": 0, "axis": "y", "origin": [8, -14.25977, 8]},
			"faces": {
				"north": {"uv": [8.75, 10.75, 9.75, 11.5], "texture": "#0"},
				"east": {"uv": [8.75, 10.75, 9.75, 11.5], "texture": "#0"},
				"south": {"uv": [8.75, 10.75, 9.75, 11.5], "texture": "#0"},
				"west": {"uv": [8.75, 10.75, 9.75, 11.5], "texture": "#0"},
				"up": {"uv": [8.75, 10.75, 9.75, 11.5], "texture": "#0"},
				"down": {"uv": [8.75, 10.75, 9.75, 11.5], "texture": "#0"}
			}
		},
		{
			"from": [7.33555, -13.86426, 7.33555],
			"to": [8.66445, -13.70605, 8.66445],
			"rotation": {"angle": 0, "axis": "y", "origin": [8, -13.31055, 8]},
			"faces": {
				"north": {"uv": [15, 1, 16, 1.25], "texture": "#0"},
				"east": {"uv": [15, 1, 16, 1.25], "texture": "#0"},
				"south": {"uv": [15, 1, 16, 1.25], "texture": "#0"},
				"west": {"uv": [15, 1, 16, 1.25], "texture": "#0"},
				"up": {"uv": [15, 1, 16, 1.25], "texture": "#0"},
				"down": {"uv": [15, 1, 16, 1.25], "texture": "#0"}
			}
		},
		{
			"from": [7.12988, -14.53662, 7.68359],
			"to": [7.36719, -13.90381, 8.31641],
			"rotation": {"angle": 0, "axis": "y", "origin": [7.05078, -14.25977, 8.31641]},
			"faces": {
				"north": {"uv": [15, 14.75, 15.5, 15.25], "texture": "#0"},
				"east": {"uv": [15, 14.75, 15.5, 15.25], "texture": "#0"},
				"south": {"uv": [15, 14.75, 15.5, 15.25], "texture": "#0"},
				"west": {"uv": [15, 14.75, 15.5, 15.25], "texture": "#0"},
				"up": {"uv": [15, 14.75, 15.5, 15.25], "texture": "#0"},
				"down": {"uv": [15, 14.75, 15.5, 15.25], "texture": "#0"}
			}
		},
		{
			"from": [7.47793, -15.12988, 7.47793],
			"to": [8.52207, -14.73437, 8.52207],
			"rotation": {"angle": 0, "axis": "y", "origin": [8, -15.05078, 8]},
			"faces": {
				"north": {"uv": [15.25, 15.5, 16, 16], "texture": "#0"},
				"east": {"uv": [15.25, 15.5, 16, 16], "texture": "#0"},
				"south": {"uv": [15.25, 15.5, 16, 16], "texture": "#0"},
				"west": {"uv": [15.25, 15.5, 16, 16], "texture": "#0"},
				"up": {"uv": [15.25, 15.5, 16, 16], "texture": "#0"},
				"down": {"uv": [15.25, 15.5, 16, 16], "texture": "#0"}
			}
		},
		{
			"from": [7.68359, -15.7627, 7.68359],
			"to": [8.31641, -15.68359, 8.31641],
			"rotation": {"angle": 0, "axis": "y", "origin": [8, -15.68359, 8]},
			"faces": {
				"north": {"uv": [15.5, 1, 16, 1.25], "texture": "#0"},
				"east": {"uv": [15.5, 1, 16, 1.25], "texture": "#0"},
				"south": {"uv": [15.5, 1, 16, 1.25], "texture": "#0"},
				"west": {"uv": [15.5, 1, 16, 1.25], "texture": "#0"},
				"up": {"uv": [15.5, 1, 16, 1.25], "texture": "#0"},
				"down": {"uv": [15.5, 1, 16, 1.25], "texture": "#0"}
			}
		}
	],
	"display": {
		"thirdperson_righthand": {
			"translation": [0, 18, 0.5]
		},
		"thirdperson_lefthand": {
			"translation": [0, 18.25, 0]
		},
		"firstperson_righthand": {
			"translation": [0, 15.75, 0]
		},
		"firstperson_lefthand": {
			"translation": [0, 15.75, 0]
		},
		"ground": {
			"rotation": [0, 0, 90],
			"translation": [-3.5, 0, 0]
		},
		"gui": {
			"rotation": [0, 0, -43.75],
			"translation": [3, 3.25, 0]
		},
		"fixed": {
			"rotation": [0, 0, 44.75],
			"translation": [-3.25, 2.75, -0.5]
		}
	},
	"groups": [
		{
			"name": "Blade",
			"origin": [8, 8, 8],
			"children": [0, 1, 2, 3, 4, 5, 6, 7]
		},
		{
			"name": "Emitter",
			"origin": [8, 8, 8],
			"children": [8, 9, 10, 11, 12, 13, 14]
		},
		{
			"name": "Handle",
			"origin": [8, 8, 8],
			"children": [15, 16, 17, 18, 19, 20, 21, 22, 23, 24, 25, 26, 27, 28, 29, 30, 31, 32, 33, 34, 35, 36, 37, 38, 39, 40, 41, 42, 43, 44]
		},
		{
			"name": "Pommel",
			"origin": [8, 8, 8],
			"children": [45, 46, 47, 48, 49, 50, 51, 52, 53, 54, 55]
		}
	]
}