{
	"credit": "Made with Blockbench",
	"textures": {
		"0": "blaster_saber",
		"1": "blue_blade",
		"particle": "blaster_saber"
	},
	"elements": [
		{
			"from": [7.5, -5.0375, 9.35539],
			"to": [8.5, 32, 9.35539],
			"rotation": {"angle": 0, "axis": "y", "origin": [11.15, -1.55, 12.5]},
			"faces": {
				"north": {"uv": [0, 0, 16, 16], "texture": "#1"},
				"east": {"uv": [0, 0, 16, 16], "texture": "#1"},
				"south": {"uv": [0, 0, 16, 16], "texture": "#1"},
				"west": {"uv": [0, 0, 16, 16], "texture": "#1"},
				"up": {"uv": [0, 0, 16, 16], "texture": "#1"},
				"down": {"uv": [0, 0, 16, 16], "texture": "#1"}
			}
		},
		{
			"from": [7.5, -5.0375, 9.35539],
			"to": [8.5, 32, 9.35539],
			"rotation": {"angle": -22.5, "axis": "y", "origin": [8, 13.48125, 9.35539]},
			"faces": {
				"north": {"uv": [0, 0, 16, 16], "texture": "#1"},
				"east": {"uv": [0, 0, 16, 16], "texture": "#1"},
				"south": {"uv": [0, 0, 16, 16], "texture": "#1"},
				"west": {"uv": [0, 0, 16, 16], "texture": "#1"},
				"up": {"uv": [0, 0, 16, 16], "texture": "#1"},
				"down": {"uv": [0, 0, 16, 16], "texture": "#1"}
			}
		},
		{
			"from": [7.5, -5.0375, 9.35539],
			"to": [8.5, 32, 9.35539],
			"rotation": {"angle": -45, "axis": "y", "origin": [8, 13.48125, 9.35539]},
			"faces": {
				"north": {"uv": [0, 0, 16, 16], "texture": "#1"},
				"east": {"uv": [0, 0, 16, 16], "texture": "#1"},
				"south": {"uv": [0, 0, 16, 16], "texture": "#1"},
				"west": {"uv": [0, 0, 16, 16], "texture": "#1"},
				"up": {"uv": [0, 0, 16, 16], "texture": "#1"},
				"down": {"uv": [0, 0, 16, 16], "texture": "#1"}
			}
		},
		{
			"from": [8, -5.0375, 8.85539],
			"to": [8, 32, 9.85539],
			"rotation": {"angle": 22.5, "axis": "y", "origin": [8, 13.48125, 9.35539]},
			"faces": {
				"north": {"uv": [0, 0, 16, 16], "texture": "#1"},
				"east": {"uv": [0, 0, 16, 16], "texture": "#1"},
				"south": {"uv": [0, 0, 16, 16], "texture": "#1"},
				"west": {"uv": [0, 0, 16, 16], "texture": "#1"},
				"up": {"uv": [0, 0, 16, 16], "texture": "#1"},
				"down": {"uv": [0, 0, 16, 16], "texture": "#1"}
			}
		},
		{
			"from": [8, -5.0375, 8.85539],
			"to": [8, 32, 9.85539],
			"rotation": {"angle": 0, "axis": "y", "origin": [8, 13.48125, 9.35539]},
			"faces": {
				"north": {"uv": [0, 0, 16, 16], "texture": "#1"},
				"east": {"uv": [0, 0, 16, 16], "texture": "#1"},
				"south": {"uv": [0, 0, 16, 16], "texture": "#1"},
				"west": {"uv": [0, 0, 16, 16], "texture": "#1"},
				"up": {"uv": [0, 0, 16, 16], "texture": "#1"},
				"down": {"uv": [0, 0, 16, 16], "texture": "#1"}
			}
		},
		{
			"from": [8, -5.0375, 8.85539],
			"to": [8, 32, 9.85539],
			"rotation": {"angle": -22.5, "axis": "y", "origin": [8, 13.48125, 9.35539]},
			"faces": {
				"north": {"uv": [0, 0, 16, 16], "texture": "#1"},
				"east": {"uv": [0, 0, 16, 16], "texture": "#1"},
				"south": {"uv": [0, 0, 16, 16], "texture": "#1"},
				"west": {"uv": [0, 0, 16, 16], "texture": "#1"},
				"up": {"uv": [0, 0, 16, 16], "texture": "#1"},
				"down": {"uv": [0, 0, 16, 16], "texture": "#1"}
			}
		},
		{
			"from": [8, -5.0375, 8.85539],
			"to": [8, 32, 9.85539],
			"rotation": {"angle": -45, "axis": "y", "origin": [8, 13.48125, 9.35539]},
			"faces": {
				"north": {"uv": [0, 0, 16, 16], "texture": "#1"},
				"east": {"uv": [0, 0, 16, 16], "texture": "#1"},
				"south": {"uv": [0, 0, 16, 16], "texture": "#1"},
				"west": {"uv": [0, 0, 16, 16], "texture": "#1"},
				"up": {"uv": [0, 0, 16, 16], "texture": "#1"},
				"down": {"uv": [0, 0, 16, 16], "texture": "#1"}
			}
		},
		{
			"from": [6.875, -6.05, 7.8875],
			"to": [9.125, -5.375, 10.3625],
			"rotation": {"angle": 0, "axis": "y", "origin": [10.25, -2.45, 12.05]},
			"faces": {
				"north": {"uv": [15, 0, 16, 1.5], "texture": "#0"},
				"east": {"uv": [15, 0, 16, 1.5], "texture": "#0"},
				"south": {"uv": [15, 0, 16, 1.5], "texture": "#0"},
				"west": {"uv": [15, 0, 16, 1.5], "texture": "#0"},
				"up": {"uv": [15, 0, 16, 1.5], "texture": "#0"},
				"down": {"uv": [15, 0, 16, 1.5], "texture": "#0"}
			}
		},
		{
			"from": [6.875, -5.34287, 8.51135],
			"to": [7.2125, -4.89287, 9.63635],
			"rotation": {"angle": -22.5, "axis": "x", "origin": [8, -5.00537, 9.74885]},
			"faces": {
				"north": {"uv": [15, 0, 16, 1.5], "texture": "#0"},
				"east": {"uv": [15, 0, 16, 1.5], "texture": "#0"},
				"south": {"uv": [15, 0, 16, 1.5], "texture": "#0"},
				"west": {"uv": [15, 0, 16, 1.5], "texture": "#0"},
				"up": {"uv": [15, 0, 16, 1.5], "texture": "#0"},
				"down": {"uv": [15, 0, 16, 1.5], "texture": "#0"}
			}
		},
		{
			"from": [8.7875, -5.34287, 8.51135],
			"to": [9.125, -4.89287, 9.63635],
			"rotation": {"angle": -22.5, "axis": "x", "origin": [9.9125, -5.00537, 9.74885]},
			"faces": {
				"north": {"uv": [15, 0, 16, 1.5], "texture": "#0"},
				"east": {"uv": [15, 0, 16, 1.5], "texture": "#0"},
				"south": {"uv": [15, 0, 16, 1.5], "texture": "#0"},
				"west": {"uv": [15, 0, 16, 1.5], "texture": "#0"},
				"up": {"uv": [15, 0, 16, 1.5], "texture": "#0"},
				"down": {"uv": [15, 0, 16, 1.5], "texture": "#0"}
			}
		},
		{
			"from": [6.875, -5.36808, 9.53379],
			"to": [7.2125, -4.69308, 10.20879],
			"rotation": {"angle": 45, "axis": "x", "origin": [8, -5.03058, 9.87129]},
			"faces": {
				"north": {"uv": [15, 0, 16, 1.5], "rotation": 180, "texture": "#0"},
				"east": {"uv": [15, 0, 16, 1.5], "rotation": 180, "texture": "#0"},
				"south": {"uv": [15, 0, 16, 1.5], "rotation": 180, "texture": "#0"},
				"west": {"uv": [15, 0, 16, 1.5], "rotation": 180, "texture": "#0"},
				"up": {"uv": [15, 0, 16, 1.5], "rotation": 180, "texture": "#0"},
				"down": {"uv": [15, 0, 16, 1.5], "rotation": 180, "texture": "#0"}
			}
		},
		{
			"from": [8.7875, -5.36808, 9.53379],
			"to": [9.125, -4.69308, 10.20879],
			"rotation": {"angle": 45, "axis": "x", "origin": [9.9125, -5.03058, 9.87129]},
			"faces": {
				"north": {"uv": [15, 0, 16, 1.5], "rotation": 180, "texture": "#0"},
				"east": {"uv": [15, 0, 16, 1.5], "rotation": 180, "texture": "#0"},
				"south": {"uv": [15, 0, 16, 1.5], "rotation": 180, "texture": "#0"},
				"west": {"uv": [15, 0, 16, 1.5], "rotation": 180, "texture": "#0"},
				"up": {"uv": [15, 0, 16, 1.5], "rotation": 180, "texture": "#0"},
				"down": {"uv": [15, 0, 16, 1.5], "rotation": 180, "texture": "#0"}
			}
		},
		{
			"from": [8.7875, -5.375, 9.87133],
			"to": [9.125, -4.5533, 10.3625],
			"rotation": {"angle": 0, "axis": "y", "origin": [9.9125, -5.0375, 10.20883]},
			"faces": {
				"north": {"uv": [15, 0, 16, 1.5], "texture": "#0"},
				"east": {"uv": [15, 0, 16, 1.5], "texture": "#0"},
				"south": {"uv": [15, 0, 16, 1.5], "texture": "#0"},
				"west": {"uv": [15, 0, 16, 1.5], "texture": "#0"},
				"up": {"uv": [15, 0, 16, 1.5], "texture": "#0"},
				"down": {"uv": [15, 0, 16, 1.5], "texture": "#0"}
			}
		},
		{
			"from": [7.2125, -5.375, 10.1375],
			"to": [8.7875, -4.5533, 10.3625],
			"rotation": {"angle": 0, "axis": "y", "origin": [9.6875, -5.0375, 10.475]},
			"faces": {
				"north": {"uv": [15, 0, 16, 1.5], "texture": "#0"},
				"east": {"uv": [15, 0, 16, 1.5], "texture": "#0"},
				"south": {"uv": [15, 0, 16, 1.5], "texture": "#0"},
				"west": {"uv": [15, 0, 16, 1.5], "texture": "#0"},
				"up": {"uv": [15, 0, 16, 1.5], "texture": "#0"},
				"down": {"uv": [15, 0, 16, 1.5], "texture": "#0"}
			}
		},
		{
			"from": [6.875, -5.37499, 9.87129],
			"to": [7.2125, -4.55329, 10.36246],
			"rotation": {"angle": 0, "axis": "y", "origin": [8, -5.03749, 10.20879]},
			"faces": {
				"north": {"uv": [15, 0, 16, 1.5], "texture": "#0"},
				"east": {"uv": [15, 0, 16, 1.5], "texture": "#0"},
				"south": {"uv": [15, 0, 16, 1.5], "texture": "#0"},
				"west": {"uv": [15, 0, 16, 1.5], "texture": "#0"},
				"up": {"uv": [15, 0, 16, 1.5], "texture": "#0"},
				"down": {"uv": [15, 0, 16, 1.5], "texture": "#0"}
			}
		},
		{
			"from": [7.2125, -5.375, 8.5625],
			"to": [8.7875, -5.0375, 10.1375],
			"rotation": {"angle": 0, "axis": "y", "origin": [10.7, -2, 12.05]},
			"faces": {
				"north": {"uv": [0, 0, 3, 1], "texture": "#0"},
				"east": {"uv": [0, 0, 3, 1], "texture": "#0"},
				"south": {"uv": [0, 0, 3, 1], "texture": "#0"},
				"west": {"uv": [0, 0, 3, 1], "texture": "#0"},
				"up": {"uv": [13, 13, 16, 16], "texture": "#0"},
				"down": {"uv": [0, 0, 3, 1], "texture": "#0"}
			}
		},
		{
			"from": [7.19, -15.275, 8.54],
			"to": [8.81, -11.225, 10.16],
			"rotation": {"angle": 0, "axis": "y", "origin": [12.05, -11.675, 12.05]},
			"faces": {
				"north": {"uv": [15, 0, 15.599, 1], "texture": "#0"},
				"east": {"uv": [15, 0, 15.599, 1], "texture": "#0"},
				"south": {"uv": [15, 0, 15.599, 1], "texture": "#0"},
				"west": {"uv": [15, 0, 15.599, 1], "texture": "#0"},
				"up": {"uv": [15, 0, 15.599, 1], "texture": "#0"},
				"down": {"uv": [15, 0, 15.599, 1], "texture": "#0"}
			}
		},
		{
			"from": [8.47565, -15.1625, 9.63889],
			"to": [8.92565, -13.5875, 10.44889],
			"rotation": {"angle": -22.5, "axis": "y", "origin": [8.83565, -14.6, 10.04389]},
			"faces": {
				"north": {"uv": [14, 0, 15.8, 1], "texture": "#0"},
				"east": {"uv": [14, 0, 15.8, 1], "texture": "#0"},
				"south": {"uv": [14, 0, 15.8, 1], "texture": "#0"},
				"west": {"uv": [14, 0, 15.8, 1], "texture": "#0"},
				"up": {"uv": [14, 0, 15.8, 1], "texture": "#0"},
				"down": {"uv": [14, 0, 15.8, 1], "texture": "#0"}
			}
		},
		{
			"from": [7.05262, -15.1625, 9.53556],
			"to": [7.50262, -13.5875, 10.34556],
			"rotation": {"angle": 22.5, "axis": "y", "origin": [7.41262, -14.7125, 9.94056]},
			"faces": {
				"north": {"uv": [15, 0, 15.8, 1], "texture": "#0"},
				"east": {"uv": [15, 0, 15.8, 1], "texture": "#0"},
				"south": {"uv": [15, 0, 15.8, 1], "texture": "#0"},
				"west": {"uv": [15, 0, 15.8, 1], "texture": "#0"},
				"up": {"uv": [15, 0, 15.8, 1], "texture": "#0"},
				"down": {"uv": [15, 0, 15.8, 1], "texture": "#0"}
			}
		},
		{
			"from": [6.92504, -15.1625, 7.79166],
			"to": [9.07379, -13.5875, 9.70416],
			"rotation": {"angle": 0, "axis": "y", "origin": [7.24003, -14.7125, 8.19666]},
			"faces": {
				"north": {"uv": [15, 0, 15.8, 1], "texture": "#0"},
				"east": {"uv": [15, 0, 15.8, 1], "texture": "#0"},
				"south": {"uv": [15, 0, 15.8, 1], "texture": "#0"},
				"west": {"uv": [15, 0, 15.8, 1], "texture": "#0"},
				"up": {"uv": [15, 0, 15.8, 1], "texture": "#0"},
				"down": {"uv": [15, 0, 15.8, 1], "texture": "#0"}
			}
		},
		{
			"from": [7.23501, -15.1625, 9.89],
			"to": [8.76501, -13.5875, 10.4525],
			"rotation": {"angle": 0, "axis": "y", "origin": [7.1, -14.7125, 10.295]},
			"faces": {
				"north": {"uv": [15, 0, 15.8, 1], "texture": "#0"},
				"east": {"uv": [15, 0, 15.8, 1], "texture": "#0"},
				"south": {"uv": [15, 0, 15.8, 1], "texture": "#0"},
				"west": {"uv": [15, 0, 15.8, 1], "texture": "#0"},
				"up": {"uv": [15, 0, 15.8, 1], "texture": "#0"},
				"down": {"uv": [15, 0, 15.8, 1], "texture": "#0"}
			}
		},
		{
			"from": [6.92504, -15.09352, 6.15843],
			"to": [9.07379, -14.64352, 6.60843],
			"rotation": {"angle": -22.5, "axis": "x", "origin": [7.9994, -14.86852, 6.38343]},
			"faces": {
				"north": {"uv": [15, 0, 15.599, 1], "texture": "#0"},
				"east": {"uv": [15, 0, 15.599, 1], "texture": "#0"},
				"south": {"uv": [15, 0, 15.599, 1], "texture": "#0"},
				"west": {"uv": [15, 0, 15.599, 1], "texture": "#0"},
				"up": {"uv": [15, 0, 15.599, 1], "texture": "#0"},
				"down": {"uv": [15, 0, 15.599, 1], "texture": "#0"}
			}
		},
		{
			"from": [6.92504, -14.74675, 6.08945],
			"to": [9.07379, -13.99525, 6.53945],
			"rotation": {"angle": 0, "axis": "y", "origin": [7.9994, -14.52175, 6.31445]},
			"faces": {
				"north": {"uv": [14, 0, 15.599, 1], "texture": "#0"},
				"east": {"uv": [14, 0, 15.599, 1], "texture": "#0"},
				"south": {"uv": [14, 0, 15.599, 1], "texture": "#0"},
				"west": {"uv": [14, 0, 15.599, 1], "texture": "#0"},
				"up": {"uv": [14, 0, 15.599, 1], "texture": "#0"},
				"down": {"uv": [14, 0, 15.599, 1], "texture": "#0"}
			}
		},
		{
			"from": [6.92504, -14.21818, 6.35998],
			"to": [9.07379, -13.76818, 6.80998],
			"rotation": {"angle": 22.5, "axis": "x", "origin": [7.9994, -13.43068, 6.76498]},
			"faces": {
				"north": {"uv": [15, 0, 15.6, 1], "texture": "#0"},
				"east": {"uv": [15, 0, 15.6, 1], "texture": "#0"},
				"south": {"uv": [15, 0, 15.6, 1], "texture": "#0"},
				"west": {"uv": [15, 0, 15.6, 1], "texture": "#0"},
				"up": {"uv": [15, 0, 15.6, 1], "texture": "#0"},
				"down": {"uv": [15, 0, 15.6, 1], "texture": "#0"}
			}
		},
		{
			"from": [6.92504, -15.1625, 6.26166],
			"to": [7.66754, -13.5875, 7.79166],
			"rotation": {"angle": 0, "axis": "y", "origin": [7.28504, -14.7125, 7.11666]},
			"faces": {
				"north": {"uv": [15, 0, 15.599, 1], "texture": "#0"},
				"east": {"uv": [15, 0, 15.599, 1], "texture": "#0"},
				"south": {"uv": [15, 0, 15.599, 1], "texture": "#0"},
				"west": {"uv": [15, 0, 15.599, 1], "texture": "#0"},
				"up": {"uv": [15, 0, 15.599, 1], "texture": "#0"},
				"down": {"uv": [15, 0, 15.599, 1], "texture": "#0"}
			}
		},
		{
			"from": [8.33128, -15.1625, 6.26166],
			"to": [9.07378, -13.5875, 7.79166],
			"rotation": {"angle": 0, "axis": "y", "origin": [8.69128, -14.7125, 7.11666]},
			"faces": {
				"north": {"uv": [14, 0, 15.8, 1], "texture": "#0"},
				"east": {"uv": [14, 0, 15.8, 1], "texture": "#0"},
				"south": {"uv": [14, 0, 15.8, 1], "texture": "#0"},
				"west": {"uv": [14, 0, 15.8, 1], "texture": "#0"},
				"up": {"uv": [14, 0, 15.8, 1], "texture": "#0"},
				"down": {"uv": [14, 0, 15.8, 1], "texture": "#0"}
			}
		},
		{
			"from": [7.66753, -15.5, 6.425],
			"to": [8.34253, -14.15, 7.955],
			"rotation": {"angle": 0, "axis": "y", "origin": [8.02753, -14.7125, 7.11666]},
			"faces": {
				"north": {"uv": [15, 0, 16, 1.8], "texture": "#0"},
				"east": {"uv": [15, 0, 16, 1.8], "texture": "#0"},
				"south": {"uv": [15, 0, 16, 1.8], "texture": "#0"},
				"west": {"uv": [15, 0, 16, 1.8], "texture": "#0"},
				"up": {"uv": [15, 0, 16, 1.8], "texture": "#0"},
				"down": {"uv": [15, 0, 16, 1.8], "texture": "#0"}
			}
		},
		{
			"from": [7.1, -13.475, 8.45],
			"to": [8.9, -13.3625, 10.25],
			"rotation": {"angle": 0, "axis": "y", "origin": [12.05, -9.875, 12.05]},
			"faces": {
				"north": {"uv": [2, 3, 6, 3.25], "texture": "#0"},
				"east": {"uv": [2, 3, 6, 3.25], "texture": "#0"},
				"south": {"uv": [2, 3, 6, 3.25], "texture": "#0"},
				"west": {"uv": [2, 3, 6, 3.25], "texture": "#0"},
				"up": {"uv": [2, 3, 6, 3.25], "texture": "#0"},
				"down": {"uv": [2, 3, 6, 3.25], "texture": "#0"}
			}
		},
		{
			"from": [7.1, -13.25, 8.45],
			"to": [8.9, -13.1375, 10.25],
			"rotation": {"angle": 0, "axis": "y", "origin": [12.05, -9.875, 12.05]},
			"faces": {
				"north": {"uv": [1, 4, 5, 4.25], "texture": "#0"},
				"east": {"uv": [1, 4, 5, 4.25], "texture": "#0"},
				"south": {"uv": [1, 4, 5, 4.25], "texture": "#0"},
				"west": {"uv": [1, 4, 5, 4.25], "texture": "#0"},
				"up": {"uv": [1, 4, 5, 4.25], "texture": "#0"},
				"down": {"uv": [1, 4, 5, 4.25], "texture": "#0"}
			}
		},
		{
			"from": [7.1, -12.8, 8.45],
			"to": [8.9, -12.6875, 10.25],
			"rotation": {"angle": 0, "axis": "y", "origin": [12.05, -9.425, 12.05]},
			"faces": {
				"north": {"uv": [2, 5, 6, 5.25], "texture": "#0"},
				"east": {"uv": [2, 5, 6, 5.25], "texture": "#0"},
				"south": {"uv": [2, 5, 6, 5.25], "texture": "#0"},
				"west": {"uv": [2, 5, 6, 5.25], "texture": "#0"},
				"up": {"uv": [2, 5, 6, 5.25], "texture": "#0"},
				"down": {"uv": [2, 5, 6, 5.25], "texture": "#0"}
			}
		},
		{
			"from": [7.1, -12.35, 8.45],
			"to": [8.9, -12.2375, 10.25],
			"rotation": {"angle": 0, "axis": "y", "origin": [12.05, -8.975, 12.05]},
			"faces": {
				"north": {"uv": [4, 1, 8, 1.25], "texture": "#0"},
				"east": {"uv": [4, 1, 8, 1.25], "texture": "#0"},
				"south": {"uv": [4, 1, 8, 1.25], "texture": "#0"},
				"west": {"uv": [4, 1, 8, 1.25], "texture": "#0"},
				"up": {"uv": [4, 1, 8, 1.25], "texture": "#0"},
				"down": {"uv": [4, 1, 8, 1.25], "texture": "#0"}
			}
		},
		{
			"from": [7.1, -11.9, 8.45],
			"to": [8.9, -11.7875, 10.25],
			"rotation": {"angle": 0, "axis": "y", "origin": [12.05, -8.525, 12.05]},
			"faces": {
				"north": {"uv": [3, 7, 7, 7.25], "texture": "#0"},
				"east": {"uv": [3, 7, 7, 7.25], "texture": "#0"},
				"south": {"uv": [3, 7, 7, 7.25], "texture": "#0"},
				"west": {"uv": [3, 7, 7, 7.25], "texture": "#0"},
				"up": {"uv": [3, 7, 7, 7.25], "texture": "#0"},
				"down": {"uv": [3, 7, 7, 7.25], "texture": "#0"}
			}
		},
		{
			"from": [7.1, -11.45, 8.45],
			"to": [8.9, -10.55, 10.25],
			"rotation": {"angle": 0, "axis": "y", "origin": [12.05, -8.075, 12.05]},
			"faces": {
				"north": {"uv": [3, 5, 7, 7], "texture": "#0"},
				"east": {"uv": [4, 6, 8, 8], "texture": "#0"},
				"south": {"uv": [3, 4, 7, 6], "texture": "#0"},
				"west": {"uv": [5, 7, 9, 9], "texture": "#0"},
				"up": {"uv": [4, 6, 8, 8], "texture": "#0"},
				"down": {"uv": [4, 6, 8, 8], "texture": "#0"}
			}
		},
		{
			"from": [7.01, -7.625, 8.45],
			"to": [8.99, -6.05, 10.475],
			"rotation": {"angle": 0, "axis": "y", "origin": [12.05, -4.25, 12.05]},
			"faces": {
				"north": {"uv": [10, 2, 15, 5], "texture": "#0"},
				"east": {"uv": [10, 2, 15, 5], "texture": "#0"},
				"south": {"uv": [10, 2, 15, 5], "texture": "#0"},
				"west": {"uv": [10, 2, 15, 5], "texture": "#0"},
				"up": {"uv": [10, 2, 15, 5], "texture": "#0"},
				"down": {"uv": [10, 2, 15, 5], "texture": "#0"}
			}
		},
		{
			"from": [6.92, -7.175, 9.0125],
			"to": [9.08, -6.5, 9.6875],
			"rotation": {"angle": 0, "axis": "y", "origin": [12.05, -4.25, 12.5]},
			"faces": {
				"north": {"uv": [12, 14, 14, 16], "texture": "#0"},
				"east": {"uv": [12, 14, 14, 16], "texture": "#0"},
				"south": {"uv": [12, 14, 14, 16], "texture": "#0"},
				"west": {"uv": [12, 14, 14, 16], "texture": "#0"},
				"up": {"uv": [12, 14, 14, 16], "texture": "#0"},
				"down": {"uv": [12, 14, 14, 16], "texture": "#0"}
			}
		},
		{
			"from": [7.1, -7.625, 7.1],
			"to": [8.9, -6.05, 8.45],
			"rotation": {"angle": 0, "axis": "y", "origin": [12.05, -4.25, 10.1375]},
			"faces": {
				"north": {"uv": [11, 3, 14, 6], "texture": "#0"},
				"east": {"uv": [11, 3, 14, 6], "texture": "#0"},
				"south": {"uv": [11, 3, 14, 6], "texture": "#0"},
				"west": {"uv": [11, 3, 14, 6], "texture": "#0"},
				"up": {"uv": [11, 3, 14, 6], "texture": "#0"},
				"down": {"uv": [11, 3, 14, 6], "texture": "#0"}
			}
		},
		{
			"from": [7.1, -6.6125, 5.3],
			"to": [8.9, -5.9375, 6.65],
			"rotation": {"angle": 0, "axis": "y", "origin": [12.05, -2.9, 8.3375]},
			"faces": {
				"north": {"uv": [0, 0, 4, 1.5], "texture": "#missing"},
				"east": {"uv": [2, 3, 5, 4.5], "texture": "#0"},
				"south": {"uv": [2, 2, 6, 3.5], "texture": "#0"},
				"west": {"uv": [2, 2, 5, 3.5], "texture": "#0"},
				"up": {"uv": [1, 1, 5, 4], "texture": "#0"},
				"down": {"uv": [3, 5, 7, 8], "texture": "#0"}
			}
		},
		{
			"from": [8.675, -6.6125, 4.85],
			"to": [8.9, -6.1625, 5.3],
			"rotation": {"angle": 0, "axis": "y", "origin": [13.625, -3.0125, 7.8875]},
			"faces": {
				"north": {"uv": [1, 1.5, 2, 2.5], "texture": "#0"},
				"east": {"uv": [1, 1.5, 2, 2.5], "texture": "#0"},
				"south": {"uv": [1, 1.5, 2, 2.5], "texture": "#0"},
				"west": {"uv": [1, 1.5, 2, 2.5], "texture": "#0"},
				"up": {"uv": [1, 1.5, 2, 2.5], "texture": "#0"},
				"down": {"uv": [1, 1.5, 2, 2.5], "texture": "#0"}
			}
		},
		{
			"from": [7.1, -6.6125, 4.85],
			"to": [7.325, -6.1625, 5.3],
			"rotation": {"angle": 0, "axis": "y", "origin": [12.05, -3.0125, 7.8875]},
			"faces": {
				"north": {"uv": [1, 1.5, 2, 2.5], "texture": "#0"},
				"east": {"uv": [1, 1.5, 2, 2.5], "texture": "#0"},
				"south": {"uv": [1, 1.5, 2, 2.5], "texture": "#0"},
				"west": {"uv": [1, 1.5, 2, 2.5], "texture": "#0"},
				"up": {"uv": [1, 1.5, 2, 2.5], "texture": "#0"},
				"down": {"uv": [1, 1.5, 2, 2.5], "texture": "#0"}
			}
		},
		{
			"from": [7.1, -6.1625, 4.85],
			"to": [8.9, -5.9375, 5.3],
			"rotation": {"angle": 0, "axis": "y", "origin": [12.05, -2.5625, 7.8875]},
			"faces": {
				"north": {"uv": [1, 1, 5, 1.5], "texture": "#0"},
				"east": {"uv": [1, 1, 2, 1.5], "texture": "#0"},
				"south": {"uv": [0, 0, 4, 0.5], "texture": "#missing"},
				"west": {"uv": [1, 1, 2, 1.5], "texture": "#0"},
				"up": {"uv": [2, 1, 6, 2], "texture": "#0"},
				"down": {"uv": [2, 3, 6, 4], "texture": "#0"}
			}
		},
		{
			"from": [8.45, -6.38759, 7.23547],
			"to": [8.9, -6.05009, 7.68547],
			"rotation": {"angle": 22.5, "axis": "x", "origin": [9.40625, -6.27509, 7.73047]},
			"faces": {
				"north": {"uv": [12, 3, 13, 4], "texture": "#0"},
				"east": {"uv": [12, 3, 13, 4], "texture": "#0"},
				"south": {"uv": [12, 3, 13, 4], "texture": "#0"},
				"west": {"uv": [12, 3, 13, 4], "texture": "#0"},
				"up": {"uv": [12, 3, 13, 4], "texture": "#0"},
				"down": {"uv": [12, 3, 13, 4], "texture": "#0"}
			}
		},
		{
			"from": [8.45, -6.25437, 6.84647],
			"to": [8.9, -5.91687, 7.29647],
			"rotation": {"angle": 45, "axis": "x", "origin": [9.40625, -6.14187, 7.34147]},
			"faces": {
				"north": {"uv": [12, 4, 13, 5], "texture": "#0"},
				"east": {"uv": [12, 4, 13, 5], "texture": "#0"},
				"south": {"uv": [12, 4, 13, 5], "texture": "#0"},
				"west": {"uv": [12, 4, 13, 5], "texture": "#0"},
				"up": {"uv": [12, 4, 13, 5], "texture": "#0"},
				"down": {"uv": [12, 4, 13, 5], "texture": "#0"}
			}
		},
		{
			"from": [7.1, -6.25437, 6.84647],
			"to": [7.55, -5.91687, 7.29647],
			"rotation": {"angle": 45, "axis": "x", "origin": [8.05625, -6.14187, 7.34147]},
			"faces": {
				"north": {"uv": [12, 4, 13, 5], "texture": "#0"},
				"east": {"uv": [12, 4, 13, 5], "texture": "#0"},
				"south": {"uv": [12, 4, 13, 5], "texture": "#0"},
				"west": {"uv": [12, 4, 13, 5], "texture": "#0"},
				"up": {"uv": [12, 4, 13, 5], "texture": "#0"},
				"down": {"uv": [12, 4, 13, 5], "texture": "#0"}
			}
		},
		{
			"from": [7.1, -6.38759, 7.23547],
			"to": [7.55, -6.05009, 7.68547],
			"rotation": {"angle": 22.5, "axis": "x", "origin": [7.98875, -6.27509, 7.73047]},
			"faces": {
				"north": {"uv": [13, 4, 14, 5], "texture": "#0"},
				"east": {"uv": [13, 4, 14, 5], "texture": "#0"},
				"south": {"uv": [13, 4, 14, 5], "texture": "#0"},
				"west": {"uv": [13, 4, 14, 5], "texture": "#0"},
				"up": {"uv": [13, 4, 14, 5], "texture": "#0"},
				"down": {"uv": [13, 4, 14, 5], "texture": "#0"}
			}
		},
		{
			"from": [7.19, -7.625, 6.875],
			"to": [8.81, -6.05, 7.1],
			"rotation": {"angle": 0, "axis": "y", "origin": [12.05, -4.25, 9.575]},
			"faces": {
				"north": {"uv": [14, 2, 14.5, 5], "texture": "#0"},
				"east": {"uv": [14, 2, 14.5, 5], "texture": "#0"},
				"south": {"uv": [14, 2, 14.5, 5], "texture": "#0"},
				"west": {"uv": [14, 2, 14.5, 5], "texture": "#0"},
				"up": {"uv": [14, 2, 14.5, 5], "texture": "#0"},
				"down": {"uv": [14, 2, 14.5, 5], "texture": "#0"}
			}
		},
		{
			"from": [7.19, -9.425, 5.975],
			"to": [8.81, -6.05, 6.875],
			"rotation": {"angle": 0, "axis": "y", "origin": [12.05, -4.25, 8.675]},
			"faces": {
				"north": {"uv": [11, 1, 13, 6], "texture": "#0"},
				"east": {"uv": [11, 1, 13, 6], "texture": "#0"},
				"south": {"uv": [11, 1, 14, 6], "texture": "#0"},
				"west": {"uv": [11, 1, 13, 6], "texture": "#0"},
				"up": {"uv": [11, 1, 13, 6], "texture": "#0"},
				"down": {"uv": [11, 1, 13, 6], "texture": "#0"}
			}
		},
		{
			"from": [7.28, -15.95, 5.975],
			"to": [8.72, -9.425, 6.875],
			"rotation": {"angle": 0, "axis": "y", "origin": [12.05, -7.625, 8.675]},
			"faces": {
				"north": {"uv": [1, 1, 3, 15], "texture": "#0"},
				"east": {"uv": [1, 1, 3, 15], "texture": "#0"},
				"south": {"uv": [1, 1, 3, 15], "texture": "#0"},
				"west": {"uv": [2, 1, 4, 15], "texture": "#0"},
				"up": {"uv": [1, 1, 3, 15], "texture": "#0"},
				"down": {"uv": [1, 1, 4, 3], "texture": "#0"}
			}
		},
		{
			"from": [7.28, -15.95095, 5.6568],
			"to": [8.72, -9.7432, 5.9763],
			"rotation": {"angle": 0, "axis": "y", "origin": [12.05, -7.62595, 7.9068]},
			"faces": {
				"north": {"uv": [3, 1, 6, 14], "texture": "#0"},
				"east": {"uv": [3, 2, 3.71, 15], "texture": "#0"},
				"south": {"uv": [3, 2, 3.71, 15], "texture": "#0"},
				"west": {"uv": [4, 1, 4.71, 14], "texture": "#0"},
				"up": {"uv": [3, 2, 3.71, 15], "texture": "#0"},
				"down": {"uv": [3, 2, 6, 3], "texture": "#0"}
			}
		},
		{
			"from": [7.28, -10.00115, 5.82955],
			"to": [8.72, -9.55115, 6.27955],
			"rotation": {"angle": 45, "axis": "x", "origin": [8, -9.66365, 6.05455]},
			"faces": {
				"north": {"uv": [7, 13, 10, 14], "texture": "#0"},
				"east": {"uv": [10, 14, 11, 15], "texture": "#0"},
				"south": {"uv": [10, 14, 11, 15], "texture": "#0"},
				"west": {"uv": [10, 14, 11, 15], "texture": "#0"},
				"up": {"uv": [10, 14, 11, 15], "texture": "#0"},
				"down": {"uv": [10, 14, 11, 15], "texture": "#0"}
			}
		},
		{
			"from": [7.19, -8.51885, 5.06885],
			"to": [8.81, -6.05015, 5.9756],
			"rotation": {"angle": 0, "axis": "y", "origin": [12.05, -4.69385, 7.76885]},
			"faces": {
				"north": {"uv": [13, 1, 14, 6], "texture": "#0"},
				"east": {"uv": [13, 1, 14, 6], "texture": "#0"},
				"south": {"uv": [13, 1, 14, 6], "texture": "#0"},
				"west": {"uv": [13, 1, 14, 6], "texture": "#0"},
				"up": {"uv": [13, 1, 14, 6], "texture": "#0"},
				"down": {"uv": [13, 1, 14, 6], "texture": "#0"}
			}
		},
		{
			"from": [7.55, -7.4, 4.61884],
			"to": [8.45, -6.5, 4.73133],
			"rotation": {"angle": 0, "axis": "y", "origin": [12.05, -3.34385, 6.86885]},
			"faces": {
				"north": {"uv": [12, 14, 14, 16], "texture": "#0"},
				"east": {"uv": [13, 14, 14, 16], "texture": "#0"},
				"south": {"uv": [12, 14, 14, 16], "texture": "#0"},
				"west": {"uv": [12, 14, 13, 16], "texture": "#0"},
				"up": {"uv": [12, 14, 14, 15], "texture": "#0"},
				"down": {"uv": [12, 15, 14, 16], "texture": "#0"}
			}
		},
		{
			"from": [7.4375, -7.5125, 4.73133],
			"to": [8.5625, -6.3875, 5.06884],
			"rotation": {"angle": 0, "axis": "y", "origin": [12.05, -3.34385, 7.31885]},
			"faces": {
				"north": {"uv": [14, 10, 16, 12], "texture": "#0"},
				"east": {"uv": [15, 10, 16, 12], "texture": "#0"},
				"south": {"uv": [15, 10, 16, 12], "texture": "#0"},
				"west": {"uv": [15, 10, 16, 12], "texture": "#0"},
				"up": {"uv": [14, 10, 16, 11], "texture": "#0"},
				"down": {"uv": [14, 11, 16, 12], "texture": "#0"}
			}
		},
		{
			"from": [7.19, -8.69962, 5.07765],
			"to": [8.81, -8.42962, 5.64015],
			"rotation": {"angle": 22.5, "axis": "x", "origin": [8, -8.58712, 5.52765]},
			"faces": {
				"north": {"uv": [12, 4, 13.6, 5.25], "texture": "#0"},
				"east": {"uv": [12, 4, 13.6, 5.25], "texture": "#0"},
				"south": {"uv": [12, 4, 13.6, 5.25], "texture": "#0"},
				"west": {"uv": [12, 4, 13.6, 5.25], "texture": "#0"},
				"up": {"uv": [12, 4, 13.6, 5.25], "texture": "#0"},
				"down": {"uv": [12, 4, 13.6, 5.25], "texture": "#0"}
			}
		},
		{
			"from": [7.19, -8.88311, 5.49824],
			"to": [8.81, -8.38811, 6.03824],
			"rotation": {"angle": 45, "axis": "x", "origin": [8, -8.77061, 5.72324]},
			"faces": {
				"north": {"uv": [12, 3, 13.2, 4.1], "texture": "#0"},
				"east": {"uv": [12, 3, 13.2, 4.1], "texture": "#0"},
				"south": {"uv": [12, 3, 13.2, 4.1], "texture": "#0"},
				"west": {"uv": [12, 3, 13.2, 4.1], "texture": "#0"},
				"up": {"uv": [12, 3, 13.2, 4.1], "texture": "#0"},
				"down": {"uv": [12, 3, 13.2, 4.1], "texture": "#0"}
			}
		},
		{
			"from": [7.19, -9.39908, 5.88033],
			"to": [8.81, -8.94908, 6.10533],
			"rotation": {"angle": -22.5, "axis": "x", "origin": [8, -9.17408, 5.99283]},
			"faces": {
				"north": {"uv": [11, 4, 12, 4.5], "rotation": 270, "texture": "#0"},
				"east": {"uv": [11, 4, 12, 4.5], "rotation": 270, "texture": "#0"},
				"south": {"uv": [11, 4, 12, 4.5], "rotation": 270, "texture": "#0"},
				"west": {"uv": [11, 4, 12, 4.5], "rotation": 270, "texture": "#0"},
				"up": {"uv": [11, 4, 12, 4.5], "rotation": 270, "texture": "#0"},
				"down": {"uv": [11, 4, 12, 4.5], "rotation": 270, "texture": "#0"}
			}
		},
		{
			"from": [7.1, -8.3, 8.45],
			"to": [8.9, -7.625, 10.25],
			"rotation": {"angle": 0, "axis": "y", "origin": [12.05, -4.925, 12.05]},
			"faces": {
				"north": {"uv": [12, 10, 16, 12], "texture": "#0"},
				"east": {"uv": [12, 10, 16, 12], "texture": "#0"},
				"south": {"uv": [12, 10, 16, 12], "texture": "#0"},
				"west": {"uv": [12, 10, 16, 12], "texture": "#0"},
				"up": {"uv": [12, 10, 16, 12], "texture": "#0"},
				"down": {"uv": [12, 10, 16, 12], "texture": "#0"}
			}
		},
		{
			"from": [7.145, -10.55, 8.495],
			"to": [8.855, -8.3, 10.205],
			"rotation": {"angle": 0, "axis": "y", "origin": [12.05, -7.175, 12.05]},
			"faces": {
				"north": {"uv": [2, 2, 5.8, 7], "texture": "#0"},
				"east": {"uv": [2, 2, 5.8, 7], "texture": "#0"},
				"south": {"uv": [2, 2, 5.8, 7], "texture": "#0"},
				"west": {"uv": [2, 2, 5.8, 7], "texture": "#0"},
				"up": {"uv": [2, 2, 5.8, 7], "texture": "#0"},
				"down": {"uv": [2, 2, 5.8, 7], "texture": "#0"}
			}
		},
		{
			"from": [7.6625, -10.1, 10.205],
			"to": [8.3375, -8.75, 10.43],
			"rotation": {"angle": 0, "axis": "y", "origin": [12.05, -7.175, 13.76]},
			"faces": {
				"north": {"uv": [14, 0, 15.5, 1], "texture": "#0"},
				"east": {"uv": [14, 0, 15.5, 1], "texture": "#0"},
				"south": {"uv": [14, 0, 15.5, 1], "texture": "#0"},
				"west": {"uv": [14, 0, 15.5, 1], "texture": "#0"},
				"up": {"uv": [14, 0, 15.5, 1], "texture": "#0"},
				"down": {"uv": [14, 0, 15.5, 1], "texture": "#0"}
			}
		},
		{
			"from": [7.55, -7.175, 10.3625],
			"to": [8.45, -4.925, 10.8125],
			"rotation": {"angle": 0, "axis": "y", "origin": [12.05, -4.025, 13.76]},
			"faces": {
				"north": {"uv": [0, 0, 2, 5], "texture": "#missing"},
				"east": {"uv": [0, 9, 1, 14], "texture": "#0"},
				"south": {"uv": [0, 11, 1, 16], "texture": "#0"},
				"west": {"uv": [0, 11, 1, 16], "texture": "#0"},
				"up": {"uv": [0, 0, 2, 1], "texture": "#0"},
				"down": {"uv": [13, 15, 15, 16], "texture": "#0"}
			}
		},
		{
			"from": [7.64, -7.085, 10.8125],
			"to": [8.36, -5.015, 10.925],
			"rotation": {"angle": 0, "axis": "y", "origin": [12.05, -4.025, 14.21]},
			"faces": {
				"north": {"uv": [1, 1, 3, 6], "texture": "#0"},
				"east": {"uv": [1, 1, 3, 6], "texture": "#0"},
				"south": {"uv": [1, 1, 3, 6], "texture": "#0"},
				"west": {"uv": [1, 1, 3, 6], "texture": "#0"},
				"up": {"uv": [1, 1, 3, 6], "texture": "#0"},
				"down": {"uv": [1, 1, 3, 6], "texture": "#0"}
			}
		},
		{
			"from": [7.775, -8.3, 7.775],
			"to": [8.225, -6.95, 8],
			"rotation": {"angle": 0, "axis": "y", "origin": [12.05, -5.375, 11.51]},
			"faces": {
				"north": {"uv": [15, 3, 16, 4], "texture": "#0"},
				"east": {"uv": [15, 3, 16, 4], "texture": "#0"},
				"south": {"uv": [15, 3, 16, 4], "texture": "#0"},
				"west": {"uv": [15, 3, 16, 4], "texture": "#0"},
				"up": {"uv": [15, 3, 16, 4], "texture": "#0"},
				"down": {"uv": [15, 3, 16, 4], "texture": "#0"}
			}
		},
		{
			"from": [7.775, -8.8625, 8.27],
			"to": [8.225, -8.4125, 8.495],
			"rotation": {"angle": 0, "axis": "y", "origin": [12.05, -5.825, 11.51]},
			"faces": {
				"north": {"uv": [15, 3, 16, 4], "texture": "#0"},
				"east": {"uv": [15, 3, 16, 4], "texture": "#0"},
				"south": {"uv": [15, 3, 16, 4], "texture": "#0"},
				"west": {"uv": [15, 3, 16, 4], "texture": "#0"},
				"up": {"uv": [15, 3, 16, 4], "texture": "#0"},
				"down": {"uv": [15, 3, 16, 4], "texture": "#0"}
			}
		},
		{
			"from": [7.1, -13.025, 8.45],
			"to": [8.9, -12.9125, 10.25],
			"rotation": {"angle": 0, "axis": "y", "origin": [12.05, -9.425, 12.05]},
			"faces": {
				"north": {"uv": [4, 3, 8, 3.25], "texture": "#0"},
				"east": {"uv": [4, 3, 8, 3.25], "texture": "#0"},
				"south": {"uv": [4, 3, 8, 3.25], "texture": "#0"},
				"west": {"uv": [4, 3, 8, 3.25], "texture": "#0"},
				"up": {"uv": [4, 3, 8, 3.25], "texture": "#0"},
				"down": {"uv": [4, 3, 8, 3.25], "texture": "#0"}
			}
		},
		{
			"from": [7.1, -12.575, 8.45],
			"to": [8.9, -12.4625, 10.25],
			"rotation": {"angle": 0, "axis": "y", "origin": [12.05, -8.975, 12.05]},
			"faces": {
				"north": {"uv": [0, 1, 4, 1.25], "texture": "#0"},
				"east": {"uv": [0, 1, 4, 1.25], "texture": "#0"},
				"south": {"uv": [0, 1, 4, 1.25], "texture": "#0"},
				"west": {"uv": [0, 1, 4, 1.25], "texture": "#0"},
				"up": {"uv": [0, 1, 4, 1.25], "texture": "#0"},
				"down": {"uv": [0, 1, 4, 1.25], "texture": "#0"}
			}
		},
		{
			"from": [7.1, -12.125, 8.45],
			"to": [8.9, -12.0125, 10.25],
			"rotation": {"angle": 0, "axis": "y", "origin": [12.05, -8.525, 12.05]},
			"faces": {
				"north": {"uv": [4, 4, 8, 4.25], "texture": "#0"},
				"east": {"uv": [4, 4, 8, 4.25], "texture": "#0"},
				"south": {"uv": [4, 4, 8, 4.25], "texture": "#0"},
				"west": {"uv": [4, 4, 8, 4.25], "texture": "#0"},
				"up": {"uv": [4, 4, 8, 4.25], "texture": "#0"},
				"down": {"uv": [4, 4, 8, 4.25], "texture": "#0"}
			}
		},
		{
			"from": [7.1, -11.675, 8.45],
			"to": [8.9, -11.5625, 10.25],
			"rotation": {"angle": 0, "axis": "y", "origin": [12.05, -8.075, 12.05]},
			"faces": {
				"north": {"uv": [5, 5, 9, 5.25], "texture": "#0"},
				"east": {"uv": [5, 5, 9, 5.25], "texture": "#0"},
				"south": {"uv": [5, 5, 9, 5.25], "texture": "#0"},
				"west": {"uv": [5, 5, 9, 5.25], "texture": "#0"},
				"up": {"uv": [5, 5, 9, 5.25], "texture": "#0"},
				"down": {"uv": [5, 5, 9, 5.25], "texture": "#0"}
			}
		},
		{
			"from": [7.01, -15.95, 8.36],
			"to": [8.99, -15.725, 10.34],
			"rotation": {"angle": 0, "axis": "y", "origin": [11.15, -12.35, 12.95]},
			"faces": {
				"north": {"uv": [1, 1, 5, 1.5], "texture": "#0"},
				"east": {"uv": [1, 1, 5, 1.5], "texture": "#0"},
				"south": {"uv": [1, 1, 5, 1.5], "texture": "#0"},
				"west": {"uv": [1, 1, 5, 1.5], "texture": "#0"},
				"up": {"uv": [1, 1, 5, 1.5], "texture": "#0"},
				"down": {"uv": [1, 1, 5, 5], "texture": "#0"}
			}
		},
		{
			"from": [7.055, -15.725, 8.405],
			"to": [8.945, -15.275, 10.295],
			"rotation": {"angle": 0, "axis": "y", "origin": [11.15, -12.125, 12.95]},
			"faces": {
				"north": {"uv": [2, 1, 6, 2], "texture": "#0"},
				"east": {"uv": [2, 1, 6, 2], "texture": "#0"},
				"south": {"uv": [1, 3, 5, 4], "texture": "#0"},
				"west": {"uv": [1, 2, 5, 3], "texture": "#0"},
				"up": {"uv": [1, 3, 5, 4], "texture": "#0"},
				"down": {"uv": [1, 3, 5, 4], "texture": "#0"}
			}
		}
	],
	"display": {
		"thirdperson_righthand": {
			"translation": [0, 13, 0.5],
			"scale": [0.8, 0.8, 0.8]
		},
		"thirdperson_lefthand": {
			"translation": [0, 13, 0.5],
			"scale": [0.8, 0.8, 0.8]
		},
		"firstperson_righthand": {
			"translation": [0, 15, 0],
			"scale": [0.8, 0.8, 0.8]
		},
		"firstperson_lefthand": {
			"translation": [0, 15, 0],
			"scale": [0.8, 0.8, 1.8]
		},
		"ground": {
			"rotation": [-16.75, 5, -84.25],
			"translation": [0, 3, 0],
			"scale": [0.8, 0.8, 0.8]
		},
		"gui": {
			"rotation": [-90, -45, -90],
			"scale": [0.5, 0.5, 0.5]
		},
		"fixed": {
			"rotation": [-90, 45, 90],
			"translation": [-0.5, 0, 0],
			"scale": [0.6, 0.6, 0.6]
		}
	},
	"groups": [
		{
			"name": "Blade",
			"origin": [8, 8, 8],
			"children": [0, 1, 2, 3, 4, 5, 6]
		},
		{
			"name": "Emitter",
			"origin": [8, 8, 8],
			"children": [7, 8, 9, 10, 11, 12, 13, 14, 15]
		},
		{
			"name": "Handle",
			"origin": [8, 8, 8],
			"children": [16, 17, 18, 19, 20, 21, 22, 23, 24, 25, 26, 27, 28, 29, 30, 31, 32, 33, 34, 35, 36, 37, 38, 39, 40, 41, 42, 43, 44, 45, 46, 47, 48, 49, 50, 51, 52, 53, 54, 55, 56, 57, 58, 59, 60, 61, 62, 63, 64, 65]
		},
		{
			"name": "Pommel",
			"origin": [8, 8, 8],
			"children": [66, 67]
		}
	]
}