{
	"credit": "Made with Blockbench",
	"textures": {
		"0": "ahsoka_saber",
		"1": "white_blade",
		"particle": "ahsoka_saber"
	},
	"elements": [
		{
			"from": [7.6, -2.137, 7.29395],
			"to": [8.4, 32, 7.29395],
			"rotation": {"angle": 0, "axis": "y", "origin": [8, 14.9315, 7.29395]},
			"faces": {
				"north": {"uv": [0, 0, 16, 16], "texture": "#1"},
				"east": {"uv": [0, 0, 16, 16], "texture": "#1"},
				"south": {"uv": [0, 0, 16, 16], "texture": "#1"},
				"west": {"uv": [0, 0, 16, 16], "texture": "#1"},
				"up": {"uv": [0, 0, 16, 16], "texture": "#1"},
				"down": {"uv": [0, 0, 16, 16], "texture": "#1"}
			}
		},
		{
			"from": [7.6, -2.137, 7.29395],
			"to": [8.4, 32, 7.29395],
			"rotation": {"angle": -22.5, "axis": "y", "origin": [8, 14.9315, 7.29395]},
			"faces": {
				"north": {"uv": [0, 0, 16, 16], "texture": "#1"},
				"east": {"uv": [0, 0, 16, 16], "texture": "#1"},
				"south": {"uv": [0, 0, 16, 16], "texture": "#1"},
				"west": {"uv": [0, 0, 16, 16], "texture": "#1"},
				"up": {"uv": [0, 0, 16, 16], "texture": "#1"},
				"down": {"uv": [0, 0, 16, 16], "texture": "#1"}
			}
		},
		{
			"from": [7.6, -2.137, 7.29395],
			"to": [8.4, 32, 7.29395],
			"rotation": {"angle": -45, "axis": "y", "origin": [8, 14.9315, 7.29395]},
			"faces": {
				"north": {"uv": [0, 0, 16, 16], "texture": "#1"},
				"east": {"uv": [0, 0, 16, 16], "texture": "#1"},
				"south": {"uv": [0, 0, 16, 16], "texture": "#1"},
				"west": {"uv": [0, 0, 16, 16], "texture": "#1"},
				"up": {"uv": [0, 0, 16, 16], "texture": "#1"},
				"down": {"uv": [0, 0, 16, 16], "texture": "#1"}
			}
		},
		{
			"from": [8, -2.137, 6.89395],
			"to": [8, 32, 7.69395],
			"rotation": {"angle": 22.5, "axis": "y", "origin": [8, 14.9315, 7.29395]},
			"faces": {
				"north": {"uv": [0, 0, 16, 16], "texture": "#1"},
				"east": {"uv": [0, 0, 16, 16], "texture": "#1"},
				"south": {"uv": [0, 0, 16, 16], "texture": "#1"},
				"west": {"uv": [0, 0, 16, 16], "texture": "#1"},
				"up": {"uv": [0, 0, 16, 16], "texture": "#1"},
				"down": {"uv": [0, 0, 16, 16], "texture": "#1"}
			}
		},
		{
			"from": [8, -2.137, 6.89395],
			"to": [8, 32, 7.69395],
			"rotation": {"angle": 0, "axis": "y", "origin": [8, 14.9315, 7.29395]},
			"faces": {
				"north": {"uv": [0, 0, 16, 16], "texture": "#1"},
				"east": {"uv": [0, 0, 16, 16], "texture": "#1"},
				"south": {"uv": [0, 0, 16, 16], "texture": "#1"},
				"west": {"uv": [0, 0, 16, 16], "texture": "#1"},
				"up": {"uv": [0, 0, 16, 16], "texture": "#1"},
				"down": {"uv": [0, 0, 16, 16], "texture": "#1"}
			}
		},
		{
			"from": [8, -2.137, 6.89395],
			"to": [8, 32, 7.69395],
			"rotation": {"angle": -22.5, "axis": "y", "origin": [8, 14.9315, 7.29395]},
			"faces": {
				"north": {"uv": [0, 0, 16, 16], "texture": "#1"},
				"east": {"uv": [0, 0, 16, 16], "texture": "#1"},
				"south": {"uv": [0, 0, 16, 16], "texture": "#1"},
				"west": {"uv": [0, 0, 16, 16], "texture": "#1"},
				"up": {"uv": [0, 0, 16, 16], "texture": "#1"},
				"down": {"uv": [0, 0, 16, 16], "texture": "#1"}
			}
		},
		{
			"from": [8, -2.137, 6.89395],
			"to": [8, 32, 7.69395],
			"rotation": {"angle": -45, "axis": "y", "origin": [8, 14.9315, 7.29395]},
			"faces": {
				"north": {"uv": [0, 0, 16, 16], "texture": "#1"},
				"east": {"uv": [0, 0, 16, 16], "texture": "#1"},
				"south": {"uv": [0, 0, 16, 16], "texture": "#1"},
				"west": {"uv": [0, 0, 16, 16], "texture": "#1"},
				"up": {"uv": [0, 0, 16, 16], "texture": "#1"},
				"down": {"uv": [0, 0, 16, 16], "texture": "#1"}
			}
		},
		{
			"from": [7.6, -2.137, 7.29395],
			"to": [8.4, 32, 7.29395],
			"rotation": {"angle": 22.5, "axis": "y", "origin": [8, 14.9315, 7.29395]},
			"faces": {
				"north": {"uv": [0, 0, 16, 16], "texture": "#1"},
				"east": {"uv": [0, 0, 16, 16], "texture": "#1"},
				"south": {"uv": [0, 0, 16, 16], "texture": "#1"},
				"west": {"uv": [0, 0, 16, 16], "texture": "#1"},
				"up": {"uv": [0, 0, 16, 16], "texture": "#1"},
				"down": {"uv": [0, 0, 16, 16], "texture": "#1"}
			}
		},
		{
			"from": [7.25, -3.512, 7.79495],
			"to": [8.75, -2.762, 8.29495],
			"rotation": {"angle": 0, "axis": "y", "origin": [8, -4.28699, 7.29495]},
			"faces": {
				"north": {"uv": [2, 1, 3, 2], "texture": "#0"},
				"east": {"uv": [2, 1, 3, 2], "texture": "#0"},
				"south": {"uv": [2, 1, 5, 3], "texture": "#0"},
				"west": {"uv": [2, 1, 3, 2], "texture": "#0"},
				"up": {"uv": [3, 3, 6, 4], "texture": "#0"},
				"down": {"uv": [2, 1, 3, 2], "texture": "#0"}
			}
		},
		{
			"from": [7.25, -3.512, 6.79495],
			"to": [8.75, -3.162, 7.79495],
			"rotation": {"angle": 0, "axis": "y", "origin": [8, -4.28699, 7.29495]},
			"faces": {
				"north": {"uv": [5.5, 2, 7.5, 2.7], "texture": "#0"},
				"east": {"uv": [5.5, 2, 7.5, 2.7], "texture": "#0"},
				"south": {"uv": [5.5, 2, 7.5, 2.7], "texture": "#0"},
				"west": {"uv": [5.5, 2, 7.5, 2.7], "texture": "#0"},
				"up": {"uv": [5.5, 2, 7.5, 2.7], "texture": "#0"},
				"down": {"uv": [5.5, 2, 7.5, 2.7], "texture": "#0"}
			}
		},
		{
			"from": [7.5, -2.387, 6.79495],
			"to": [8.5, -2.137, 7.79495],
			"rotation": {"angle": 0, "axis": "y", "origin": [8.5, -2.93699, 7.29495]},
			"faces": {
				"north": {"uv": [14, 15, 16, 15.5], "texture": "#0"},
				"east": {"uv": [14, 15, 16, 15.5], "texture": "#0"},
				"south": {"uv": [14, 15, 16, 15.5], "texture": "#0"},
				"west": {"uv": [14, 15, 16, 15.5], "texture": "#0"},
				"up": {"uv": [14, 15, 16, 15.5], "texture": "#0"},
				"down": {"uv": [14, 15, 16, 15.5], "texture": "#0"}
			}
		},
		{
			"from": [7.45, -3.162, 6.74495],
			"to": [8.55, -2.637, 7.84495],
			"rotation": {"angle": 0, "axis": "y", "origin": [8.5, -3.93699, 7.29495]},
			"faces": {
				"north": {"uv": [14, 10, 16, 12], "texture": "#0"},
				"east": {"uv": [14, 10, 16, 12], "texture": "#0"},
				"south": {"uv": [14, 10, 16, 12], "texture": "#0"},
				"west": {"uv": [14, 10, 16, 12], "texture": "#0"},
				"up": {"uv": [14, 10, 16, 12], "texture": "#0"},
				"down": {"uv": [14, 10, 16, 12], "texture": "#0"}
			}
		},
		{
			"from": [7.35, -2.512, 6.64495],
			"to": [8.65, -2.387, 7.94495],
			"rotation": {"angle": 0, "axis": "y", "origin": [8.5, -3.31149, 7.29495]},
			"faces": {
				"north": {"uv": [13, 15, 15.6, 15.25], "texture": "#0"},
				"east": {"uv": [13, 15, 15.6, 15.25], "texture": "#0"},
				"south": {"uv": [13, 15, 15.6, 15.25], "texture": "#0"},
				"west": {"uv": [13, 15, 15.6, 15.25], "texture": "#0"},
				"up": {"uv": [13, 13, 16, 16], "texture": "#0"},
				"down": {"uv": [13, 15, 15.6, 15.25], "texture": "#0"}
			}
		},
		{
			"from": [7.4, -2.637, 6.69495],
			"to": [8.6, -2.512, 7.89495],
			"rotation": {"angle": 0, "axis": "y", "origin": [8.5, -3.43649, 7.29495]},
			"faces": {
				"north": {"uv": [13, 13, 15.4, 13.25], "texture": "#0"},
				"east": {"uv": [13, 13, 15.4, 13.25], "texture": "#0"},
				"south": {"uv": [13, 13, 15.4, 13.25], "texture": "#0"},
				"west": {"uv": [13, 13, 15.4, 13.25], "texture": "#0"},
				"up": {"uv": [13, 13, 15.4, 13.25], "texture": "#0"},
				"down": {"uv": [13, 13, 15.4, 13.25], "texture": "#0"}
			}
		},
		{
			"from": [7.25, -3.11338, 7.80462],
			"to": [8.75, -2.86338, 8.30462],
			"rotation": {"angle": 22.5, "axis": "x", "origin": [8, -2.78838, 8.05462]},
			"faces": {
				"north": {"uv": [2, 1, 3, 1.5], "texture": "#0"},
				"east": {"uv": [2, 1, 3, 1.5], "texture": "#0"},
				"south": {"uv": [2, 1, 3, 1.5], "texture": "#0"},
				"west": {"uv": [2, 1, 3, 1.5], "texture": "#0"},
				"up": {"uv": [2, 1, 3, 1.5], "texture": "#0"},
				"down": {"uv": [2, 1, 3, 1.5], "texture": "#0"}
			}
		},
		{
			"from": [7.25, -3.11338, 6.28528],
			"to": [8.75, -2.86338, 6.78528],
			"rotation": {"angle": -22.5, "axis": "x", "origin": [8, -2.78838, 6.53528]},
			"faces": {
				"north": {"uv": [2, 1, 3, 1.5], "texture": "#0"},
				"east": {"uv": [2, 1, 3, 1.5], "texture": "#0"},
				"south": {"uv": [2, 1, 3, 1.5], "texture": "#0"},
				"west": {"uv": [2, 1, 3, 1.5], "texture": "#0"},
				"up": {"uv": [2, 1, 3, 1.5], "texture": "#0"},
				"down": {"uv": [2, 1, 3, 1.5], "texture": "#0"}
			}
		},
		{
			"from": [7.25, -3.0369, 7.4089],
			"to": [8.75, -2.7369, 7.9089],
			"rotation": {"angle": 45, "axis": "x", "origin": [8, -3.24046, 7.30535]},
			"faces": {
				"north": {"uv": [2, 1, 3, 1.6], "texture": "#0"},
				"east": {"uv": [2, 1, 3, 1.6], "texture": "#0"},
				"south": {"uv": [2, 1, 3, 1.6], "texture": "#0"},
				"west": {"uv": [2, 1, 3, 1.6], "texture": "#0"},
				"up": {"uv": [2, 1, 3, 1.6], "texture": "#0"},
				"down": {"uv": [2, 1, 3, 1.6], "texture": "#0"}
			}
		},
		{
			"from": [7.25, -3.6369, 6.28101],
			"to": [8.75, -3.1369, 6.58101],
			"rotation": {"angle": 45, "axis": "x", "origin": [8, -3.74046, 6.78456]},
			"faces": {
				"north": {"uv": [2, 1, 3, 1.6], "rotation": 270, "texture": "#0"},
				"east": {"uv": [2, 1, 3, 1.6], "rotation": 270, "texture": "#0"},
				"south": {"uv": [2, 1, 3, 1.6], "rotation": 270, "texture": "#0"},
				"west": {"uv": [2, 1, 3, 1.6], "rotation": 270, "texture": "#0"},
				"up": {"uv": [2, 1, 3, 1.6], "rotation": 270, "texture": "#0"},
				"down": {"uv": [2, 1, 3, 1.6], "rotation": 270, "texture": "#0"}
			}
		},
		{
			"from": [7.25, -3.512, 6.29495],
			"to": [8.75, -2.762, 6.79495],
			"rotation": {"angle": 0, "axis": "y", "origin": [8, -4.28699, 5.79495]},
			"faces": {
				"north": {"uv": [2, 1, 5, 3], "texture": "#0"},
				"east": {"uv": [2, 1, 3, 2], "texture": "#0"},
				"south": {"uv": [2, 1, 3, 2], "texture": "#0"},
				"west": {"uv": [2, 1, 3, 2], "texture": "#0"},
				"up": {"uv": [2, 2, 5, 3], "texture": "#0"},
				"down": {"uv": [2, 1, 3, 2], "texture": "#0"}
			}
		},
		{
			"from": [7.25, -9, 7.16995],
			"to": [8.75, -7.674, 7.41995],
			"rotation": {"angle": 0, "axis": "y", "origin": [8, -8.78699, 6.33991]},
			"faces": {
				"north": {"uv": [10, 3, 10.5, 5], "texture": "#0"},
				"east": {"uv": [10, 3, 10.5, 5], "texture": "#0"},
				"south": {"uv": [10, 3, 10.5, 5], "texture": "#0"},
				"west": {"uv": [10, 3, 10.5, 5], "texture": "#0"},
				"up": {"uv": [10, 3, 10.5, 5], "texture": "#0"},
				"down": {"uv": [10, 3, 10.5, 5], "texture": "#0"}
			}
		},
		{
			"from": [7.25, -8.48015, 7.00043],
			"to": [8.75, -7.76265, 7.27543],
			"rotation": {"angle": -22.5, "axis": "x", "origin": [8, -7.35515, 7.12543]},
			"faces": {
				"north": {"uv": [10, 3, 10.5, 5], "rotation": 270, "texture": "#0"},
				"east": {"uv": [10, 3, 10.5, 5], "rotation": 270, "texture": "#0"},
				"south": {"uv": [10, 3, 10.5, 5], "rotation": 270, "texture": "#0"},
				"west": {"uv": [10, 3, 10.5, 5], "rotation": 270, "texture": "#0"},
				"up": {"uv": [10, 3, 10.5, 5], "rotation": 270, "texture": "#0"},
				"down": {"uv": [10, 3, 10.5, 5], "rotation": 270, "texture": "#0"}
			}
		},
		{
			"from": [7.25, -8.99974, 7.41864],
			"to": [8.75, -8.28224, 7.66864],
			"rotation": {"angle": 22.5, "axis": "x", "origin": [8, -8.37474, 7.54364]},
			"faces": {
				"north": {"uv": [10, 3, 10.5, 5], "rotation": 270, "texture": "#0"},
				"east": {"uv": [10, 3, 10.5, 5], "rotation": 270, "texture": "#0"},
				"south": {"uv": [10, 3, 10.5, 5], "rotation": 270, "texture": "#0"},
				"west": {"uv": [10, 3, 10.5, 5], "rotation": 270, "texture": "#0"},
				"up": {"uv": [10, 3, 10.5, 5], "rotation": 270, "texture": "#0"},
				"down": {"uv": [10, 3, 10.5, 5], "rotation": 270, "texture": "#0"}
			}
		},
		{
			"from": [7.25, -8.99974, 6.92126],
			"to": [8.75, -8.28224, 7.19626],
			"rotation": {"angle": -22.5, "axis": "x", "origin": [8, -8.37474, 7.04626]},
			"faces": {
				"north": {"uv": [10, 3, 10.5, 5], "rotation": 270, "texture": "#0"},
				"east": {"uv": [10, 3, 10.5, 5], "rotation": 270, "texture": "#0"},
				"south": {"uv": [10, 3, 10.5, 5], "rotation": 270, "texture": "#0"},
				"west": {"uv": [10, 3, 10.5, 5], "rotation": 270, "texture": "#0"},
				"up": {"uv": [10, 3, 10.5, 5], "rotation": 270, "texture": "#0"},
				"down": {"uv": [10, 3, 10.5, 5], "rotation": 270, "texture": "#0"}
			}
		},
		{
			"from": [7.25, -8.47059, 7.31638],
			"to": [8.75, -7.75309, 7.56638],
			"rotation": {"angle": 22.5, "axis": "x", "origin": [8, -7.34559, 7.44138]},
			"faces": {
				"north": {"uv": [10, 3, 10.5, 5], "rotation": 270, "texture": "#0"},
				"east": {"uv": [10, 3, 10.5, 5], "rotation": 270, "texture": "#0"},
				"south": {"uv": [10, 3, 10.5, 5], "rotation": 270, "texture": "#0"},
				"west": {"uv": [10, 3, 10.5, 5], "rotation": 270, "texture": "#0"},
				"up": {"uv": [10, 3, 10.5, 5], "rotation": 270, "texture": "#0"},
				"down": {"uv": [10, 3, 10.5, 5], "rotation": 270, "texture": "#0"}
			}
		},
		{
			"from": [7.25, -7.25, 7.16995],
			"to": [8.75, -5.924, 7.41995],
			"rotation": {"angle": 0, "axis": "y", "origin": [8, -7.28699, 6.33991]},
			"faces": {
				"north": {"uv": [10, 3, 10.5, 5], "texture": "#0"},
				"east": {"uv": [10, 3, 10.5, 5], "texture": "#0"},
				"south": {"uv": [10, 3, 10.5, 5], "texture": "#0"},
				"west": {"uv": [10, 3, 10.5, 5], "texture": "#0"},
				"up": {"uv": [10, 3, 10.5, 5], "texture": "#0"},
				"down": {"uv": [10, 3, 10.5, 5], "texture": "#0"}
			}
		},
		{
			"from": [7.25, -6.73015, 7.00043],
			"to": [8.75, -6.01265, 7.27543],
			"rotation": {"angle": -22.5, "axis": "x", "origin": [8, -5.60515, 7.12543]},
			"faces": {
				"north": {"uv": [10, 3, 10.5, 5], "rotation": 270, "texture": "#0"},
				"east": {"uv": [10, 3, 10.5, 5], "rotation": 270, "texture": "#0"},
				"south": {"uv": [10, 3, 10.5, 5], "rotation": 270, "texture": "#0"},
				"west": {"uv": [10, 3, 10.5, 5], "rotation": 270, "texture": "#0"},
				"up": {"uv": [10, 3, 10.5, 5], "rotation": 270, "texture": "#0"},
				"down": {"uv": [10, 3, 10.5, 5], "rotation": 270, "texture": "#0"}
			}
		},
		{
			"from": [7.25, -7.24974, 7.41864],
			"to": [8.75, -6.53224, 7.66864],
			"rotation": {"angle": 22.5, "axis": "x", "origin": [8, -6.62474, 7.54364]},
			"faces": {
				"north": {"uv": [10, 3, 10.5, 5], "rotation": 270, "texture": "#0"},
				"east": {"uv": [10, 3, 10.5, 5], "rotation": 270, "texture": "#0"},
				"south": {"uv": [10, 3, 10.5, 5], "rotation": 270, "texture": "#0"},
				"west": {"uv": [10, 3, 10.5, 5], "rotation": 270, "texture": "#0"},
				"up": {"uv": [10, 3, 10.5, 5], "rotation": 270, "texture": "#0"},
				"down": {"uv": [10, 3, 10.5, 5], "rotation": 270, "texture": "#0"}
			}
		},
		{
			"from": [7.25, -7.24974, 6.92126],
			"to": [8.75, -6.53224, 7.19626],
			"rotation": {"angle": -22.5, "axis": "x", "origin": [8, -6.62474, 7.04626]},
			"faces": {
				"north": {"uv": [10, 3, 10.5, 5], "rotation": 270, "texture": "#0"},
				"east": {"uv": [10, 3, 10.5, 5], "rotation": 270, "texture": "#0"},
				"south": {"uv": [10, 3, 10.5, 5], "rotation": 270, "texture": "#0"},
				"west": {"uv": [10, 3, 10.5, 5], "rotation": 270, "texture": "#0"},
				"up": {"uv": [10, 3, 10.5, 5], "rotation": 270, "texture": "#0"},
				"down": {"uv": [10, 3, 10.5, 5], "rotation": 270, "texture": "#0"}
			}
		},
		{
			"from": [7.25, -6.72059, 7.31638],
			"to": [8.75, -6.00309, 7.56638],
			"rotation": {"angle": 22.5, "axis": "x", "origin": [8, -5.59559, 7.44138]},
			"faces": {
				"north": {"uv": [10, 3, 10.5, 5], "rotation": 270, "texture": "#0"},
				"east": {"uv": [10, 3, 10.5, 5], "rotation": 270, "texture": "#0"},
				"south": {"uv": [10, 3, 10.5, 5], "rotation": 270, "texture": "#0"},
				"west": {"uv": [10, 3, 10.5, 5], "rotation": 270, "texture": "#0"},
				"up": {"uv": [10, 3, 10.5, 5], "rotation": 270, "texture": "#0"},
				"down": {"uv": [10, 3, 10.5, 5], "rotation": 270, "texture": "#0"}
			}
		},
		{
			"from": [7.25, -12, 7],
			"to": [8.75, -11, 9],
			"rotation": {"angle": -22.5, "axis": "x", "origin": [8, -12.97825, 7.68307]},
			"faces": {
				"north": {"uv": [4, 4, 7, 6], "texture": "#0"},
				"east": {"uv": [8, 13, 11, 15], "texture": "#0"},
				"south": {"uv": [2, 5, 5, 7], "texture": "#0"},
				"west": {"uv": [6, 6, 10, 8], "texture": "#0"},
				"up": {"uv": [6, 6, 10, 8], "texture": "#0"},
				"down": {"uv": [6, 6, 10, 8], "texture": "#0"}
			}
		},
		{
			"from": [7.25, -11.41199, 6.29495],
			"to": [8.75, -9.91199, 8.29495],
			"rotation": {"angle": 0, "axis": "y", "origin": [8, -10.78699, 7.29495]},
			"faces": {
				"north": {"uv": [2, 1, 5, 4], "texture": "#0"},
				"east": {"uv": [8, 11, 12, 14], "texture": "#0"},
				"south": {"uv": [2, 2, 5, 5], "texture": "#0"},
				"west": {"uv": [6, 4, 10, 7], "texture": "#0"},
				"up": {"uv": [6, 4, 10, 7], "texture": "#0"},
				"down": {"uv": [6, 4, 10, 7], "texture": "#0"}
			}
		},
		{
			"from": [7.1, -3.76199, 6.14495],
			"to": [8.9, -3.51199, 8.44495],
			"rotation": {"angle": 0, "axis": "y", "origin": [8, -3.13699, 6.79495]},
			"faces": {
				"north": {"uv": [15, 0, 16, 2], "texture": "#0"},
				"east": {"uv": [15, 0, 16, 2], "texture": "#0"},
				"south": {"uv": [15, 0, 16, 2], "texture": "#0"},
				"west": {"uv": [15, 0, 16, 2], "texture": "#0"},
				"up": {"uv": [15, 0, 16, 2], "texture": "#0"},
				"down": {"uv": [15, 0, 16, 2], "texture": "#0"}
			}
		},
		{
			"from": [7.25, -4.03699, 6.79495],
			"to": [8.75, -3.76199, 7.79495],
			"rotation": {"angle": 0, "axis": "y", "origin": [8, -8.91199, 6.64851]},
			"faces": {
				"north": {"uv": [2, 1, 4, 1.55], "texture": "#0"},
				"east": {"uv": [2, 1, 4, 1.55], "texture": "#0"},
				"south": {"uv": [2, 1, 4, 1.55], "texture": "#0"},
				"west": {"uv": [6, 4, 8, 4.55], "texture": "#0"},
				"up": {"uv": [2, 1, 4, 1.55], "texture": "#0"},
				"down": {"uv": [2, 1, 4, 1.55], "texture": "#0"}
			}
		},
		{
			"from": [7.25, -4.28699, 6.79495],
			"to": [8.75, -4.03699, 7.54495],
			"rotation": {"angle": 0, "axis": "y", "origin": [8, -9.16199, 6.79495]},
			"faces": {
				"north": {"uv": [2, 1, 3, 1.5], "texture": "#0"},
				"east": {"uv": [2, 1, 3, 1.5], "texture": "#0"},
				"south": {"uv": [2, 1, 3, 1.5], "texture": "#0"},
				"west": {"uv": [2, 1, 3, 1.5], "texture": "#0"},
				"up": {"uv": [2, 1, 3, 1.5], "texture": "#0"},
				"down": {"uv": [2, 1, 3, 1.5], "texture": "#0"}
			}
		},
		{
			"from": [7.25, -9.91199, 7.79495],
			"to": [8.75, -3.76199, 8.29495],
			"rotation": {"angle": 0, "axis": "y", "origin": [8, -9.28699, 7.29495]},
			"faces": {
				"north": {"uv": [3, 2, 6, 14.3], "texture": "#0"},
				"east": {"uv": [2, 1, 3, 13.3], "texture": "#0"},
				"south": {"uv": [2, 1, 5, 13.3], "texture": "#0"},
				"west": {"uv": [2, 1, 3, 13.3], "texture": "#0"},
				"up": {"uv": [0, 0, 3, 1], "texture": "#missing"},
				"down": {"uv": [0, 0, 3, 1], "texture": "#missing"}
			}
		},
		{
			"from": [7.25, -4.53699, 6.79495],
			"to": [8.75, -4.28699, 7.29495],
			"rotation": {"angle": 0, "axis": "y", "origin": [8, -9.41199, 6.79495]},
			"faces": {
				"north": {"uv": [2, 1, 3, 1.5], "texture": "#0"},
				"east": {"uv": [2, 1, 3, 1.5], "texture": "#0"},
				"south": {"uv": [2, 1, 3, 1.5], "texture": "#0"},
				"west": {"uv": [2, 1, 3, 1.5], "texture": "#0"},
				"up": {"uv": [2, 1, 3, 1.5], "texture": "#0"},
				"down": {"uv": [2, 1, 3, 1.5], "texture": "#0"}
			}
		},
		{
			"from": [7.25, -4.78699, 6.79495],
			"to": [8.75, -4.53699, 7.04495],
			"rotation": {"angle": 0, "axis": "y", "origin": [8, -9.66199, 6.79495]},
			"faces": {
				"north": {"uv": [2, 2, 2.5, 2.5], "texture": "#0"},
				"east": {"uv": [2, 2, 2.5, 2.5], "texture": "#0"},
				"south": {"uv": [2, 2, 2.5, 2.5], "texture": "#0"},
				"west": {"uv": [2, 2, 2.5, 2.5], "texture": "#0"},
				"up": {"uv": [2, 2, 2.5, 2.5], "texture": "#0"},
				"down": {"uv": [2, 2, 2.5, 2.5], "texture": "#0"}
			}
		},
		{
			"from": [7.25, -9.91199, 6.29495],
			"to": [8.75, -3.76199, 6.79495],
			"rotation": {"angle": 0, "axis": "y", "origin": [8, -9.28699, 5.79495]},
			"faces": {
				"north": {"uv": [3, 1, 6, 13.3], "texture": "#0"},
				"east": {"uv": [5, 1, 6, 13.3], "texture": "#0"},
				"south": {"uv": [3, 1, 6, 13.3], "texture": "#0"},
				"west": {"uv": [3, 2, 4, 14.3], "texture": "#0"},
				"up": {"uv": [0, 0, 3, 1], "texture": "#missing"},
				"down": {"uv": [0, 0, 3, 1], "texture": "#missing"}
			}
		},
		{
			"from": [7.375, -9.91199, 6.79495],
			"to": [8.625, -3.91199, 7.79495],
			"rotation": {"angle": 0, "axis": "y", "origin": [8, -9.28699, 6.29495]},
			"faces": {
				"north": {"uv": [0, 0, 2, 12], "texture": "#0"},
				"east": {"uv": [0, 0, 2, 12], "texture": "#0"},
				"south": {"uv": [0, 0, 2, 12], "texture": "#0"},
				"west": {"uv": [0, 0, 2, 12], "texture": "#0"},
				"up": {"uv": [0, 0, 2, 12], "texture": "#0"},
				"down": {"uv": [0, 0, 2, 12], "texture": "#0"}
			}
		},
		{
			"from": [7.25, -5.0106, 5.65344],
			"to": [8.75, -3.0856, 5.90344],
			"rotation": {"angle": 45, "axis": "x", "origin": [8, -6.0106, 5.90344]},
			"faces": {
				"north": {"uv": [2, 1, 3, 2.85], "texture": "#0"},
				"east": {"uv": [2, 1, 3, 2.85], "texture": "#0"},
				"south": {"uv": [2, 1, 3, 2.85], "texture": "#0"},
				"west": {"uv": [2, 1, 3, 2.85], "texture": "#0"},
				"up": {"uv": [2, 1, 3, 2.85], "texture": "#0"},
				"down": {"uv": [2, 1, 3, 2.85], "texture": "#0"}
			}
		},
		{
			"from": [7.35, -12.375, 7.1],
			"to": [8.65, -12.25, 7.85],
			"rotation": {"angle": -22.5, "axis": "x", "origin": [8, -12.97825, 7.68307]},
			"faces": {
				"north": {"uv": [14, 0, 15, 2], "texture": "#0"},
				"east": {"uv": [14, 0, 15, 2], "texture": "#0"},
				"south": {"uv": [14, 0, 15, 2], "texture": "#0"},
				"west": {"uv": [14, 0, 15, 2], "texture": "#0"},
				"up": {"uv": [14, 0, 15, 2], "texture": "#0"},
				"down": {"uv": [14, 0, 15, 2], "texture": "#0"}
			}
		},
		{
			"from": [7.35, -12.725, 7.1],
			"to": [8.65, -12.6, 7.85],
			"rotation": {"angle": -22.5, "axis": "x", "origin": [8, -12.97825, 7.68307]},
			"faces": {
				"north": {"uv": [14, 0, 15, 2], "texture": "#0"},
				"east": {"uv": [14, 0, 15, 2], "texture": "#0"},
				"south": {"uv": [14, 0, 15, 2], "texture": "#0"},
				"west": {"uv": [14, 0, 15, 2], "texture": "#0"},
				"up": {"uv": [14, 0, 15, 2], "texture": "#0"},
				"down": {"uv": [14, 0, 15, 2], "texture": "#0"}
			}
		},
		{
			"from": [7.35, -13.075, 7.1],
			"to": [8.65, -12.95, 7.85],
			"rotation": {"angle": -22.5, "axis": "x", "origin": [8, -12.97825, 7.68307]},
			"faces": {
				"north": {"uv": [14, 0, 15, 2], "texture": "#0"},
				"east": {"uv": [14, 0, 15, 2], "texture": "#0"},
				"south": {"uv": [14, 0, 15, 2], "texture": "#0"},
				"west": {"uv": [14, 0, 15, 2], "texture": "#0"},
				"up": {"uv": [14, 0, 15, 2], "texture": "#0"},
				"down": {"uv": [14, 0, 15, 2], "texture": "#0"}
			}
		},
		{
			"from": [7.35, -13.7875, 7.1],
			"to": [8.65, -13.6625, 7.85],
			"rotation": {"angle": -22.5, "axis": "x", "origin": [8, -12.97825, 7.68307]},
			"faces": {
				"north": {"uv": [14, 0, 15, 2], "texture": "#0"},
				"east": {"uv": [14, 0, 15, 2], "texture": "#0"},
				"south": {"uv": [14, 0, 15, 2], "texture": "#0"},
				"west": {"uv": [14, 0, 15, 2], "texture": "#0"},
				"up": {"uv": [14, 0, 15, 2], "texture": "#0"},
				"down": {"uv": [14, 0, 15, 2], "texture": "#0"}
			}
		},
		{
			"from": [7.35, -13.425, 7.1],
			"to": [8.65, -13.3, 7.85],
			"rotation": {"angle": -22.5, "axis": "x", "origin": [8, -12.97825, 7.68307]},
			"faces": {
				"north": {"uv": [14, 0, 15, 2], "texture": "#0"},
				"east": {"uv": [14, 0, 15, 2], "texture": "#0"},
				"south": {"uv": [14, 0, 15, 2], "texture": "#0"},
				"west": {"uv": [14, 0, 15, 2], "texture": "#0"},
				"up": {"uv": [14, 0, 15, 2], "texture": "#0"},
				"down": {"uv": [14, 0, 15, 2], "texture": "#0"}
			}
		},
		{
			"from": [7.4, -14, 7.15],
			"to": [8.6, -12, 7.9],
			"rotation": {"angle": -22.5, "axis": "x", "origin": [8, -12.97825, 7.68307]},
			"faces": {
				"north": {"uv": [15, 0, 16, 2], "texture": "#0"},
				"east": {"uv": [15, 0, 16, 2], "texture": "#0"},
				"south": {"uv": [15, 0, 16, 2], "texture": "#0"},
				"west": {"uv": [15, 0, 16, 2], "texture": "#0"},
				"up": {"uv": [15, 0, 16, 2], "texture": "#0"},
				"down": {"uv": [15, 0, 16, 2], "texture": "#0"}
			}
		},
		{
			"from": [7.25, -15.25, 7],
			"to": [8.75, -14, 9],
			"rotation": {"angle": -22.5, "axis": "x", "origin": [8, -12.97825, 7.68307]},
			"faces": {
				"north": {"uv": [2, 4, 6, 7], "texture": "#0"},
				"east": {"uv": [8, 12, 12, 15], "texture": "#0"},
				"south": {"uv": [2, 4, 6, 7], "texture": "#0"},
				"west": {"uv": [2, 4, 6, 7], "texture": "#0"},
				"up": {"uv": [2, 4, 6, 7], "texture": "#0"},
				"down": {"uv": [2, 4, 6, 7], "texture": "#0"}
			}
		},
		{
			"from": [7.15, -15.79612, 7.90271],
			"to": [8.85, -13.94612, 8.65271],
			"rotation": {"angle": -22.5, "axis": "x", "origin": [8, -13.52437, 8.58578]},
			"faces": {
				"north": {"uv": [0, 3, 2, 6], "texture": "#0"},
				"east": {"uv": [0, 3, 2, 6], "texture": "#0"},
				"south": {"uv": [0, 3, 2, 6], "texture": "#0"},
				"west": {"uv": [0, 3, 2, 6], "texture": "#0"},
				"up": {"uv": [0, 3, 2, 6], "texture": "#0"},
				"down": {"uv": [0, 3, 2, 6], "texture": "#0"}
			}
		},
		{
			"from": [7.05, -14.73202, 7.59724],
			"to": [8.95, -14.23202, 8.09724],
			"rotation": {"angle": -22.5, "axis": "x", "origin": [8, -12.46027, 8.28031]},
			"faces": {
				"north": {"uv": [15, 0, 16, 2], "texture": "#0"},
				"east": {"uv": [15, 0, 16, 2], "texture": "#0"},
				"south": {"uv": [15, 0, 16, 2], "texture": "#0"},
				"west": {"uv": [15, 0, 16, 2], "texture": "#0"},
				"up": {"uv": [15, 0, 16, 2], "texture": "#0"},
				"down": {"uv": [15, 0, 16, 2], "texture": "#0"}
			}
		},
		{
			"from": [7.05, -15.42493, 7.88425],
			"to": [8.95, -14.92493, 8.38425],
			"rotation": {"angle": -22.5, "axis": "x", "origin": [7.9, -13.15318, 8.56732]},
			"faces": {
				"north": {"uv": [15, 0, 16, 2], "texture": "#0"},
				"east": {"uv": [15, 0, 16, 2], "texture": "#0"},
				"south": {"uv": [15, 0, 16, 2], "texture": "#0"},
				"west": {"uv": [15, 0, 16, 2], "texture": "#0"},
				"up": {"uv": [15, 0, 16, 2], "texture": "#0"},
				"down": {"uv": [15, 0, 16, 2], "texture": "#0"}
			}
		},
		{
			"from": [7.25, -14.03041, 6.9497],
			"to": [8.75, -13.78041, 7.1497],
			"rotation": {"angle": -45, "axis": "x", "origin": [8, -12.97825, 7.68307]},
			"faces": {
				"north": {"uv": [2, 4, 2.4, 4.5], "texture": "#0"},
				"east": {"uv": [2, 4, 2.4, 4.5], "texture": "#0"},
				"south": {"uv": [2, 4, 2.4, 4.5], "texture": "#0"},
				"west": {"uv": [2, 4, 2.4, 4.5], "texture": "#0"},
				"up": {"uv": [2, 4, 2.4, 4.5], "texture": "#0"},
				"down": {"uv": [2, 4, 2.4, 4.5], "texture": "#0"}
			}
		},
		{
			"from": [7.25, -12.21628, 6.96635],
			"to": [8.75, -11.96628, 7.16635],
			"rotation": {"angle": 0, "axis": "y", "origin": [8, -12.97825, 7.68307]},
			"faces": {
				"north": {"uv": [2, 1, 2.4, 1.5], "texture": "#0"},
				"east": {"uv": [2, 1, 2.4, 1.5], "texture": "#0"},
				"south": {"uv": [2, 1, 2.4, 1.5], "texture": "#0"},
				"west": {"uv": [2, 1, 2.4, 1.5], "texture": "#0"},
				"up": {"uv": [2, 1, 2.4, 1.5], "texture": "#0"},
				"down": {"uv": [2, 1, 2.4, 1.5], "texture": "#0"}
			}
		},
		{
			"from": [7.25, -13.81842, 8.20332],
			"to": [8.75, -13.61842, 8.45332],
			"rotation": {"angle": 22.5, "axis": "x", "origin": [8, -12.97825, 7.68307]},
			"faces": {
				"north": {"uv": [2, 4, 2.4, 4.5], "rotation": 270, "texture": "#0"},
				"east": {"uv": [2, 4, 2.4, 4.5], "rotation": 270, "texture": "#0"},
				"south": {"uv": [2, 4, 2.4, 4.5], "rotation": 270, "texture": "#0"},
				"west": {"uv": [2, 4, 2.4, 4.5], "rotation": 270, "texture": "#0"},
				"up": {"uv": [2, 4, 2.4, 4.5], "rotation": 270, "texture": "#0"},
				"down": {"uv": [2, 4, 2.4, 4.5], "rotation": 270, "texture": "#0"}
			}
		},
		{
			"from": [7.25, -12.48876, 6.87367],
			"to": [8.75, -12.23876, 7.07367],
			"rotation": {"angle": 22.5, "axis": "x", "origin": [8, -12.97825, 7.68307]},
			"faces": {
				"north": {"uv": [2, 1, 2.4, 1.5], "texture": "#0"},
				"east": {"uv": [2, 1, 2.4, 1.5], "texture": "#0"},
				"south": {"uv": [2, 1, 2.4, 1.5], "texture": "#0"},
				"west": {"uv": [2, 1, 2.4, 1.5], "texture": "#0"},
				"up": {"uv": [2, 1, 2.4, 1.5], "texture": "#0"},
				"down": {"uv": [2, 1, 2.4, 1.5], "texture": "#0"}
			}
		},
		{
			"from": [7.25, -13.80919, 7.90199],
			"to": [8.75, -13.65294, 8.15199],
			"rotation": {"angle": 0, "axis": "y", "origin": [8, -12.97825, 7.68307]},
			"faces": {
				"north": {"uv": [2, 4, 2.313, 4.5], "rotation": 270, "texture": "#0"},
				"east": {"uv": [2, 4, 2.313, 4.5], "rotation": 270, "texture": "#0"},
				"south": {"uv": [2, 4, 2.313, 4.5], "rotation": 270, "texture": "#0"},
				"west": {"uv": [2, 4, 2.313, 4.5], "rotation": 270, "texture": "#0"},
				"up": {"uv": [2, 4, 2.313, 4.5], "rotation": 270, "texture": "#0"},
				"down": {"uv": [2, 4, 2.313, 4.5], "rotation": 270, "texture": "#0"}
			}
		},
		{
			"from": [7.25, -12.34374, 7.88535],
			"to": [8.75, -12.18749, 8.13535],
			"rotation": {"angle": -45, "axis": "x", "origin": [8, -12.97825, 7.68307]},
			"faces": {
				"north": {"uv": [2, 1, 2.313, 1.5], "rotation": 270, "texture": "#0"},
				"east": {"uv": [2, 1, 2.313, 1.5], "rotation": 270, "texture": "#0"},
				"south": {"uv": [2, 1, 2.313, 1.5], "rotation": 270, "texture": "#0"},
				"west": {"uv": [2, 1, 2.313, 1.5], "rotation": 270, "texture": "#0"},
				"up": {"uv": [2, 1, 2.313, 1.5], "rotation": 270, "texture": "#0"},
				"down": {"uv": [2, 1, 2.313, 1.5], "rotation": 270, "texture": "#0"}
			}
		},
		{
			"from": [7.25, -14, 7.625],
			"to": [8.75, -12, 9],
			"rotation": {"angle": -22.5, "axis": "x", "origin": [8, -12.97825, 7.68307]},
			"faces": {
				"north": {"uv": [2, 1, 5, 5], "texture": "#0"},
				"east": {"uv": [9, 11, 12, 15], "texture": "#0"},
				"south": {"uv": [2, 1, 5, 5], "texture": "#0"},
				"west": {"uv": [2, 1, 5, 5], "texture": "#0"},
				"up": {"uv": [2, 1, 5, 5], "texture": "#0"},
				"down": {"uv": [2, 1, 5, 5], "texture": "#0"}
			}
		},
		{
			"from": [7.3, -16, 7.05],
			"to": [8.7, -15.25, 8.95],
			"rotation": {"angle": -22.5, "axis": "x", "origin": [8, -12.97825, 7.68307]},
			"faces": {
				"north": {"uv": [12, 14, 16, 16], "texture": "#0"},
				"east": {"uv": [12, 14, 16, 16], "texture": "#0"},
				"south": {"uv": [12, 14, 16, 16], "texture": "#0"},
				"west": {"uv": [12, 14, 16, 16], "texture": "#0"},
				"up": {"uv": [12, 14, 16, 16], "texture": "#0"},
				"down": {"uv": [12, 13, 16, 16], "texture": "#0"}
			}
		}
	],
	"display": {
		"thirdperson_righthand": {
			"rotation": [0, -180, 0],
			"translation": [0, 12, 1],
			"scale": [0.8, 0.8, 0.8]
		},
		"thirdperson_lefthand": {
			"rotation": [0, -180, 0],
			"translation": [0, 12, 1],
			"scale": [0.8, 0.8, 0.8]
		},
		"firstperson_righthand": {
			"rotation": [0, -180, 0],
			"translation": [0, 13.5, 0],
			"scale": [0.9, 0.9, 0.9]
		},
		"firstperson_lefthand": {
			"rotation": [0, -180, 0],
			"translation": [0, 13.5, 0],
			"scale": [0.9, 0.9, 0.9]
		},
		"ground": {
			"rotation": [-40.25, 0, 87.25],
			"scale": [0.8, 0.8, 0.8]
		},
		"gui": {
			"rotation": [-90, -45, -90],
			"scale": [0.5, 0.5, 0.5]
		},
		"fixed": {
			"rotation": [90, -45, 90],
			"scale": [0.6, 0.6, 0.6]
		}
	},
	"groups": [
		{
			"name": "Blade",
			"origin": [8, 8, 8],
			"children": [0, 1, 2, 3, 4, 5, 6, 7]
		},
		{
			"name": "Emitter",
			"origin": [8, 8, 8],
			"children": [8, 9, 10, 11, 12, 13, 14, 15, 16, 17, 18]
		},
		{
			"name": "Handle",
			"origin": [8, 8, 8],
			"children": [
				{
					"name": "Diamonds",
					"origin": [8, 13.42603, 6.5899],
					"children": [
						{
							"name": "Diamond",
							"origin": [8, 13.42603, 6.5899],
							"children": [19, 20, 21, 22, 23]
						},
						{
							"name": "Diamond",
							"origin": [8, 13.42603, 6.5899],
							"children": [24, 25, 26, 27, 28]
						}
					]
				}, 29, 30, 31, 32, 33, 34, 35, 36, 37, 38, 39, 40, 41, 42, 43, 44, 45, 46, 47, 48, 49, 50, 51, 52, 53, 54, 55, 56]
		},
		{
			"name": "Pommel",
			"origin": [8, 8, 8],
			"children": [57]
		}
	]
}