{
	"credit": "Made with Blockbench",
	"texture_size": [64, 64],
	"textures": {
		"0": "mortem_saber",
		"1": "blue_blade",
		"particle": "mortem_saber"
	},
	"elements": [
		{
			"from": [7.12, -4.52, 7.32],
			"to": [7.36, -1.72, 8.68],
			"rotation": {"angle": 0, "axis": "y", "origin": [9.68, -1.72, 10.28]},
			"faces": {
				"north": {"uv": [2.75, 3, 3, 3.75], "texture": "#0"},
				"east": {"uv": [2.75, 3, 3, 3.75], "texture": "#0"},
				"south": {"uv": [2.75, 3, 3, 3.75], "texture": "#0"},
				"west": {"uv": [2.75, 3, 3, 3.75], "texture": "#0"},
				"up": {"uv": [2.75, 3, 3, 3.75], "texture": "#0"},
				"down": {"uv": [2.75, 3, 3, 3.75], "texture": "#0"}
			}
		},
		{
			"from": [7.2, -4.44, 7.12],
			"to": [7.44, -1.72, 7.52],
			"rotation": {"angle": 0, "axis": "y", "origin": [9.76, -1.72, 10.08]},
			"faces": {
				"north": {"uv": [3, 1.5, 3.25, 2.25], "texture": "#0"},
				"east": {"uv": [3, 1.5, 3.25, 2.25], "texture": "#0"},
				"south": {"uv": [3, 1.5, 3.25, 2.25], "texture": "#0"},
				"west": {"uv": [3, 1.5, 3.25, 2.25], "texture": "#0"},
				"up": {"uv": [3, 1.5, 3.25, 2.25], "texture": "#0"},
				"down": {"uv": [3, 1.5, 3.25, 2.25], "texture": "#0"}
			}
		},
		{
			"from": [8.56, -4.44, 7.12],
			"to": [8.8, -1.72, 7.52],
			"rotation": {"angle": 0, "axis": "y", "origin": [11.12, -1.72, 10.08]},
			"faces": {
				"north": {"uv": [3, 2.25, 3.25, 3], "texture": "#0"},
				"east": {"uv": [3, 2.25, 3.25, 3], "texture": "#0"},
				"south": {"uv": [3, 2.25, 3.25, 3], "texture": "#0"},
				"west": {"uv": [3, 2.25, 3.25, 3], "texture": "#0"},
				"up": {"uv": [3, 2.25, 3.25, 3], "texture": "#0"},
				"down": {"uv": [3, 2.25, 3.25, 3], "texture": "#0"}
			}
		},
		{
			"from": [7.44, -4.36, 7.04],
			"to": [7.6, -2.04, 7.2],
			"rotation": {"angle": 0, "axis": "y", "origin": [9.92, -1.72, 10]},
			"faces": {
				"north": {"uv": [3.5, 3, 3.75, 3.5], "texture": "#0"},
				"east": {"uv": [3.5, 3, 3.75, 3.5], "texture": "#0"},
				"south": {"uv": [3.5, 3, 3.75, 3.5], "texture": "#0"},
				"west": {"uv": [3.5, 3, 3.75, 3.5], "texture": "#0"},
				"up": {"uv": [3.5, 3, 3.75, 3.5], "texture": "#0"},
				"down": {"uv": [3.5, 3, 3.75, 3.5], "texture": "#0"}
			}
		},
		{
			"from": [8.4, -4.36, 7.04],
			"to": [8.56, -2.04, 7.2],
			"rotation": {"angle": 0, "axis": "y", "origin": [10.88, -1.72, 10]},
			"faces": {
				"north": {"uv": [3.75, 1, 4, 1.5], "texture": "#0"},
				"east": {"uv": [3.75, 1, 4, 1.5], "texture": "#0"},
				"south": {"uv": [3.75, 1, 4, 1.5], "texture": "#0"},
				"west": {"uv": [3.75, 1, 4, 1.5], "texture": "#0"},
				"up": {"uv": [3.75, 1, 4, 1.5], "texture": "#0"},
				"down": {"uv": [3.75, 1, 4, 1.5], "texture": "#0"}
			}
		},
		{
			"from": [7.44, -4.36, 8.8],
			"to": [7.6, -2.04, 8.96],
			"rotation": {"angle": 0, "axis": "y", "origin": [9.92, -1.72, 11.76]},
			"faces": {
				"north": {"uv": [1.25, 4, 1.5, 4.5], "texture": "#0"},
				"east": {"uv": [1.25, 4, 1.5, 4.5], "texture": "#0"},
				"south": {"uv": [1.25, 4, 1.5, 4.5], "texture": "#0"},
				"west": {"uv": [1.25, 4, 1.5, 4.5], "texture": "#0"},
				"up": {"uv": [1.25, 4, 1.5, 4.5], "texture": "#0"},
				"down": {"uv": [1.25, 4, 1.5, 4.5], "texture": "#0"}
			}
		},
		{
			"from": [8.4, -4.36, 8.8],
			"to": [8.56, -2.04, 8.96],
			"rotation": {"angle": 0, "axis": "y", "origin": [10.88, -1.72, 11.76]},
			"faces": {
				"north": {"uv": [4, 4, 4.25, 4.5], "texture": "#0"},
				"east": {"uv": [4, 4, 4.25, 4.5], "texture": "#0"},
				"south": {"uv": [4, 4, 4.25, 4.5], "texture": "#0"},
				"west": {"uv": [4, 4, 4.25, 4.5], "texture": "#0"},
				"up": {"uv": [4, 4, 4.25, 4.5], "texture": "#0"},
				"down": {"uv": [4, 4, 4.25, 4.5], "texture": "#0"}
			}
		},
		{
			"from": [7.2, -4.44, 8.48],
			"to": [7.44, -1.72, 8.88],
			"rotation": {"angle": 0, "axis": "y", "origin": [9.76, -1.72, 11.44]},
			"faces": {
				"north": {"uv": [3.25, 0.75, 3.5, 1.5], "texture": "#0"},
				"east": {"uv": [3.25, 0.75, 3.5, 1.5], "texture": "#0"},
				"south": {"uv": [3.25, 0.75, 3.5, 1.5], "texture": "#0"},
				"west": {"uv": [3.25, 0.75, 3.5, 1.5], "texture": "#0"},
				"up": {"uv": [3.25, 0.75, 3.5, 1.5], "texture": "#0"},
				"down": {"uv": [3.25, 0.75, 3.5, 1.5], "texture": "#0"}
			}
		},
		{
			"from": [8.56, -4.44, 8.48],
			"to": [8.8, -1.72, 8.88],
			"rotation": {"angle": 0, "axis": "y", "origin": [11.12, -1.72, 11.44]},
			"faces": {
				"north": {"uv": [3.5, 3.5, 3.75, 4.25], "texture": "#0"},
				"east": {"uv": [3.5, 3.5, 3.75, 4.25], "texture": "#0"},
				"south": {"uv": [3.5, 3.5, 3.75, 4.25], "texture": "#0"},
				"west": {"uv": [3.5, 3.5, 3.75, 4.25], "texture": "#0"},
				"up": {"uv": [3.5, 3.5, 3.75, 4.25], "texture": "#0"},
				"down": {"uv": [3.5, 3.5, 3.75, 4.25], "texture": "#0"}
			}
		},
		{
			"from": [8.64, -4.52, 7.32],
			"to": [8.88, -1.72, 8.68],
			"rotation": {"angle": 0, "axis": "y", "origin": [11.2, -1.72, 10.28]},
			"faces": {
				"north": {"uv": [3.5, 1.5, 3.75, 2.25], "texture": "#0"},
				"east": {"uv": [3.5, 1.5, 3.75, 2.25], "texture": "#0"},
				"south": {"uv": [3.5, 1.5, 3.75, 2.25], "texture": "#0"},
				"west": {"uv": [3.5, 1.5, 3.75, 2.25], "texture": "#0"},
				"up": {"uv": [3.5, 1.5, 3.75, 2.25], "texture": "#0"},
				"down": {"uv": [3.5, 1.5, 3.75, 2.25], "texture": "#0"}
			}
		},
		{
			"from": [7.12, -5, 7.4],
			"to": [7.36, -4.52, 8.6],
			"rotation": {"angle": 0, "axis": "y", "origin": [9.68, -2.28, 10.28]},
			"faces": {
				"north": {"uv": [4.75, 4, 5, 4.25], "texture": "#0"},
				"east": {"uv": [4.75, 4, 5, 4.25], "texture": "#0"},
				"south": {"uv": [4.75, 4, 5, 4.25], "texture": "#0"},
				"west": {"uv": [4.75, 4, 5, 4.25], "texture": "#0"},
				"up": {"uv": [4.75, 4, 5, 4.25], "texture": "#0"},
				"down": {"uv": [4.75, 4, 5, 4.25], "texture": "#0"}
			}
		},
		{
			"from": [7.12, -1.72, 7.4],
			"to": [7.36, -1.4, 8.6],
			"rotation": {"angle": 0, "axis": "y", "origin": [9.68, 0.84, 10.28]},
			"faces": {
				"north": {"uv": [1.75, 5, 2, 5.25], "texture": "#0"},
				"east": {"uv": [1.75, 5, 2, 5.25], "texture": "#0"},
				"south": {"uv": [1.75, 5, 2, 5.25], "texture": "#0"},
				"west": {"uv": [1.75, 5, 2, 5.25], "texture": "#0"},
				"up": {"uv": [1.75, 5, 2, 5.25], "texture": "#0"},
				"down": {"uv": [1.75, 5, 2, 5.25], "texture": "#0"}
			}
		},
		{
			"from": [8.64, -5, 7.4],
			"to": [8.88, -4.52, 8.6],
			"rotation": {"angle": 0, "axis": "y", "origin": [11.2, -2.28, 10.28]},
			"faces": {
				"north": {"uv": [2.75, 5, 3, 5.25], "texture": "#0"},
				"east": {"uv": [2.75, 5, 3, 5.25], "texture": "#0"},
				"south": {"uv": [2.75, 5, 3, 5.25], "texture": "#0"},
				"west": {"uv": [2.75, 5, 3, 5.25], "texture": "#0"},
				"up": {"uv": [2.75, 5, 3, 5.25], "texture": "#0"},
				"down": {"uv": [2.75, 5, 3, 5.25], "texture": "#0"}
			}
		},
		{
			"from": [8.64, -1.72, 7.4],
			"to": [8.88, -1.4, 8.6],
			"rotation": {"angle": 0, "axis": "y", "origin": [11.2, 0.84, 10.28]},
			"faces": {
				"north": {"uv": [4.25, 5, 4.5, 5.25], "texture": "#0"},
				"east": {"uv": [4.25, 5, 4.5, 5.25], "texture": "#0"},
				"south": {"uv": [4.25, 5, 4.5, 5.25], "texture": "#0"},
				"west": {"uv": [4.25, 5, 4.5, 5.25], "texture": "#0"},
				"up": {"uv": [4.25, 5, 4.5, 5.25], "texture": "#0"},
				"down": {"uv": [4.25, 5, 4.5, 5.25], "texture": "#0"}
			}
		},
		{
			"from": [7.52, -4.12, 7.52],
			"to": [8.48, -3.96, 8.48],
			"rotation": {"angle": 0, "axis": "y", "origin": [10.72, -1.56, 10.4]},
			"faces": {
				"north": {"uv": [5, 0.75, 5.25, 1], "texture": "#0"},
				"east": {"uv": [5, 0.75, 5.25, 1], "texture": "#0"},
				"south": {"uv": [5, 0.75, 5.25, 1], "texture": "#0"},
				"west": {"uv": [5, 0.75, 5.25, 1], "texture": "#0"},
				"up": {"uv": [5, 0.75, 5.25, 1], "texture": "#0"},
				"down": {"uv": [5, 0.75, 5.25, 1], "texture": "#0"}
			}
		},
		{
			"from": [7.6, -4.28, 7.6],
			"to": [8.4, -3.48, 8.4],
			"rotation": {"angle": 0, "axis": "y", "origin": [10.8, -1.72, 10.32]},
			"faces": {
				"north": {"uv": [5, 2.25, 5.25, 2.5], "texture": "#0"},
				"east": {"uv": [5, 2.25, 5.25, 2.5], "texture": "#0"},
				"south": {"uv": [5, 2.25, 5.25, 2.5], "texture": "#0"},
				"west": {"uv": [5, 2.25, 5.25, 2.5], "texture": "#0"},
				"up": {"uv": [5, 2.25, 5.25, 2.5], "texture": "#0"},
				"down": {"uv": [5, 2.25, 5.25, 2.5], "texture": "#0"}
			}
		},
		{
			"from": [7.52, -3.8, 7.52],
			"to": [8.48, -3.64, 8.48],
			"rotation": {"angle": 0, "axis": "y", "origin": [10.72, -1.24, 10.4]},
			"faces": {
				"north": {"uv": [5, 3.75, 5.25, 4], "texture": "#0"},
				"east": {"uv": [5, 3.75, 5.25, 4], "texture": "#0"},
				"south": {"uv": [5, 3.75, 5.25, 4], "texture": "#0"},
				"west": {"uv": [5, 3.75, 5.25, 4], "texture": "#0"},
				"up": {"uv": [5, 3.75, 5.25, 4], "texture": "#0"},
				"down": {"uv": [5, 3.75, 5.25, 4], "texture": "#0"}
			}
		},
		{
			"from": [7.52, -3.48, 7.52],
			"to": [8.48, -3.32, 8.48],
			"rotation": {"angle": 0, "axis": "y", "origin": [10.72, -0.92, 10.4]},
			"faces": {
				"north": {"uv": [1.25, 5.25, 1.5, 5.5], "texture": "#0"},
				"east": {"uv": [1.25, 5.25, 1.5, 5.5], "texture": "#0"},
				"south": {"uv": [1.25, 5.25, 1.5, 5.5], "texture": "#0"},
				"west": {"uv": [1.25, 5.25, 1.5, 5.5], "texture": "#0"},
				"up": {"uv": [1.25, 5.25, 1.5, 5.5], "texture": "#0"},
				"down": {"uv": [1.25, 5.25, 1.5, 5.5], "texture": "#0"}
			}
		},
		{
			"from": [7.48, -3.4, 7.48],
			"to": [8.52, -3.24, 8.52],
			"rotation": {"angle": 0, "axis": "y", "origin": [10.72, -0.84, 10.4]},
			"faces": {
				"north": {"uv": [2.75, 5.25, 3, 5.5], "texture": "#0"},
				"east": {"uv": [2.75, 5.25, 3, 5.5], "texture": "#0"},
				"south": {"uv": [2.75, 5.25, 3, 5.5], "texture": "#0"},
				"west": {"uv": [2.75, 5.25, 3, 5.5], "texture": "#0"},
				"up": {"uv": [2.75, 5.25, 3, 5.5], "texture": "#0"},
				"down": {"uv": [2.75, 5.25, 3, 5.5], "texture": "#0"}
			}
		},
		{
			"from": [7.8, -6.52, 8.84],
			"to": [8.2, -5.56, 9.08],
			"rotation": {"angle": 0, "axis": "y", "origin": [10.24, -3.96, 11.6]},
			"faces": {
				"north": {"uv": [4.5, 5.25, 4.75, 5.5], "texture": "#0"},
				"east": {"uv": [4.5, 5.25, 4.75, 5.5], "texture": "#0"},
				"south": {"uv": [4.5, 5.25, 4.75, 5.5], "texture": "#0"},
				"west": {"uv": [4.5, 5.25, 4.75, 5.5], "texture": "#0"},
				"up": {"uv": [4.5, 5.25, 4.75, 5.5], "texture": "#0"},
				"down": {"uv": [4.5, 5.25, 4.75, 5.5], "texture": "#0"}
			}
		},
		{
			"from": [7.16, -5.56, 7.8],
			"to": [8.84, -5.24, 8.84],
			"rotation": {"angle": 0, "axis": "y", "origin": [10.24, -3, 9.92]},
			"faces": {
				"north": {"uv": [4, 0.5, 4.5, 0.75], "texture": "#0"},
				"east": {"uv": [4, 0.5, 4.5, 0.75], "texture": "#0"},
				"south": {"uv": [4, 0.5, 4.5, 0.75], "texture": "#0"},
				"west": {"uv": [4, 0.5, 4.5, 0.75], "texture": "#0"},
				"up": {"uv": [4, 0.5, 4.5, 0.75], "texture": "#0"},
				"down": {"uv": [4, 0.5, 4.5, 0.75], "texture": "#0"}
			}
		},
		{
			"from": [7.16, -6.84, 7.8],
			"to": [8.84, -6.52, 8.84],
			"rotation": {"angle": 0, "axis": "y", "origin": [10.24, -4.28, 9.92]},
			"faces": {
				"north": {"uv": [4, 1.5, 4.5, 1.75], "texture": "#0"},
				"east": {"uv": [4, 1.5, 4.5, 1.75], "texture": "#0"},
				"south": {"uv": [4, 1.5, 4.5, 1.75], "texture": "#0"},
				"west": {"uv": [4, 1.5, 4.5, 1.75], "texture": "#0"},
				"up": {"uv": [4, 1.5, 4.5, 1.75], "texture": "#0"},
				"down": {"uv": [4, 1.5, 4.5, 1.75], "texture": "#0"}
			}
		},
		{
			"from": [7.2, -7.64, 7.36],
			"to": [8.8, -4.28, 8.64],
			"rotation": {"angle": 0, "axis": "y", "origin": [10.08, -7.32, 10.24]},
			"faces": {
				"north": {"uv": [2, 2, 2.5, 2.75], "texture": "#0"},
				"east": {"uv": [2, 2, 2.5, 2.75], "texture": "#0"},
				"south": {"uv": [2, 2, 2.5, 2.75], "texture": "#0"},
				"west": {"uv": [2, 2, 2.5, 2.75], "texture": "#0"},
				"up": {"uv": [2, 2, 2.5, 2.75], "texture": "#0"},
				"down": {"uv": [2, 2, 2.5, 2.75], "texture": "#0"}
			}
		},
		{
			"from": [7.2, -11.16, 7.36],
			"to": [8.8, -9.08, 8.64],
			"rotation": {"angle": 0, "axis": "y", "origin": [10.08, -10.84, 10.24]},
			"faces": {
				"north": {"uv": [3.5, 4.25, 3.75, 4.75], "texture": "#0"},
				"east": {"uv": [3.5, 4.25, 3.75, 4.75], "texture": "#0"},
				"south": {"uv": [3.5, 4.25, 3.75, 4.75], "texture": "#0"},
				"west": {"uv": [3.5, 4.25, 3.75, 4.75], "texture": "#0"},
				"up": {"uv": [3.5, 4.25, 3.75, 4.75], "texture": "#0"},
				"down": {"uv": [3.5, 4.25, 3.75, 4.75], "texture": "#0"}
			}
		},
		{
			"from": [7.36, -9.08, 7.36],
			"to": [8.64, -8.92, 8.64],
			"rotation": {"angle": 0, "axis": "y", "origin": [8, -9, 8]},
			"faces": {
				"north": {"uv": [5.25, 1.25, 5.5, 1.5], "texture": "#0"},
				"east": {"uv": [5.25, 1.25, 5.5, 1.5], "texture": "#0"},
				"south": {"uv": [5.25, 1.25, 5.5, 1.5], "texture": "#0"},
				"west": {"uv": [5.25, 1.25, 5.5, 1.5], "texture": "#0"},
				"up": {"uv": [5.25, 1.25, 5.5, 1.5], "texture": "#0"},
				"down": {"uv": [5.25, 1.25, 5.5, 1.5], "texture": "#0"}
			}
		},
		{
			"from": [7.36, -7.8, 7.36],
			"to": [8.64, -7.64, 8.64],
			"rotation": {"angle": 0, "axis": "y", "origin": [8, -7.72, 8]},
			"faces": {
				"north": {"uv": [5.25, 3, 5.5, 3.25], "texture": "#0"},
				"east": {"uv": [5.25, 3, 5.5, 3.25], "texture": "#0"},
				"south": {"uv": [5.25, 3, 5.5, 3.25], "texture": "#0"},
				"west": {"uv": [5.25, 3, 5.5, 3.25], "texture": "#0"},
				"up": {"uv": [5.25, 3, 5.5, 3.25], "texture": "#0"},
				"down": {"uv": [5.25, 3, 5.5, 3.25], "texture": "#0"}
			}
		},
		{
			"from": [7.36, -8.76, 7.36],
			"to": [8.64, -8.6, 8.64],
			"rotation": {"angle": 0, "axis": "y", "origin": [8, -8.68, 8]},
			"faces": {
				"north": {"uv": [5.25, 4.25, 5.5, 4.5], "texture": "#0"},
				"east": {"uv": [5.25, 4.25, 5.5, 4.5], "texture": "#0"},
				"south": {"uv": [5.25, 4.25, 5.5, 4.5], "texture": "#0"},
				"west": {"uv": [5.25, 4.25, 5.5, 4.5], "texture": "#0"},
				"up": {"uv": [5.25, 4.25, 5.5, 4.5], "texture": "#0"},
				"down": {"uv": [5.25, 4.25, 5.5, 4.5], "texture": "#0"}
			}
		},
		{
			"from": [7.36, -8.44, 7.36],
			"to": [8.64, -8.28, 8.64],
			"rotation": {"angle": 0, "axis": "y", "origin": [8, -8.36, 8]},
			"faces": {
				"north": {"uv": [1.75, 5.5, 2, 5.75], "texture": "#0"},
				"east": {"uv": [1.75, 5.5, 2, 5.75], "texture": "#0"},
				"south": {"uv": [1.75, 5.5, 2, 5.75], "texture": "#0"},
				"west": {"uv": [1.75, 5.5, 2, 5.75], "texture": "#0"},
				"up": {"uv": [1.75, 5.5, 2, 5.75], "texture": "#0"},
				"down": {"uv": [1.75, 5.5, 2, 5.75], "texture": "#0"}
			}
		},
		{
			"from": [7.36, -8.12, 7.36],
			"to": [8.64, -7.96, 8.64],
			"rotation": {"angle": 0, "axis": "y", "origin": [8, -8.04, 8]},
			"faces": {
				"north": {"uv": [3, 5.5, 3.25, 5.75], "texture": "#0"},
				"east": {"uv": [3, 5.5, 3.25, 5.75], "texture": "#0"},
				"south": {"uv": [3, 5.5, 3.25, 5.75], "texture": "#0"},
				"west": {"uv": [3, 5.5, 3.25, 5.75], "texture": "#0"},
				"up": {"uv": [3, 5.5, 3.25, 5.75], "texture": "#0"},
				"down": {"uv": [3, 5.5, 3.25, 5.75], "texture": "#0"}
			}
		},
		{
			"from": [7.36, -9, 7.36],
			"to": [8.64, -8.84, 8.64],
			"rotation": {"angle": 22.5, "axis": "y", "origin": [8, -8.92, 8]},
			"faces": {
				"north": {"uv": [4.75, 5.5, 5, 5.75], "texture": "#0"},
				"east": {"uv": [4.75, 5.5, 5, 5.75], "texture": "#0"},
				"south": {"uv": [4.75, 5.5, 5, 5.75], "texture": "#0"},
				"west": {"uv": [4.75, 5.5, 5, 5.75], "texture": "#0"},
				"up": {"uv": [4.75, 5.5, 5, 5.75], "texture": "#0"},
				"down": {"uv": [4.75, 5.5, 5, 5.75], "texture": "#0"}
			}
		},
		{
			"from": [7.36, -8.68, 7.36],
			"to": [8.64, -8.52, 8.64],
			"rotation": {"angle": 22.5, "axis": "y", "origin": [8, -8.6, 8]},
			"faces": {
				"north": {"uv": [5.5, 0.25, 5.75, 0.5], "texture": "#0"},
				"east": {"uv": [5.5, 0.25, 5.75, 0.5], "texture": "#0"},
				"south": {"uv": [5.5, 0.25, 5.75, 0.5], "texture": "#0"},
				"west": {"uv": [5.5, 0.25, 5.75, 0.5], "texture": "#0"},
				"up": {"uv": [5.5, 0.25, 5.75, 0.5], "texture": "#0"},
				"down": {"uv": [5.5, 0.25, 5.75, 0.5], "texture": "#0"}
			}
		},
		{
			"from": [7.36, -8.36, 7.36],
			"to": [8.64, -8.2, 8.64],
			"rotation": {"angle": 22.5, "axis": "y", "origin": [8, -8.28, 8]},
			"faces": {
				"north": {"uv": [5.5, 2, 5.75, 2.25], "texture": "#0"},
				"east": {"uv": [5.5, 2, 5.75, 2.25], "texture": "#0"},
				"south": {"uv": [5.5, 2, 5.75, 2.25], "texture": "#0"},
				"west": {"uv": [5.5, 2, 5.75, 2.25], "texture": "#0"},
				"up": {"uv": [5.5, 2, 5.75, 2.25], "texture": "#0"},
				"down": {"uv": [5.5, 2, 5.75, 2.25], "texture": "#0"}
			}
		},
		{
			"from": [7.36, -8.04, 7.36],
			"to": [8.64, -7.88, 8.64],
			"rotation": {"angle": 22.5, "axis": "y", "origin": [8, -7.96, 8]},
			"faces": {
				"north": {"uv": [5.5, 3.5, 5.75, 3.75], "texture": "#0"},
				"east": {"uv": [5.5, 3.5, 5.75, 3.75], "texture": "#0"},
				"south": {"uv": [5.5, 3.5, 5.75, 3.75], "texture": "#0"},
				"west": {"uv": [5.5, 3.5, 5.75, 3.75], "texture": "#0"},
				"up": {"uv": [5.5, 3.5, 5.75, 3.75], "texture": "#0"},
				"down": {"uv": [5.5, 3.5, 5.75, 3.75], "texture": "#0"}
			}
		},
		{
			"from": [7.36, -8.92, 7.36],
			"to": [8.64, -8.76, 8.64],
			"rotation": {"angle": 45, "axis": "y", "origin": [8, -8.84, 8]},
			"faces": {
				"north": {"uv": [5.5, 5, 5.75, 5.25], "texture": "#0"},
				"east": {"uv": [5.5, 5, 5.75, 5.25], "texture": "#0"},
				"south": {"uv": [5.5, 5, 5.75, 5.25], "texture": "#0"},
				"west": {"uv": [5.5, 5, 5.75, 5.25], "texture": "#0"},
				"up": {"uv": [5.5, 5, 5.75, 5.25], "texture": "#0"},
				"down": {"uv": [5.5, 5, 5.75, 5.25], "texture": "#0"}
			}
		},
		{
			"from": [7.36, -8.6, 7.36],
			"to": [8.64, -8.44, 8.64],
			"rotation": {"angle": 45, "axis": "y", "origin": [8, -8.52, 8]},
			"faces": {
				"north": {"uv": [2, 5.75, 2.25, 6], "texture": "#0"},
				"east": {"uv": [2, 5.75, 2.25, 6], "texture": "#0"},
				"south": {"uv": [2, 5.75, 2.25, 6], "texture": "#0"},
				"west": {"uv": [2, 5.75, 2.25, 6], "texture": "#0"},
				"up": {"uv": [2, 5.75, 2.25, 6], "texture": "#0"},
				"down": {"uv": [2, 5.75, 2.25, 6], "texture": "#0"}
			}
		},
		{
			"from": [7.36, -8.28, 7.36],
			"to": [8.64, -8.12, 8.64],
			"rotation": {"angle": 45, "axis": "y", "origin": [8, -8.2, 8]},
			"faces": {
				"north": {"uv": [3.5, 5.75, 3.75, 6], "texture": "#0"},
				"east": {"uv": [3.5, 5.75, 3.75, 6], "texture": "#0"},
				"south": {"uv": [3.5, 5.75, 3.75, 6], "texture": "#0"},
				"west": {"uv": [3.5, 5.75, 3.75, 6], "texture": "#0"},
				"up": {"uv": [3.5, 5.75, 3.75, 6], "texture": "#0"},
				"down": {"uv": [3.5, 5.75, 3.75, 6], "texture": "#0"}
			}
		},
		{
			"from": [7.36, -7.96, 7.36],
			"to": [8.64, -7.8, 8.64],
			"rotation": {"angle": 45, "axis": "y", "origin": [8, -7.88, 8]},
			"faces": {
				"north": {"uv": [5, 5.75, 5.25, 6], "texture": "#0"},
				"east": {"uv": [5, 5.75, 5.25, 6], "texture": "#0"},
				"south": {"uv": [5, 5.75, 5.25, 6], "texture": "#0"},
				"west": {"uv": [5, 5.75, 5.25, 6], "texture": "#0"},
				"up": {"uv": [5, 5.75, 5.25, 6], "texture": "#0"},
				"down": {"uv": [5, 5.75, 5.25, 6], "texture": "#0"}
			}
		},
		{
			"from": [7.36, -8.84, 7.36],
			"to": [8.64, -8.68, 8.64],
			"rotation": {"angle": -22.5, "axis": "y", "origin": [8, -8.76, 8]},
			"faces": {
				"north": {"uv": [5.75, 0.25, 6, 0.5], "texture": "#0"},
				"east": {"uv": [5.75, 0.25, 6, 0.5], "texture": "#0"},
				"south": {"uv": [5.75, 0.25, 6, 0.5], "texture": "#0"},
				"west": {"uv": [5.75, 0.25, 6, 0.5], "texture": "#0"},
				"up": {"uv": [5.75, 0.25, 6, 0.5], "texture": "#0"},
				"down": {"uv": [5.75, 0.25, 6, 0.5], "texture": "#0"}
			}
		},
		{
			"from": [7.36, -8.52, 7.36],
			"to": [8.64, -8.36, 8.64],
			"rotation": {"angle": -22.5, "axis": "y", "origin": [8, -8.44, 8]},
			"faces": {
				"north": {"uv": [5.75, 1.75, 6, 2], "texture": "#0"},
				"east": {"uv": [5.75, 1.75, 6, 2], "texture": "#0"},
				"south": {"uv": [5.75, 1.75, 6, 2], "texture": "#0"},
				"west": {"uv": [5.75, 1.75, 6, 2], "texture": "#0"},
				"up": {"uv": [5.75, 1.75, 6, 2], "texture": "#0"},
				"down": {"uv": [5.75, 1.75, 6, 2], "texture": "#0"}
			}
		},
		{
			"from": [7.36, -8.2, 7.36],
			"to": [8.64, -8.04, 8.64],
			"rotation": {"angle": -22.5, "axis": "y", "origin": [8, -8.12, 8]},
			"faces": {
				"north": {"uv": [5.75, 3.25, 6, 3.5], "texture": "#0"},
				"east": {"uv": [5.75, 3.25, 6, 3.5], "texture": "#0"},
				"south": {"uv": [5.75, 3.25, 6, 3.5], "texture": "#0"},
				"west": {"uv": [5.75, 3.25, 6, 3.5], "texture": "#0"},
				"up": {"uv": [5.75, 3.25, 6, 3.5], "texture": "#0"},
				"down": {"uv": [5.75, 3.25, 6, 3.5], "texture": "#0"}
			}
		},
		{
			"from": [7.36, -7.88, 7.36],
			"to": [8.64, -7.72, 8.64],
			"rotation": {"angle": -22.5, "axis": "y", "origin": [8, -7.8, 8]},
			"faces": {
				"north": {"uv": [5.75, 4.75, 6, 5], "texture": "#0"},
				"east": {"uv": [5.75, 4.75, 6, 5], "texture": "#0"},
				"south": {"uv": [5.75, 4.75, 6, 5], "texture": "#0"},
				"west": {"uv": [5.75, 4.75, 6, 5], "texture": "#0"},
				"up": {"uv": [5.75, 4.75, 6, 5], "texture": "#0"},
				"down": {"uv": [5.75, 4.75, 6, 5], "texture": "#0"}
			}
		},
		{
			"from": [7.36, -7.64, 7.2],
			"to": [8.64, -4.28, 8.8],
			"rotation": {"angle": 0, "axis": "y", "origin": [10.24, -7.32, 10.4]},
			"faces": {
				"north": {"uv": [3, 3.75, 3.25, 4.5], "texture": "#0"},
				"east": {"uv": [3, 3.75, 3.25, 4.5], "texture": "#0"},
				"south": {"uv": [3, 3.75, 3.25, 4.5], "texture": "#0"},
				"west": {"uv": [3, 3.75, 3.25, 4.5], "texture": "#0"},
				"up": {"uv": [3, 3.75, 3.25, 4.5], "texture": "#0"},
				"down": {"uv": [3, 3.75, 3.25, 4.5], "texture": "#0"}
			}
		},
		{
			"from": [7.36, -11.16, 7.2],
			"to": [8.64, -9.08, 8.8],
			"rotation": {"angle": 0, "axis": "y", "origin": [10.24, -10.84, 10.4]},
			"faces": {
				"north": {"uv": [4.25, 2.75, 4.5, 3.25], "texture": "#0"},
				"east": {"uv": [4.25, 2.75, 4.5, 3.25], "texture": "#0"},
				"south": {"uv": [4.25, 2.75, 4.5, 3.25], "texture": "#0"},
				"west": {"uv": [4.25, 2.75, 4.5, 3.25], "texture": "#0"},
				"up": {"uv": [4.25, 2.75, 4.5, 3.25], "texture": "#0"},
				"down": {"uv": [4.25, 2.75, 4.5, 3.25], "texture": "#0"}
			}
		},
		{
			"from": [7.16, -6.52, 7.16],
			"to": [8.84, -5.56, 8.84],
			"rotation": {"angle": 0, "axis": "y", "origin": [10.24, -3.96, 9.92]},
			"faces": {
				"north": {"uv": [1.5, 4.5, 2, 4.75], "texture": "#0"},
				"east": {"uv": [1.5, 4.5, 2, 4.75], "texture": "#0"},
				"south": {"uv": [1.5, 4.5, 2, 4.75], "texture": "#0"},
				"west": {"uv": [1.5, 4.5, 2, 4.75], "texture": "#0"},
				"up": {"uv": [1.5, 4.5, 2, 4.75], "texture": "#0"},
				"down": {"uv": [1.5, 4.5, 2, 4.75], "texture": "#0"}
			}
		},
		{
			"from": [7.36, -15.8, 7.36],
			"to": [8.64, -14.68, 8.64],
			"rotation": {"angle": 0, "axis": "y", "origin": [10.56, -13.24, 10.56]},
			"faces": {
				"north": {"uv": [1.5, 6, 1.75, 6.25], "texture": "#0"},
				"east": {"uv": [1.5, 6, 1.75, 6.25], "texture": "#0"},
				"south": {"uv": [1.5, 6, 1.75, 6.25], "texture": "#0"},
				"west": {"uv": [1.5, 6, 1.75, 6.25], "texture": "#0"},
				"up": {"uv": [1.5, 6, 1.75, 6.25], "texture": "#0"},
				"down": {"uv": [1.5, 6, 1.75, 6.25], "texture": "#0"}
			}
		},
		{
			"from": [8.64, -15.48, 8.64],
			"to": [8.72, -14.68, 8.72],
			"rotation": {"angle": 0, "axis": "y", "origin": [10.64, -12.92, 10.64]},
			"faces": {
				"north": {"uv": [3, 6, 3.25, 6.25], "texture": "#0"},
				"east": {"uv": [3, 6, 3.25, 6.25], "texture": "#0"},
				"south": {"uv": [3, 6, 3.25, 6.25], "texture": "#0"},
				"west": {"uv": [3, 6, 3.25, 6.25], "texture": "#0"},
				"up": {"uv": [3, 6, 3.25, 6.25], "texture": "#0"},
				"down": {"uv": [3, 6, 3.25, 6.25], "texture": "#0"}
			}
		},
		{
			"from": [8.64, -15.48, 7.28],
			"to": [8.72, -14.68, 7.36],
			"rotation": {"angle": 0, "axis": "y", "origin": [10.64, -12.92, 9.28]},
			"faces": {
				"north": {"uv": [4, 6, 4.25, 6.25], "texture": "#0"},
				"east": {"uv": [4, 6, 4.25, 6.25], "texture": "#0"},
				"south": {"uv": [4, 6, 4.25, 6.25], "texture": "#0"},
				"west": {"uv": [4, 6, 4.25, 6.25], "texture": "#0"},
				"up": {"uv": [4, 6, 4.25, 6.25], "texture": "#0"},
				"down": {"uv": [4, 6, 4.25, 6.25], "texture": "#0"}
			}
		},
		{
			"from": [7.28, -15.48, 7.28],
			"to": [7.36, -14.68, 7.36],
			"rotation": {"angle": 0, "axis": "y", "origin": [9.28, -12.92, 9.28]},
			"faces": {
				"north": {"uv": [5.5, 6, 5.75, 6.25], "texture": "#0"},
				"east": {"uv": [5.5, 6, 5.75, 6.25], "texture": "#0"},
				"south": {"uv": [5.5, 6, 5.75, 6.25], "texture": "#0"},
				"west": {"uv": [5.5, 6, 5.75, 6.25], "texture": "#0"},
				"up": {"uv": [5.5, 6, 5.75, 6.25], "texture": "#0"},
				"down": {"uv": [5.5, 6, 5.75, 6.25], "texture": "#0"}
			}
		},
		{
			"from": [7.28, -15.48, 8.64],
			"to": [7.36, -14.68, 8.72],
			"rotation": {"angle": 0, "axis": "y", "origin": [9.28, -12.92, 10.64]},
			"faces": {
				"north": {"uv": [6, 1.25, 6.25, 1.5], "texture": "#0"},
				"east": {"uv": [6, 1.25, 6.25, 1.5], "texture": "#0"},
				"south": {"uv": [6, 1.25, 6.25, 1.5], "texture": "#0"},
				"west": {"uv": [6, 1.25, 6.25, 1.5], "texture": "#0"},
				"up": {"uv": [6, 1.25, 6.25, 1.5], "texture": "#0"},
				"down": {"uv": [6, 1.25, 6.25, 1.5], "texture": "#0"}
			}
		},
		{
			"from": [7.36, -15.64, 7.2],
			"to": [8.64, -14.52, 8.8],
			"rotation": {"angle": 0, "axis": "y", "origin": [10.24, -13.08, 10.4]},
			"faces": {
				"north": {"uv": [6, 2.5, 6.25, 2.75], "texture": "#0"},
				"east": {"uv": [6, 2.5, 6.25, 2.75], "texture": "#0"},
				"south": {"uv": [6, 2.5, 6.25, 2.75], "texture": "#0"},
				"west": {"uv": [6, 2.5, 6.25, 2.75], "texture": "#0"},
				"up": {"uv": [6, 2.5, 6.25, 2.75], "texture": "#0"},
				"down": {"uv": [6, 2.5, 6.25, 2.75], "texture": "#0"}
			}
		},
		{
			"from": [7.2, -15.64, 7.36],
			"to": [8.8, -14.52, 8.64],
			"rotation": {"angle": 0, "axis": "y", "origin": [10.08, -13.08, 10.24]},
			"faces": {
				"north": {"uv": [6, 3, 6.25, 3.25], "texture": "#0"},
				"east": {"uv": [6, 3, 6.25, 3.25], "texture": "#0"},
				"south": {"uv": [6, 3, 6.25, 3.25], "texture": "#0"},
				"west": {"uv": [6, 3, 6.25, 3.25], "texture": "#0"},
				"up": {"uv": [6, 3, 6.25, 3.25], "texture": "#0"},
				"down": {"uv": [6, 3, 6.25, 3.25], "texture": "#0"}
			}
		},
		{
			"from": [7.16, -15.32, 7.16],
			"to": [8.84, -15.16, 8.84],
			"rotation": {"angle": 0, "axis": "y", "origin": [10.08, -12.76, 10.2]},
			"faces": {
				"north": {"uv": [4.5, 1, 5, 1.25], "texture": "#0"},
				"east": {"uv": [4.5, 1, 5, 1.25], "texture": "#0"},
				"south": {"uv": [4.5, 1, 5, 1.25], "texture": "#0"},
				"west": {"uv": [4.5, 1, 5, 1.25], "texture": "#0"},
				"up": {"uv": [4.5, 1, 5, 1.25], "texture": "#0"},
				"down": {"uv": [4.5, 1, 5, 1.25], "texture": "#0"}
			}
		},
		{
			"from": [7.16, -15, 7.16],
			"to": [8.84, -14.84, 8.84],
			"rotation": {"angle": 0, "axis": "y", "origin": [10.08, -12.44, 10.2]},
			"faces": {
				"north": {"uv": [4.5, 2, 5, 2.25], "texture": "#0"},
				"east": {"uv": [4.5, 2, 5, 2.25], "texture": "#0"},
				"south": {"uv": [4.5, 2, 5, 2.25], "texture": "#0"},
				"west": {"uv": [4.5, 2, 5, 2.25], "texture": "#0"},
				"up": {"uv": [4.5, 2, 5, 2.25], "texture": "#0"},
				"down": {"uv": [4.5, 2, 5, 2.25], "texture": "#0"}
			}
		},
		{
			"from": [7.16, -14.52, 7.16],
			"to": [8.84, -11, 8.84],
			"rotation": {"angle": 0, "axis": "y", "origin": [10.08, -11.8, 10.2]},
			"faces": {
				"north": {"uv": [1.5, 1.5, 2, 2.5], "texture": "#0"},
				"east": {"uv": [1.5, 1.5, 2, 2.5], "texture": "#0"},
				"south": {"uv": [1.5, 1.5, 2, 2.5], "texture": "#0"},
				"west": {"uv": [1.5, 1.5, 2, 2.5], "texture": "#0"},
				"up": {"uv": [1.5, 1.5, 2, 2.5], "texture": "#0"},
				"down": {"uv": [1.5, 1.5, 2, 2.5], "texture": "#0"}
			}
		},
		{
			"from": [7.68, -3.32, 8],
			"to": [8.32, 32, 8],
			"rotation": {"angle": 0, "axis": "y", "origin": [8, 14.34, 8]},
			"faces": {
				"north": {"uv": [0, 0, 16, 16], "texture": "#1"},
				"east": {"uv": [0, 0, 16, 16], "texture": "#1"},
				"south": {"uv": [0, 0, 16, 16], "texture": "#1"},
				"west": {"uv": [0, 0, 16, 16], "texture": "#1"},
				"up": {"uv": [0, 0, 16, 16], "texture": "#1"},
				"down": {"uv": [0, 0, 16, 16], "texture": "#1"}
			}
		},
		{
			"from": [7.68, -3.32, 8],
			"to": [8.32, 32, 8],
			"rotation": {"angle": 22.5, "axis": "y", "origin": [8, 14.34, 8]},
			"faces": {
				"north": {"uv": [0, 0, 16, 16], "texture": "#1"},
				"east": {"uv": [0, 0, 16, 16], "texture": "#1"},
				"south": {"uv": [0, 0, 16, 16], "texture": "#1"},
				"west": {"uv": [0, 0, 16, 16], "texture": "#1"},
				"up": {"uv": [0, 0, 16, 16], "texture": "#1"},
				"down": {"uv": [0, 0, 16, 16], "texture": "#1"}
			}
		},
		{
			"from": [7.68, -3.32, 8],
			"to": [8.32, 32, 8],
			"rotation": {"angle": 45, "axis": "y", "origin": [8, 14.34, 8]},
			"faces": {
				"north": {"uv": [0, 0, 16, 16], "texture": "#1"},
				"east": {"uv": [0, 0, 16, 16], "texture": "#1"},
				"south": {"uv": [0, 0, 16, 16], "texture": "#1"},
				"west": {"uv": [0, 0, 16, 16], "texture": "#1"},
				"up": {"uv": [0, 0, 16, 16], "texture": "#1"},
				"down": {"uv": [0, 0, 16, 16], "texture": "#1"}
			}
		},
		{
			"from": [8, -3.32, 7.68],
			"to": [8, 32, 8.32],
			"rotation": {"angle": -22.5, "axis": "y", "origin": [8, 14.34, 8]},
			"faces": {
				"north": {"uv": [0, 0, 16, 16], "texture": "#1"},
				"east": {"uv": [0, 0, 16, 16], "texture": "#1"},
				"south": {"uv": [0, 0, 16, 16], "texture": "#1"},
				"west": {"uv": [0, 0, 16, 16], "texture": "#1"},
				"up": {"uv": [0, 0, 16, 16], "texture": "#1"},
				"down": {"uv": [0, 0, 16, 16], "texture": "#1"}
			}
		},
		{
			"from": [8, -3.32, 7.68],
			"to": [8, 32, 8.32],
			"rotation": {"angle": 0, "axis": "y", "origin": [8, 14.34, 8]},
			"faces": {
				"north": {"uv": [0, 0, 16, 16], "texture": "#1"},
				"east": {"uv": [0, 0, 16, 16], "texture": "#1"},
				"south": {"uv": [0, 0, 16, 16], "texture": "#1"},
				"west": {"uv": [0, 0, 16, 16], "texture": "#1"},
				"up": {"uv": [0, 0, 16, 16], "texture": "#1"},
				"down": {"uv": [0, 0, 16, 16], "texture": "#1"}
			}
		},
		{
			"from": [8, -3.32, 7.68],
			"to": [8, 32, 8.32],
			"rotation": {"angle": 22.5, "axis": "y", "origin": [8, 14.34, 8]},
			"faces": {
				"north": {"uv": [0, 0, 16, 16], "texture": "#1"},
				"east": {"uv": [0, 0, 16, 16], "texture": "#1"},
				"south": {"uv": [0, 0, 16, 16], "texture": "#1"},
				"west": {"uv": [0, 0, 16, 16], "texture": "#1"},
				"up": {"uv": [0, 0, 16, 16], "texture": "#1"},
				"down": {"uv": [0, 0, 16, 16], "texture": "#1"}
			}
		},
		{
			"from": [8, -3.32, 7.68],
			"to": [8, 32, 8.32],
			"rotation": {"angle": 45, "axis": "y", "origin": [8, 14.34, 8]},
			"faces": {
				"north": {"uv": [0, 0, 16, 16], "texture": "#1"},
				"east": {"uv": [0, 0, 16, 16], "texture": "#1"},
				"south": {"uv": [0, 0, 16, 16], "texture": "#1"},
				"west": {"uv": [0, 0, 16, 16], "texture": "#1"},
				"up": {"uv": [0, 0, 16, 16], "texture": "#1"},
				"down": {"uv": [0, 0, 16, 16], "texture": "#1"}
			}
		},
		{
			"from": [7.68, -3.32, 8],
			"to": [8.32, 32, 8],
			"rotation": {"angle": -22.5, "axis": "y", "origin": [8, 14.34, 8]},
			"faces": {
				"north": {"uv": [0, 0, 16, 16], "texture": "#1"},
				"east": {"uv": [0, 0, 16, 16], "texture": "#1"},
				"south": {"uv": [0, 0, 16, 16], "texture": "#1"},
				"west": {"uv": [0, 0, 16, 16], "texture": "#1"},
				"up": {"uv": [0, 0, 16, 16], "texture": "#1"},
				"down": {"uv": [0, 0, 16, 16], "texture": "#1"}
			}
		}
	],
	"display": {
		"thirdperson_righthand": {
			"translation": [0, 13.5, 1],
			"scale": [0.8, 0.8, 0.8]
		},
		"thirdperson_lefthand": {
			"translation": [0, 13.5, 1],
			"scale": [0.8, 0.8, 0.8]
		},
		"firstperson_righthand": {
			"translation": [0, 14.25, 0],
			"scale": [0.9, 0.9, 0.9]
		},
		"firstperson_lefthand": {
			"translation": [0, 14.25, 0],
			"scale": [0.9, 0.9, 0.9]
		},
		"ground": {
			"rotation": [-80, 45, 0],
			"scale": [0.8, 0.8, 0.8]
		},
		"gui": {
			"rotation": [0, 0, -45],
			"translation": [0, 0.5, 0],
			"scale": [0.6, 0.45, 0.6]
		},
		"fixed": {
			"rotation": [0, -180, -45],
			"scale": [0.6, 0.5, 0.6]
		}
	},
	"groups": [
		{
			"name": "Emitter",
			"origin": [8, 8, 8],
			"children": [0, 1, 2, 3, 4, 5, 6, 7, 8, 9, 10, 11, 12, 13, 14, 15, 16, 17, 18]
		},
		{
			"name": "Handle",
			"origin": [8, 8, 8],
			"children": [19, 20, 21, 22, 23, 24, 25, 26, 27, 28, 29, 30, 31, 32, 33, 34, 35, 36, 37, 38, 39, 40, 41, 42, 43]
		},
		{
			"name": "Pommel",
			"origin": [8, 8, 8],
			"children": [44, 45, 46, 47, 48, 49, 50, 51, 52, 53]
		},
		{
			"name": "Blade",
			"origin": [8, 8, 8],
			"children": [54, 55, 56, 57, 58, 59, 60, 61]
		}
	]
}