{
	"credit": "Made with Blockbench",
	"texture_size": [32, 32],
	"textures": {
		"0": "darksaber",
		"1": "black_blade",
		"particle": "darksaber"
	},
	"elements": [
		{
			"from": [7.16522, 25.19345, 7.995],
			"to": [7.61522, 28.29845, 8.005],
			"rotation": {"angle": -22.5, "axis": "z", "origin": [7.39022, 26.61095, 7.999]},
			"faces": {
				"north": {"uv": [10, 0, 16, 16], "texture": "#1"},
				"east": {"uv": [0, 0, 13, 16], "texture": "#1"},
				"south": {"uv": [0, 0, 6, 16], "texture": "#1"},
				"west": {"uv": [0, 0, 13, 16], "texture": "#1"},
				"up": {"uv": [0, 0, 13, 16], "texture": "#1"},
				"down": {"uv": [0, 0, 13, 16], "texture": "#1"}
			}
		},
		{
			"from": [7.53743, -0.63933, 7.995],
			"to": [7.98743, 0.61067, 8.005],
			"rotation": {"angle": 45, "axis": "z", "origin": [7.76243, -0.75183, 7.999]},
			"faces": {
				"north": {"uv": [11.5, 16, 16, 0], "texture": "#1"},
				"east": {"uv": [0, 16, 13, 0], "texture": "#1"},
				"south": {"uv": [0, 16, 4.5, 0], "texture": "#1"},
				"west": {"uv": [0, 16, 13, 0], "texture": "#1"},
				"up": {"uv": [0, 16, 13, 0], "texture": "#1"},
				"down": {"uv": [0, 16, 13, 0], "texture": "#1"}
			}
		},
		{
			"from": [7.82813, 28.1661, 7.999],
			"to": [8.56163, 28.3911, 7.999],
			"rotation": {"angle": 0, "axis": "y", "origin": [9.24563, 28.3911, 7.999]},
			"faces": {
				"north": {"uv": [13, 0, 16, 16], "rotation": 270, "texture": "#1"},
				"east": {"uv": [0, 0, 13, 16], "rotation": 90, "texture": "#1"},
				"south": {"uv": [0, 0, 3, 16], "rotation": 90, "texture": "#1"},
				"west": {"uv": [0, 0, 13, 16], "rotation": 90, "texture": "#1"},
				"up": {"uv": [0, 0, 13, 16], "rotation": 90, "texture": "#1"},
				"down": {"uv": [0, 0, 13, 16], "rotation": 90, "texture": "#1"}
			}
		},
		{
			"from": [6.6399, 0.0525, 7.999],
			"to": [7.1619, 25.3875, 7.999],
			"rotation": {"angle": 0, "axis": "y", "origin": [7.2069, 0.96596, 8.01622]},
			"faces": {
				"north": {"uv": [8.5, 0, 16, 16], "texture": "#1"},
				"east": {"uv": [8.5, 0, 16, 16], "texture": "#1"},
				"south": {"uv": [0, 0, 7.5, 16], "texture": "#1"},
				"west": {"uv": [8.5, 0, 16, 16], "texture": "#1"},
				"up": {"uv": [8.5, 0, 16, 16], "texture": "#1"},
				"down": {"uv": [8.5, 0, 16, 16], "texture": "#1"}
			}
		},
		{
			"from": [7.15554, 25.4647, 7.999],
			"to": [8.05554, 26.1397, 7.999],
			"rotation": {"angle": 0, "axis": "y", "origin": [7.72254, 2.8432, 8.01712]},
			"faces": {
				"north": {"uv": [4, 0, 11.5, 16], "texture": "#1"},
				"east": {"uv": [4, 0, 11.5, 16], "texture": "#1"},
				"south": {"uv": [4, 0, 11.5, 16], "texture": "#1"},
				"west": {"uv": [4, 0, 11.5, 16], "texture": "#1"},
				"up": {"uv": [4, 0, 11.5, 16], "texture": "#1"},
				"down": {"uv": [4, 0, 11.5, 16], "texture": "#1"}
			}
		},
		{
			"from": [7.42554, 26.1397, 7.999],
			"to": [8.05554, 26.8147, 7.999],
			"rotation": {"angle": 0, "axis": "y", "origin": [7.99254, 3.5182, 8.01712]},
			"faces": {
				"north": {"uv": [4, 0, 11.5, 16], "texture": "#1"},
				"east": {"uv": [4, 0, 11.5, 16], "texture": "#1"},
				"south": {"uv": [4, 0, 11.5, 16], "texture": "#1"},
				"west": {"uv": [4, 0, 11.5, 16], "texture": "#1"},
				"up": {"uv": [4, 0, 11.5, 16], "texture": "#1"},
				"down": {"uv": [4, 0, 11.5, 16], "texture": "#1"}
			}
		},
		{
			"from": [7.71804, 26.8147, 7.9981],
			"to": [8.05554, 27.4897, 7.9981],
			"rotation": {"angle": 0, "axis": "y", "origin": [8.28504, 4.1932, 8.01622]},
			"faces": {
				"north": {"uv": [4, 0, 11.5, 16], "texture": "#1"},
				"east": {"uv": [4, 0, 11.5, 16], "texture": "#1"},
				"south": {"uv": [4, 0, 11.5, 16], "texture": "#1"},
				"west": {"uv": [4, 0, 11.5, 16], "texture": "#1"},
				"up": {"uv": [4, 0, 11.5, 16], "texture": "#1"},
				"down": {"uv": [4, 0, 11.5, 16], "texture": "#1"}
			}
		},
		{
			"from": [7.96554, 27.4897, 7.9981],
			"to": [8.05554, 27.6697, 7.9981],
			"rotation": {"angle": 0, "axis": "y", "origin": [8.53254, 4.8682, 8.01622]},
			"faces": {
				"north": {"uv": [4, 0, 11.5, 16], "texture": "#1"},
				"east": {"uv": [4, 0, 11.5, 16], "texture": "#1"},
				"south": {"uv": [4, 0, 11.5, 16], "texture": "#1"},
				"west": {"uv": [4, 0, 11.5, 16], "texture": "#1"},
				"up": {"uv": [4, 0, 11.5, 16], "texture": "#1"},
				"down": {"uv": [4, 0, 11.5, 16], "texture": "#1"}
			}
		},
		{
			"from": [7.0719, 25.3875, 7.999],
			"to": [7.1619, 25.5675, 7.999],
			"rotation": {"angle": 0, "axis": "y", "origin": [7.6389, 2.766, 8.01712]},
			"faces": {
				"north": {"uv": [4, 0, 11.5, 16], "texture": "#1"},
				"east": {"uv": [4, 0, 11.5, 16], "texture": "#1"},
				"south": {"uv": [4, 0, 11.5, 16], "texture": "#1"},
				"west": {"uv": [4, 0, 11.5, 16], "texture": "#1"},
				"up": {"uv": [4, 0, 11.5, 16], "texture": "#1"},
				"down": {"uv": [4, 0, 11.5, 16], "texture": "#1"}
			}
		},
		{
			"from": [7.15554, 0.1297, 7.999],
			"to": [8.23554, 25.4647, 7.999],
			"rotation": {"angle": 0, "axis": "y", "origin": [7.72254, 1.0432, 8.01712]},
			"faces": {
				"north": {"uv": [4, 0, 11.5, 16], "texture": "#1"},
				"east": {"uv": [4, 0, 11.5, 16], "texture": "#1"},
				"south": {"uv": [4, 0, 11.5, 16], "texture": "#1"},
				"west": {"uv": [4, 0, 11.5, 16], "texture": "#1"},
				"up": {"uv": [4, 0, 11.5, 16], "texture": "#1"},
				"down": {"uv": [4, 0, 11.5, 16], "texture": "#1"}
			}
		},
		{
			"from": [7.703, -0.63, 7.999],
			"to": [8.063, 0.135, 7.999],
			"rotation": {"angle": 0, "axis": "y", "origin": [8.27, -0.6165, 8.01622]},
			"faces": {
				"north": {"uv": [4, 0, 11.5, 16], "texture": "#1"},
				"east": {"uv": [4, 0, 11.5, 16], "texture": "#1"},
				"south": {"uv": [4, 0, 11.5, 16], "texture": "#1"},
				"west": {"uv": [4, 0, 11.5, 16], "texture": "#1"},
				"up": {"uv": [4, 0, 11.5, 16], "texture": "#1"},
				"down": {"uv": [4, 0, 11.5, 16], "texture": "#1"}
			}
		},
		{
			"from": [7.253, -0.225, 7.999],
			"to": [7.703, 0.135, 7.999],
			"rotation": {"angle": 0, "axis": "y", "origin": [7.82, -0.2115, 8.01622]},
			"faces": {
				"north": {"uv": [4, 0, 11.5, 16], "texture": "#1"},
				"east": {"uv": [4, 0, 11.5, 16], "texture": "#1"},
				"south": {"uv": [4, 0, 11.5, 16], "texture": "#1"},
				"west": {"uv": [4, 0, 11.5, 16], "texture": "#1"},
				"up": {"uv": [4, 0, 11.5, 16], "texture": "#1"},
				"down": {"uv": [4, 0, 11.5, 16], "texture": "#1"}
			}
		},
		{
			"from": [7.523, -0.405, 7.999],
			"to": [7.703, -0.225, 7.999],
			"rotation": {"angle": 0, "axis": "y", "origin": [8.09, -0.3915, 8.01622]},
			"faces": {
				"north": {"uv": [4, 0, 11.5, 16], "texture": "#1"},
				"east": {"uv": [4, 0, 11.5, 16], "texture": "#1"},
				"south": {"uv": [4, 0, 11.5, 16], "texture": "#1"},
				"west": {"uv": [4, 0, 11.5, 16], "texture": "#1"},
				"up": {"uv": [4, 0, 11.5, 16], "texture": "#1"},
				"down": {"uv": [4, 0, 11.5, 16], "texture": "#1"}
			}
		},
		{
			"from": [7.073, -0.045, 7.999],
			"to": [7.253, 0.135, 7.999],
			"rotation": {"angle": 0, "axis": "y", "origin": [7.64, -0.0315, 8.01622]},
			"faces": {
				"north": {"uv": [4, 0, 11.5, 16], "texture": "#1"},
				"east": {"uv": [4, 0, 11.5, 16], "texture": "#1"},
				"south": {"uv": [4, 0, 11.5, 16], "texture": "#1"},
				"west": {"uv": [4, 0, 11.5, 16], "texture": "#1"},
				"up": {"uv": [4, 0, 11.5, 16], "texture": "#1"},
				"down": {"uv": [4, 0, 11.5, 16], "texture": "#1"}
			}
		},
		{
			"from": [7.964, -1.8, 7.999],
			"to": [8.144, -0.63, 7.999],
			"rotation": {"angle": 0, "axis": "y", "origin": [8.531, -2.6865, 8.01532]},
			"faces": {
				"north": {"uv": [4, 0, 11.5, 16], "texture": "#1"},
				"east": {"uv": [4, 0, 11.5, 16], "texture": "#1"},
				"south": {"uv": [4, 0, 11.5, 16], "texture": "#1"},
				"west": {"uv": [4, 0, 11.5, 16], "texture": "#1"},
				"up": {"uv": [4, 0, 11.5, 16], "texture": "#1"},
				"down": {"uv": [4, 0, 11.5, 16], "texture": "#1"}
			}
		},
		{
			"from": [8.03908, -2.8, 8.01539],
			"to": [8.56108, 28.17, 8.01539],
			"rotation": {"angle": 22.5, "axis": "y", "origin": [7.99408, 0.9135, 8.01539]},
			"faces": {
				"north": {"uv": [16, 0, 8.5, 16], "texture": "#1"},
				"east": {"uv": [16, 0, 8.5, 16], "texture": "#1"},
				"south": {"uv": [7.5, 0, 0, 16], "texture": "#1"},
				"west": {"uv": [16, 0, 8.5, 16], "texture": "#1"},
				"up": {"uv": [16, 0, 8.5, 16], "texture": "#1"},
				"down": {"uv": [16, 0, 8.5, 16], "texture": "#1"}
			}
		},
		{
			"from": [7.442, -1.8, 7.999],
			"to": [7.964, -0.63, 7.999],
			"rotation": {"angle": 0, "axis": "y", "origin": [8.009, 0.9135, 7.999]},
			"faces": {
				"north": {"uv": [10.5, 0, 16, 16], "texture": "#1"},
				"east": {"uv": [8.5, 0, 16, 16], "texture": "#1"},
				"south": {"uv": [0, 0, 3, 16], "texture": "#1"},
				"west": {"uv": [8.5, 0, 16, 16], "texture": "#1"},
				"up": {"uv": [8.5, 0, 16, 16], "texture": "#1"},
				"down": {"uv": [8.5, 0, 16, 16], "texture": "#1"}
			}
		},
		{
			"from": [7.442, -1.7, 7.999],
			"to": [7.703, -0.63, 7.999],
			"rotation": {"angle": -22.5, "axis": "y", "origin": [7.703, -1.665, 7.999]},
			"faces": {
				"north": {"uv": [13, 0, 16, 16], "texture": "#1"},
				"east": {"uv": [13, 0, 16, 16], "texture": "#1"},
				"south": {"uv": [13, 0, 16, 16], "texture": "#1"},
				"west": {"uv": [13, 0, 16, 16], "texture": "#1"},
				"up": {"uv": [13, 0, 16, 16], "texture": "#1"},
				"down": {"uv": [13, 0, 16, 16], "texture": "#1"}
			}
		},
		{
			"from": [7.44166, -2.7, 7.99817],
			"to": [7.70266, -0.63, 7.99817],
			"rotation": {"angle": 22.5, "axis": "y", "origin": [7.70266, -1.665, 7.99817]},
			"faces": {
				"north": {"uv": [0, 0, 3, 16], "texture": "#1"},
				"east": {"uv": [0, 0, 3, 16], "texture": "#1"},
				"south": {"uv": [0, 0, 3, 16], "texture": "#1"},
				"west": {"uv": [0, 0, 3, 16], "texture": "#1"},
				"up": {"uv": [0, 0, 3, 16], "texture": "#1"},
				"down": {"uv": [0, 0, 3, 16], "texture": "#1"}
			}
		},
		{
			"from": [8.036, -2.8, 7.999],
			"to": [8.558, 28.17, 7.999],
			"rotation": {"angle": 0, "axis": "y", "origin": [7.991, 0.9135, 7.999]},
			"faces": {
				"north": {"uv": [16, 0, 8.5, 16], "texture": "#1"},
				"east": {"uv": [16, 0, 8.5, 16], "texture": "#1"},
				"south": {"uv": [7.5, 0, 0, 16], "texture": "#1"},
				"west": {"uv": [16, 0, 8.5, 16], "texture": "#1"},
				"up": {"uv": [16, 0, 8.5, 16], "texture": "#1"},
				"down": {"uv": [16, 0, 8.5, 16], "texture": "#1"}
			}
		},
		{
			"from": [8.03977, -2.8, 7.98185],
			"to": [8.56177, 28.17, 7.98185],
			"rotation": {"angle": -22.5, "axis": "y", "origin": [7.99477, 0.9135, 7.98185]},
			"faces": {
				"north": {"uv": [16, 0, 8.5, 16], "texture": "#1"},
				"east": {"uv": [16, 0, 8.5, 16], "texture": "#1"},
				"south": {"uv": [7.5, 0, 0, 16], "texture": "#1"},
				"west": {"uv": [16, 0, 8.5, 16], "texture": "#1"},
				"up": {"uv": [16, 0, 8.5, 16], "texture": "#1"},
				"down": {"uv": [16, 0, 8.5, 16], "texture": "#1"}
			}
		},
		{
			"from": [7.28, -2.71, 7.46],
			"to": [7.55, -1.09, 8.54],
			"rotation": {"angle": 0, "axis": "y", "origin": [10.16, -2.53, 11.24]},
			"faces": {
				"north": {"uv": [2.5, 9, 2.625, 9.875], "texture": "#0"},
				"east": {"uv": [3, 9, 3.5, 10], "texture": "#0"},
				"south": {"uv": [3.5, 9, 3.625, 9.875], "texture": "#0"},
				"west": {"uv": [4.5, 9, 5, 9.875], "texture": "#0"},
				"up": {"uv": [10.5, 6, 10, 5.5], "texture": "#0"},
				"down": {"uv": [10.5, 6, 10, 6.5], "texture": "#0"}
			}
		},
		{
			"from": [7.88496, -2.60588, 7.46],
			"to": [8.15496, -0.94988, 8.54],
			"rotation": {"angle": 45, "axis": "z", "origin": [8.01996, -1.75088, 8]},
			"faces": {
				"north": {"uv": [6.5, 9, 6.625, 10], "texture": "#0"},
				"east": {"uv": [7, 9, 7.5, 9.875], "texture": "#0"},
				"south": {"uv": [7.5, 9, 8, 10], "texture": "#0"},
				"west": {"uv": [8, 9, 8.5, 10], "texture": "#0"},
				"up": {"uv": [10.5, 8, 10, 7.5], "texture": "#0"},
				"down": {"uv": [10.5, 8, 10, 8.5], "texture": "#0"}
			}
		},
		{
			"from": [7.64, -2.71, 7.46],
			"to": [7.91, -1.54, 8.54],
			"rotation": {"angle": 0, "axis": "y", "origin": [10.52, -2.53, 11.24]},
			"faces": {
				"north": {"uv": [6, 10, 6.125, 10.5], "texture": "#0"},
				"east": {"uv": [6.5, 10, 7, 10.5], "texture": "#0"},
				"south": {"uv": [7, 10, 7.125, 10.5], "texture": "#0"},
				"west": {"uv": [7.5, 10, 8, 10.5], "texture": "#0"},
				"up": {"uv": [8.5, 10.5, 8, 10], "texture": "#0"},
				"down": {"uv": [9, 10, 8.5, 10.5], "texture": "#0"}
			}
		},
		{
			"from": [7.28, -11.26, 7.46],
			"to": [8.72, -10.99, 8.54],
			"rotation": {"angle": 0, "axis": "y", "origin": [10.52, -8.2, 11.24]},
			"faces": {
				"north": {"uv": [7.5, 6, 8, 6.125], "texture": "#0"},
				"east": {"uv": [7.5, 6, 8, 6.125], "texture": "#0"},
				"south": {"uv": [7.5, 6, 8, 6.125], "texture": "#0"},
				"west": {"uv": [7.5, 6, 8, 6.125], "texture": "#0"},
				"up": {"uv": [7.5, 6, 8, 6.125], "texture": "#0"},
				"down": {"uv": [7.5, 6, 8, 6.125], "texture": "#0"}
			}
		},
		{
			"from": [7.28, -10.99, 7.46],
			"to": [7.55, -2.8, 8.54],
			"rotation": {"angle": 0, "axis": "y", "origin": [10.52, -7.93, 11.24]},
			"faces": {
				"north": {"uv": [3, 3, 3.125, 7.375], "texture": "#0"},
				"east": {"uv": [3.5, 3.5, 4, 8], "texture": "#0"},
				"south": {"uv": [4, 4, 4.125, 8.375], "texture": "#0"},
				"west": {"uv": [4.5, 4.5, 5, 8.875], "texture": "#0"},
				"up": {"uv": [2.5, 10.5, 2, 10], "texture": "#0"},
				"down": {"uv": [3, 10, 2.5, 10.5], "texture": "#0"}
			}
		},
		{
			"from": [7.64, -10.63, 7.46],
			"to": [7.91, -2.8, 8.54],
			"rotation": {"angle": 0, "axis": "y", "origin": [10.52, -7.57, 11.24]},
			"faces": {
				"north": {"uv": [5.5, 0, 5.625, 4.5], "texture": "#0"},
				"east": {"uv": [5.5, 0, 5.625, 4.5], "texture": "#0"},
				"south": {"uv": [5.5, 0, 5.625, 4.5], "texture": "#0"},
				"west": {"uv": [5.5, 0, 5.625, 4.5], "texture": "#0"},
				"up": {"uv": [5.5, 0, 5.625, 4.5], "texture": "#0"},
				"down": {"uv": [5.5, 0, 5.625, 4.5], "texture": "#0"}
			}
		},
		{
			"from": [8, -10.27, 7.46],
			"to": [8.27, -1.9, 8.54],
			"rotation": {"angle": 0, "axis": "y", "origin": [10.52, -7.21, 11.24]},
			"faces": {
				"north": {"uv": [0.5, 5, 0.625, 9.5], "texture": "#0"},
				"east": {"uv": [0.5, 5, 0.625, 9.5], "texture": "#0"},
				"south": {"uv": [0.5, 5, 0.625, 10], "texture": "#0"},
				"west": {"uv": [0.5, 5, 0.625, 9.5], "texture": "#0"},
				"up": {"uv": [0.5, 5, 0.625, 9.5], "texture": "#0"},
				"down": {"uv": [0.5, 5, 0.625, 9.5], "texture": "#0"}
			}
		},
		{
			"from": [8.36, -10.18, 7.46],
			"to": [8.72, -4.15, 8.54],
			"rotation": {"angle": 0, "axis": "y", "origin": [10.52, -7.12, 11.24]},
			"faces": {
				"north": {"uv": [3.5, 0, 3.625, 3.375], "texture": "#0"},
				"east": {"uv": [4, 0, 4.5, 3.375], "texture": "#0"},
				"south": {"uv": [1.5, 6, 1.625, 9.375], "texture": "#0"},
				"west": {"uv": [6, 6, 6.5, 9.5], "texture": "#0"},
				"up": {"uv": [10.5, 7, 10, 6.5], "texture": "#0"},
				"down": {"uv": [10.5, 7, 10, 7.5], "texture": "#0"}
			}
		},
		{
			"from": [7.64, -10.9, 7.46],
			"to": [8.72, -10.63, 8.54],
			"rotation": {"angle": 0, "axis": "y", "origin": [10.52, -7.84, 11.24]},
			"faces": {
				"north": {"uv": [3, 10, 3.375, 10.125], "texture": "#0"},
				"east": {"uv": [3, 10, 3.5, 10.125], "texture": "#0"},
				"south": {"uv": [3, 10, 3.375, 10.125], "texture": "#0"},
				"west": {"uv": [3, 10, 3.375, 10.125], "texture": "#0"},
				"up": {"uv": [3, 10, 3.375, 10.125], "texture": "#0"},
				"down": {"uv": [3, 10, 3.375, 10.125], "texture": "#0"}
			}
		},
		{
			"from": [8, -10.54, 7.46],
			"to": [8.72, -10.27, 8.54],
			"rotation": {"angle": 0, "axis": "y", "origin": [10.52, -7.48, 11.24]},
			"faces": {
				"north": {"uv": [9, 10, 9.25, 10.125], "texture": "#0"},
				"east": {"uv": [9, 10, 9.5, 10.125], "texture": "#0"},
				"south": {"uv": [9, 10, 9.25, 10.125], "texture": "#0"},
				"west": {"uv": [9, 10, 9.25, 10.125], "texture": "#0"},
				"up": {"uv": [9, 10, 9.25, 10.125], "texture": "#0"},
				"down": {"uv": [9, 10, 9.25, 10.125], "texture": "#0"}
			}
		},
		{
			"from": [8.72, -6.22, 7.64],
			"to": [8.81, -4.78, 8.36],
			"rotation": {"angle": 0, "axis": "y", "origin": [10.88, -7.12, 11.24]},
			"faces": {
				"north": {"uv": [8.5, 9, 9, 10], "texture": "#0"},
				"east": {"uv": [9, 9, 9.375, 10], "texture": "#0"},
				"south": {"uv": [9, 0, 9.5, 1], "texture": "#0"},
				"west": {"uv": [9, 2.5, 9.5, 3.5], "texture": "#0"},
				"up": {"uv": [10.5, 9, 10, 8.5], "texture": "#0"},
				"down": {"uv": [10.5, 9, 10, 9.5], "texture": "#0"}
			}
		},
		{
			"from": [6.56, -4.78, 7.19],
			"to": [9.44, -4.6, 8.81],
			"rotation": {"angle": 22.5, "axis": "z", "origin": [8, -4.69, 8]},
			"faces": {
				"north": {"uv": [6, 2.5, 7.125, 2.625], "texture": "#0"},
				"east": {"uv": [7.5, 8.5, 8.5, 9], "texture": "#0"},
				"south": {"uv": [6, 3, 7.125, 3.125], "texture": "#0"},
				"west": {"uv": [8.5, 8.5, 9.125, 8.625], "texture": "#0"},
				"up": {"uv": [7, 5.5, 5.875, 4.875], "texture": "#0"},
				"down": {"uv": [7.5, 1.5, 6.375, 2.125], "texture": "#0"}
			}
		},
		{
			"from": [9.18483, -4.22209, 7.19],
			"to": [9.36483, -3.32209, 8.81],
			"rotation": {"angle": 0, "axis": "y", "origin": [9.27483, -3.14454, 8]},
			"faces": {
				"north": {"uv": [10, 3.5, 10.5, 3.875], "texture": "#0"},
				"east": {"uv": [8.5, 6, 9.125, 6.375], "texture": "#0"},
				"south": {"uv": [10, 4, 10.5, 4.375], "texture": "#0"},
				"west": {"uv": [8.5, 6.5, 9.125, 6.875], "texture": "#0"},
				"up": {"uv": [9, 8, 8.5, 7.375], "texture": "#0"},
				"down": {"uv": [2.5, 9, 2, 10], "texture": "#0"}
			}
		},
		{
			"from": [8, -4.06, 7.352],
			"to": [8.63, -3.79, 8.648],
			"rotation": {"angle": 0, "axis": "y", "origin": [10.43, -1, 11.24]},
			"faces": {
				"north": {"uv": [4.5, 10.5, 4.875, 11], "texture": "#0"},
				"east": {"uv": [4.5, 10.5, 4.875, 11], "texture": "#0"},
				"south": {"uv": [4.5, 10.5, 4.875, 11], "texture": "#0"},
				"west": {"uv": [4.5, 10.5, 4.875, 11], "texture": "#0"},
				"up": {"uv": [4.5, 10.5, 4.875, 11], "texture": "#0"},
				"down": {"uv": [4.5, 10.5, 4.875, 11], "texture": "#0"}
			}
		},
		{
			"from": [8, -3.7, 7.352],
			"to": [8.63, -3.43, 8.648],
			"rotation": {"angle": 0, "axis": "y", "origin": [10.43, -0.64, 11.24]},
			"faces": {
				"north": {"uv": [7.5, 10.5, 7.875, 11], "texture": "#0"},
				"east": {"uv": [7.5, 10.5, 7.875, 11], "texture": "#0"},
				"south": {"uv": [7.5, 10.5, 7.875, 11], "texture": "#0"},
				"west": {"uv": [7.5, 10.5, 7.875, 11], "texture": "#0"},
				"up": {"uv": [7.5, 10.5, 7.875, 11], "texture": "#0"},
				"down": {"uv": [7.5, 10.5, 7.875, 11], "texture": "#0"}
			}
		},
		{
			"from": [8, -3.34, 7.352],
			"to": [8.63, -3.07, 8.648],
			"rotation": {"angle": 0, "axis": "y", "origin": [10.43, -0.28, 11.24]},
			"faces": {
				"north": {"uv": [10.5, 10.5, 11, 11], "texture": "#0"},
				"east": {"uv": [10.5, 10.5, 11, 11], "texture": "#0"},
				"south": {"uv": [10.5, 10.5, 10.875, 11], "texture": "#0"},
				"west": {"uv": [10.5, 10.5, 11, 11], "texture": "#0"},
				"up": {"uv": [10.5, 10.5, 11, 11], "texture": "#0"},
				"down": {"uv": [10.5, 10.5, 11, 11], "texture": "#0"}
			}
		},
		{
			"from": [8, -2.98, 7.352],
			"to": [8.63, -2.71, 8.648],
			"rotation": {"angle": 0, "axis": "y", "origin": [10.43, 0.08, 11.24]},
			"faces": {
				"north": {"uv": [10.5, 2.5, 10.875, 3], "texture": "#0"},
				"east": {"uv": [10.5, 2.5, 10.875, 3], "texture": "#0"},
				"south": {"uv": [10.5, 2.5, 10.875, 3], "texture": "#0"},
				"west": {"uv": [10.5, 2.5, 10.875, 3], "texture": "#0"},
				"up": {"uv": [10.5, 2.5, 10.875, 3], "texture": "#0"},
				"down": {"uv": [10.5, 2.5, 10.875, 3], "texture": "#0"}
			}
		},
		{
			"from": [8, -2.62, 7.352],
			"to": [8.63, -2.35, 8.648],
			"rotation": {"angle": 0, "axis": "y", "origin": [10.43, 0.44, 11.24]},
			"faces": {
				"north": {"uv": [10.5, 5.5, 10.875, 6], "texture": "#0"},
				"east": {"uv": [10.5, 5.5, 10.875, 6], "texture": "#0"},
				"south": {"uv": [10.5, 5.5, 10.875, 6], "texture": "#0"},
				"west": {"uv": [10.5, 5.5, 10.875, 6], "texture": "#0"},
				"up": {"uv": [10.5, 5.5, 10.875, 6], "texture": "#0"},
				"down": {"uv": [10.5, 5.5, 10.875, 6], "texture": "#0"}
			}
		},
		{
			"from": [7.91, -4.15, 7.388],
			"to": [8.72, -2.26, 8.612],
			"rotation": {"angle": 0, "axis": "y", "origin": [10.43, -1, 11.24]},
			"faces": {
				"north": {"uv": [9, 3.5, 9.375, 4.375], "texture": "#0"},
				"east": {"uv": [9, 4.5, 9.5, 5.375], "texture": "#0"},
				"south": {"uv": [9, 7, 9.375, 7.875], "texture": "#0"},
				"west": {"uv": [0, 9.5, 0.5, 10.5], "texture": "#0"},
				"up": {"uv": [3, 11, 2.5, 10.5], "texture": "#0"},
				"down": {"uv": [3.5, 10.5, 3, 11], "texture": "#0"}
			}
		},
		{
			"from": [6.07726, -5.23309, 7.19],
			"to": [6.25726, -4.87309, 8.81],
			"rotation": {"angle": 22.5, "axis": "z", "origin": [6.16726, -3.79309, 8]},
			"faces": {
				"north": {"uv": [10, 2.5, 10.5, 2.75], "texture": "#0"},
				"east": {"uv": [8.5, 1.5, 9.125, 1.75], "texture": "#0"},
				"south": {"uv": [10, 3, 10.5, 3.25], "texture": "#0"},
				"west": {"uv": [8.5, 2, 9.125, 2.25], "texture": "#0"},
				"up": {"uv": [4.5, 9.5, 4, 8.875], "texture": "#0"},
				"down": {"uv": [9, 2.5, 8.5, 3.5], "texture": "#0"}
			}
		},
		{
			"from": [8.81, -5.77, 7.73],
			"to": [8.9, -5.23, 8.27],
			"rotation": {"angle": 0, "axis": "y", "origin": [10.88, -7.12, 11.6]},
			"faces": {
				"north": {"uv": [0, 10.5, 0.5, 11], "texture": "#0"},
				"east": {"uv": [0, 10.5, 0.5, 11], "texture": "#0"},
				"south": {"uv": [0, 10.5, 0.5, 11], "texture": "#0"},
				"west": {"uv": [0, 10.5, 0.5, 11], "texture": "#0"},
				"up": {"uv": [0, 10.5, 0.5, 11], "texture": "#0"},
				"down": {"uv": [0, 10.5, 0.5, 11], "texture": "#0"}
			}
		},
		{
			"from": [7.316, -2.44, 7.496],
			"to": [8.396, -2.08, 8.504],
			"rotation": {"angle": 0, "axis": "y", "origin": [10.52, -3.16, 11.24]},
			"faces": {
				"north": {"uv": [10.5, 8.5, 11, 9], "texture": "#0"},
				"east": {"uv": [10.5, 8.5, 11, 9], "texture": "#0"},
				"south": {"uv": [10.5, 8.5, 11, 9], "texture": "#0"},
				"west": {"uv": [10.5, 8.5, 11, 9], "texture": "#0"},
				"up": {"uv": [10.5, 8.5, 11, 9], "texture": "#0"},
				"down": {"uv": [10.5, 8.5, 11, 9], "texture": "#0"}
			}
		},
		{
			"from": [7.316, -2.08, 7.496],
			"to": [8.036, -1.72, 8.504],
			"rotation": {"angle": 0, "axis": "y", "origin": [10.52, -2.8, 11.24]},
			"faces": {
				"north": {"uv": [1, 11, 1.5, 11.5], "texture": "#0"},
				"east": {"uv": [1, 11, 1.5, 11.5], "texture": "#0"},
				"south": {"uv": [1, 11, 1.5, 11.5], "texture": "#0"},
				"west": {"uv": [1, 11, 1.5, 11.5], "texture": "#0"},
				"up": {"uv": [1, 11, 1.5, 11.5], "texture": "#0"},
				"down": {"uv": [1, 11, 1.5, 11.5], "texture": "#0"}
			}
		},
		{
			"from": [7.316, -1.72, 7.496],
			"to": [7.676, -1.36, 8.504],
			"rotation": {"angle": 0, "axis": "y", "origin": [10.52, -2.44, 11.24]},
			"faces": {
				"north": {"uv": [4, 11, 4.5, 11.5], "texture": "#0"},
				"east": {"uv": [4, 11, 4.5, 11.5], "texture": "#0"},
				"south": {"uv": [4, 11, 4.5, 11.5], "texture": "#0"},
				"west": {"uv": [4, 11, 4.5, 11.5], "texture": "#0"},
				"up": {"uv": [4, 11, 4.5, 11.5], "texture": "#0"},
				"down": {"uv": [4, 11, 4.5, 11.5], "texture": "#0"}
			}
		},
		{
			"from": [7.316, -11.35, 7.496],
			"to": [8.684, -2.44, 8.504],
			"rotation": {"angle": 0, "axis": "y", "origin": [10.52, -8.2, 11.24]},
			"faces": {
				"north": {"uv": [1, 1, 2, 6], "texture": "#0"},
				"east": {"uv": [1, 1, 2, 6], "texture": "#0"},
				"south": {"uv": [1, 1, 2, 6], "texture": "#0"},
				"west": {"uv": [1, 1, 2, 6], "texture": "#0"},
				"up": {"uv": [1, 1, 2, 6], "texture": "#0"},
				"down": {"uv": [1, 1, 2, 6], "texture": "#0"}
			}
		},
		{
			"from": [7.28, -14.5, 7.46],
			"to": [8.72, -14.23, 8.54],
			"rotation": {"angle": 0, "axis": "y", "origin": [10.52, -11.44, 11.24]},
			"faces": {
				"north": {"uv": [1, 0, 1.5, 0.125], "texture": "#0"},
				"east": {"uv": [1, 0, 1.5, 0.125], "texture": "#0"},
				"south": {"uv": [1, 0, 1.5, 0.125], "texture": "#0"},
				"west": {"uv": [1, 0, 1.5, 0.125], "texture": "#0"},
				"up": {"uv": [1, 0, 2, 0.125], "texture": "#0"},
				"down": {"uv": [1, 0, 1.5, 0.5], "texture": "#0"}
			}
		},
		{
			"from": [7.28, -14.14, 7.46],
			"to": [8.72, -13.87, 8.54],
			"rotation": {"angle": 0, "axis": "y", "origin": [10.52, -11.08, 11.24]},
			"faces": {
				"north": {"uv": [6, 4, 7, 4.125], "texture": "#0"},
				"east": {"uv": [6, 4, 7, 4.125], "texture": "#0"},
				"south": {"uv": [6, 4, 7, 4.125], "texture": "#0"},
				"west": {"uv": [6, 4, 7, 4.125], "texture": "#0"},
				"up": {"uv": [6, 4, 7, 4.125], "texture": "#0"},
				"down": {"uv": [6, 4, 7, 4.125], "texture": "#0"}
			}
		},
		{
			"from": [7.28, -13.78, 7.46],
			"to": [8.72, -13.51, 8.54],
			"rotation": {"angle": 0, "axis": "y", "origin": [10.52, -10.72, 11.24]},
			"faces": {
				"north": {"uv": [6.5, 7, 7.5, 7.125], "texture": "#0"},
				"east": {"uv": [6.5, 7, 7.5, 7.125], "texture": "#0"},
				"south": {"uv": [6.5, 7, 7.5, 7.125], "texture": "#0"},
				"west": {"uv": [6.5, 7, 7.5, 7.125], "texture": "#0"},
				"up": {"uv": [6.5, 7, 7.5, 7.125], "texture": "#0"},
				"down": {"uv": [6.5, 7, 7.5, 7.125], "texture": "#0"}
			}
		},
		{
			"from": [7.28, -13.42, 7.46],
			"to": [8.72, -13.15, 8.54],
			"rotation": {"angle": 0, "axis": "y", "origin": [10.52, -10.36, 11.24]},
			"faces": {
				"north": {"uv": [7, 3.5, 8, 3.625], "texture": "#0"},
				"east": {"uv": [7, 3.5, 8, 3.625], "texture": "#0"},
				"south": {"uv": [7, 3.5, 8, 3.625], "texture": "#0"},
				"west": {"uv": [7, 3.5, 8, 3.625], "texture": "#0"},
				"up": {"uv": [7, 3.5, 8, 3.625], "texture": "#0"},
				"down": {"uv": [7, 3.5, 8, 3.625], "texture": "#0"}
			}
		},
		{
			"from": [7.28, -13.06, 7.46],
			"to": [8.72, -12.79, 8.54],
			"rotation": {"angle": 0, "axis": "y", "origin": [10.52, -10, 11.24]},
			"faces": {
				"north": {"uv": [8, 0.5, 9, 0.625], "texture": "#0"},
				"east": {"uv": [8, 0.5, 9, 0.625], "texture": "#0"},
				"south": {"uv": [8, 0.5, 9, 0.625], "texture": "#0"},
				"west": {"uv": [8, 0.5, 9, 0.625], "texture": "#0"},
				"up": {"uv": [8, 0.5, 9, 0.625], "texture": "#0"},
				"down": {"uv": [8, 0.5, 9, 0.625], "texture": "#0"}
			}
		},
		{
			"from": [7.28, -12.7, 7.46],
			"to": [8.72, -12.43, 8.54],
			"rotation": {"angle": 0, "axis": "y", "origin": [10.52, -9.64, 11.24]},
			"faces": {
				"north": {"uv": [3, 8, 4, 8.125], "texture": "#0"},
				"east": {"uv": [3, 8, 4, 8.125], "texture": "#0"},
				"south": {"uv": [3, 8, 4, 8.125], "texture": "#0"},
				"west": {"uv": [3, 8, 4, 8.125], "texture": "#0"},
				"up": {"uv": [3, 8, 4, 8.125], "texture": "#0"},
				"down": {"uv": [3, 8, 4, 8.125], "texture": "#0"}
			}
		},
		{
			"from": [7.28, -12.34, 7.46],
			"to": [8.72, -12.07, 8.54],
			"rotation": {"angle": 0, "axis": "y", "origin": [10.52, -9.28, 11.24]},
			"faces": {
				"north": {"uv": [7, 5.5, 8, 5.625], "texture": "#0"},
				"east": {"uv": [7, 5.5, 8, 5.625], "texture": "#0"},
				"south": {"uv": [7, 5.5, 8, 5.625], "texture": "#0"},
				"west": {"uv": [7, 5.5, 8, 5.625], "texture": "#0"},
				"up": {"uv": [7, 5.5, 8, 5.625], "texture": "#0"},
				"down": {"uv": [7, 5.5, 8, 5.625], "texture": "#0"}
			}
		},
		{
			"from": [7.28, -11.98, 7.46],
			"to": [8.72, -11.71, 8.54],
			"rotation": {"angle": 0, "axis": "y", "origin": [10.52, -8.92, 11.24]},
			"faces": {
				"north": {"uv": [7.5, 1.5, 8.5, 1.625], "texture": "#0"},
				"east": {"uv": [7.5, 1.5, 8.5, 1.625], "texture": "#0"},
				"south": {"uv": [7.5, 1.5, 8.5, 1.625], "texture": "#0"},
				"west": {"uv": [7.5, 1.5, 8.5, 1.625], "texture": "#0"},
				"up": {"uv": [7.5, 1.5, 8.5, 1.625], "texture": "#0"},
				"down": {"uv": [7.5, 1.5, 8.5, 1.625], "texture": "#0"}
			}
		},
		{
			"from": [7.28, -11.62, 7.46],
			"to": [8.72, -11.35, 8.54],
			"rotation": {"angle": 0, "axis": "y", "origin": [10.52, -8.56, 11.24]},
			"faces": {
				"north": {"uv": [8, 5.5, 9, 5.625], "texture": "#0"},
				"east": {"uv": [8, 5.5, 9, 5.625], "texture": "#0"},
				"south": {"uv": [8, 5.5, 9, 5.625], "texture": "#0"},
				"west": {"uv": [8, 5.5, 9, 5.625], "texture": "#0"},
				"up": {"uv": [8, 5.5, 9, 5.625], "texture": "#0"},
				"down": {"uv": [8, 5.5, 9, 5.625], "texture": "#0"}
			}
		},
		{
			"from": [7.55, -15.04, 7.64],
			"to": [8.18, -14.5, 8.36],
			"rotation": {"angle": 0, "axis": "y", "origin": [10.61, -12.16, 11.24]},
			"faces": {
				"north": {"uv": [2.5, 2, 3, 2.5], "texture": "#0"},
				"east": {"uv": [4, 3.5, 4.5, 4], "texture": "#0"},
				"south": {"uv": [5, 4.5, 5.5, 5], "texture": "#0"},
				"west": {"uv": [2, 7, 2.5, 7.5], "texture": "#0"},
				"up": {"uv": [3.5, 8, 3, 7.5], "texture": "#0"},
				"down": {"uv": [9.5, 5.5, 9.25, 6], "texture": "#0"}
			}
		},
		{
			"from": [8.09062, -14.94345, 7.64],
			"to": [8.30662, -14.22345, 8.36],
			"rotation": {"angle": -22.5, "axis": "z", "origin": [8.00062, -14.67345, 8]},
			"faces": {
				"north": {"uv": [4, 9.5, 4.5, 10], "texture": "#0"},
				"east": {"uv": [5, 9.5, 5.5, 10], "texture": "#0"},
				"south": {"uv": [6, 9.5, 6.5, 10], "texture": "#0"},
				"west": {"uv": [9.5, 9.5, 10, 10], "texture": "#0"},
				"up": {"uv": [10, 0.5, 9.5, 0], "texture": "#0"},
				"down": {"uv": [10, 0.5, 9.5, 1], "texture": "#0"}
			}
		},
		{
			"from": [7.316, -14.23, 7.496],
			"to": [8.684, -11.44, 8.504],
			"rotation": {"angle": 0, "axis": "y", "origin": [10.52, -11.08, 11.24]},
			"faces": {
				"north": {"uv": [2, 0, 3, 1.5], "texture": "#0"},
				"east": {"uv": [3, 0, 3.5, 1.5], "texture": "#0"},
				"south": {"uv": [6, 0, 7, 1.5], "texture": "#0"},
				"west": {"uv": [3, 1.5, 3.5, 3], "texture": "#0"},
				"up": {"uv": [9, 5, 8, 4.5], "texture": "#0"},
				"down": {"uv": [9, 5, 8, 5.5], "texture": "#0"}
			}
		}
	],
	"display": {
		"thirdperson_righthand": {
			"rotation": [0, -90, 0],
			"translation": [0, 10, 1.25],
			"scale": [0.7, 0.7, 0.7]
		},
		"thirdperson_lefthand": {
			"rotation": [0, -90, 0],
			"translation": [0, 10, 1.25],
			"scale": [0.7, 0.7, 0.7]
		},
		"firstperson_righthand": {
			"rotation": [0, -90, 0],
			"translation": [0, 11, 0],
			"scale": [0.7, 0.7, 0.7]
		},
		"firstperson_lefthand": {
			"rotation": [0, 90, 0],
			"translation": [0, 11, 0],
			"scale": [0.7, 0.7, 0.7]
		},
		"ground": {
			"rotation": [-46, -3.25, 82.25],
			"scale": [0.7, 0.7, 0.7]
		},
		"gui": {
			"rotation": [0, -180, 45],
			"scale": [0.5, 0.5, 0.5]
		},
		"fixed": {
			"rotation": [0, 0, 45],
			"translation": [0, 0, -0.01],
			"scale": [0.6, 0.6, 0.6]
		}
	},
	"groups": [
		{
			"name": "Blade",
			"origin": [8, 8, 8],
			"children": [0, 1, 2, 3, 4, 5, 6, 7, 8, 9, 10, 11, 12, 13, 14, 15, 16, 17, 18, 19, 20]
		},
		{
			"name": "Emitter",
			"origin": [8, 8, 8],
			"children": [21, 22, 23]
		},
		{
			"name": "Handle",
			"origin": [8, 8, 8],
			"children": [24, 25, 26, 27, 28, 29, 30, 31, 32, 33, 34, 35, 36, 37, 38, 39, 40, 41, 42, 43, 44, 45]
		},
		{
			"name": "Pommel",
			"origin": [8, 8, 8],
			"children": [46, 47, 48, 49, 50, 51, 52, 53, 54, 55, 56, 57]
		}
	]
}