{
	"credit": "Made with Blockbench",
	"textures": {
		"0": "nokiatexture",
		"1": "nokiatexture2",
		"particle": "nokiatexture"
	},
	"elements": [
		{
			"from": [3, 0, 8],
			"to": [13, 22, 10],
			"rotation": {"angle": 0, "axis": "y", "origin": [11, 8, 17]},
			"faces": {
				"north": {"uv": [0, 0, 10, 16], "texture": "#0"},
				"east": {"uv": [0, 0, 2, 16], "texture": "#0"},
				"south": {"uv": [0, 0, 10, 16], "texture": "#0"},
				"west": {"uv": [0, 0, 2, 16], "texture": "#0"},
				"up": {"uv": [0, 0, 10, 2], "texture": "#0"},
				"down": {"uv": [0, 0, 10, 2], "texture": "#0"}
			}
		},
		{
			"from": [4, 14, 7],
			"to": [12, 19, 8],
			"rotation": {"angle": 0, "axis": "y", "origin": [17, 26, 14]},
			"faces": {
				"north": {"uv": [13.5, 13, 16, 16], "texture": "#0"},
				"east": {"uv": [0, 0, 0, 5], "texture": "#0"},
				"south": {"uv": [0, 0, 8, 5], "texture": "#0"},
				"west": {"uv": [0, 0, 0, 5], "texture": "#0"},
				"up": {"uv": [0, 0, 8, 0], "texture": "#0"},
				"down": {"uv": [0, 0, 8, 0], "texture": "#0"}
			}
		},
		{
			"from": [5, 20, 7],
			"to": [11, 21, 8],
			"rotation": {"angle": 0, "axis": "y", "origin": [17, 28, 14]},
			"faces": {
				"north": {"uv": [0, 0, 6, 1], "texture": "#1"},
				"east": {"uv": [0, 0, 0, 5], "texture": "#0"},
				"south": {"uv": [0, 0, 8, 5], "texture": "#0"},
				"west": {"uv": [0, 0, 0, 5], "texture": "#0"},
				"up": {"uv": [0, 0, 8, 0], "texture": "#0"},
				"down": {"uv": [0, 0, 8, 0], "texture": "#0"}
			}
		},
		{
			"from": [4, 1, 7],
			"to": [12, 12, 8],
			"rotation": {"angle": 0, "axis": "y", "origin": [17, 19, 14]},
			"faces": {
				"north": {"uv": [13.5, 0, 16, 3], "texture": "#0"},
				"east": {"uv": [0, 0, 0, 5], "texture": "#0"},
				"south": {"uv": [0, 0, 8, 5], "texture": "#0"},
				"west": {"uv": [0, 0, 0, 5], "texture": "#0"},
				"up": {"uv": [0, 0, 8, 0], "texture": "#0"},
				"down": {"uv": [0, 0, 8, 0], "texture": "#0"}
			}
		}
	],
	"display": {
		"thirdperson_righthand": {
			"rotation": [68, 0, 0],
			"translation": [0, 0.5, -2.5]
		}
	}
}