{
	"credit": "Made with Blockbench",
	"ambientocclusion": false,
	"textures": {
		"0": "lightsaber",
		"particle": "lightsaber"
	},
	"elements": [
		{
			"from": [8, 0, 7],
			"to": [10, 7, 9],
			"rotation": {"angle": 0, "axis": "y", "origin": [16, 8, 16]},
			"faces": {
				"north": {"uv": [14, 0, 16, 7], "texture": "#0"},
				"east": {"uv": [14, 0, 16, 7], "texture": "#0"},
				"south": {"uv": [14, 0, 16, 7], "texture": "#0"},
				"west": {"uv": [14, 0, 16, 7], "texture": "#0"},
				"up": {"uv": [0, 0, 2, 2], "texture": "#0"},
				"down": {"uv": [0, 0, 2, 2], "texture": "#0"}
			}
		},
		{
			"from": [8, 7, 6],
			"to": [10, 8, 10],
			"rotation": {"angle": 0, "axis": "y", "origin": [16, 15, 15]},
			"faces": {
				"north": {"uv": [14, 15, 16, 16], "texture": "#0"},
				"east": {"uv": [12, 15, 16, 16], "texture": "#0"},
				"south": {"uv": [14, 15, 16, 16], "texture": "#0"},
				"west": {"uv": [12, 15, 16, 16], "texture": "#0"},
				"up": {"uv": [14, 12, 16, 16], "texture": "#0"},
				"down": {"uv": [0, 0, 2, 4], "texture": "#0"}
			}
		},
		{
			"from": [8, 8, 7],
			"to": [9, 27, 8],
			"rotation": {"angle": 0, "axis": "y", "origin": [16, 16, 15]},
			"faces": {
				"north": {"uv": [0, 0, 1, 16], "texture": "#0"},
				"east": {"uv": [0, 0, 1, 16], "texture": "#0"},
				"south": {"uv": [0, 0, 1, 16], "texture": "#0"},
				"west": {"uv": [0, 0, 1, 16], "texture": "#0"},
				"up": {"uv": [0, 0, 1, 1], "texture": "#0"},
				"down": {"uv": [0, 0, 1, 1], "texture": "#0"}
			}
		}
	],
	"display": {
		"thirdperson_righthand": {
			"translation": [-1, 3.5, 0]
		},
		"gui": {
			"rotation": [0, 0, -45.5],
			"translation": [-3.5, 0, 0]
		},
		"fixed": {
			"translation": [0, 0, -0.25]
		}
	}
}