{
	"credit": "Made with Blockbench",
	"textures": {
		"0": "elf_saber",
		"1": "orange_blade",
		"particle": "elf_saber"
	},
	"elements": [
		{
			"from": [8, -2.5, 7.6],
			"to": [8, 22, 8.4],
			"rotation": {"angle": 0, "axis": "y", "origin": [8, 14.75, 8]},
			"faces": {
				"north": {"uv": [0, 0, 16, 16], "texture": "#1"},
				"east": {"uv": [0, 0, 16, 16], "texture": "#1"},
				"south": {"uv": [0, 0, 16, 16], "texture": "#1"},
				"west": {"uv": [0, 0, 16, 16], "texture": "#1"},
				"up": {"uv": [0, 0, 16, 16], "texture": "#1"},
				"down": {"uv": [0, 0, 16, 16], "texture": "#1"}
			}
		},
		{
			"from": [8, -2.5, 7.6],
			"to": [8, 22, 8.4],
			"rotation": {"angle": -22.5, "axis": "y", "origin": [8, 14.75, 8]},
			"faces": {
				"north": {"uv": [0, 0, 16, 16], "texture": "#1"},
				"east": {"uv": [0, 0, 16, 16], "texture": "#1"},
				"south": {"uv": [0, 0, 16, 16], "texture": "#1"},
				"west": {"uv": [0, 0, 16, 16], "texture": "#1"},
				"up": {"uv": [0, 0, 16, 16], "texture": "#1"},
				"down": {"uv": [0, 0, 16, 16], "texture": "#1"}
			}
		},
		{
			"from": [8, -2.5, 7.6],
			"to": [8, 22, 8.4],
			"rotation": {"angle": -45, "axis": "y", "origin": [8, 14.75, 8]},
			"faces": {
				"north": {"uv": [0, 0, 16, 16], "texture": "#1"},
				"east": {"uv": [0, 0, 16, 16], "texture": "#1"},
				"south": {"uv": [0, 0, 16, 16], "texture": "#1"},
				"west": {"uv": [0, 0, 16, 16], "texture": "#1"},
				"up": {"uv": [0, 0, 16, 16], "texture": "#1"},
				"down": {"uv": [0, 0, 16, 16], "texture": "#1"}
			}
		},
		{
			"from": [7.6, -2.5, 8],
			"to": [8.4, 22, 8],
			"rotation": {"angle": 22.5, "axis": "y", "origin": [8, 14.75, 8]},
			"faces": {
				"north": {"uv": [0, 0, 16, 16], "texture": "#1"},
				"east": {"uv": [0, 0, 16, 16], "texture": "#1"},
				"south": {"uv": [0, 0, 16, 16], "texture": "#1"},
				"west": {"uv": [0, 0, 16, 16], "texture": "#1"},
				"up": {"uv": [0, 0, 16, 16], "texture": "#1"},
				"down": {"uv": [0, 0, 16, 16], "texture": "#1"}
			}
		},
		{
			"from": [7.6, -2.5, 8],
			"to": [8.4, 22, 8],
			"rotation": {"angle": 0, "axis": "y", "origin": [8, 14.75, 8]},
			"faces": {
				"north": {"uv": [0, 0, 16, 16], "texture": "#1"},
				"east": {"uv": [0, 0, 16, 16], "texture": "#1"},
				"south": {"uv": [0, 0, 16, 16], "texture": "#1"},
				"west": {"uv": [0, 0, 16, 16], "texture": "#1"},
				"up": {"uv": [0, 0, 16, 16], "texture": "#1"},
				"down": {"uv": [0, 0, 16, 16], "texture": "#1"}
			}
		},
		{
			"from": [7.6, -2.5, 8],
			"to": [8.4, 22, 8],
			"rotation": {"angle": -22.5, "axis": "y", "origin": [8, 14.75, 8]},
			"faces": {
				"north": {"uv": [0, 0, 16, 16], "texture": "#1"},
				"east": {"uv": [0, 0, 16, 16], "texture": "#1"},
				"south": {"uv": [0, 0, 16, 16], "texture": "#1"},
				"west": {"uv": [0, 0, 16, 16], "texture": "#1"},
				"up": {"uv": [0, 0, 16, 16], "texture": "#1"},
				"down": {"uv": [0, 0, 16, 16], "texture": "#1"}
			}
		},
		{
			"from": [7.6, -2.5, 8],
			"to": [8.4, 22, 8],
			"rotation": {"angle": -45, "axis": "y", "origin": [8, 14.75, 8]},
			"faces": {
				"north": {"uv": [0, 0, 16, 16], "texture": "#1"},
				"east": {"uv": [0, 0, 16, 16], "texture": "#1"},
				"south": {"uv": [0, 0, 16, 16], "texture": "#1"},
				"west": {"uv": [0, 0, 16, 16], "texture": "#1"},
				"up": {"uv": [0, 0, 16, 16], "texture": "#1"},
				"down": {"uv": [0, 0, 16, 16], "texture": "#1"}
			}
		},
		{
			"from": [8, -2.5, 7.6],
			"to": [8, 22, 8.4],
			"rotation": {"angle": 22.5, "axis": "y", "origin": [8, 14.75, 8]},
			"faces": {
				"north": {"uv": [0, 0, 16, 16], "texture": "#1"},
				"east": {"uv": [0, 0, 16, 16], "texture": "#1"},
				"south": {"uv": [0, 0, 16, 16], "texture": "#1"},
				"west": {"uv": [0, 0, 16, 16], "texture": "#1"},
				"up": {"uv": [0, 0, 16, 16], "texture": "#1"},
				"down": {"uv": [0, 0, 16, 16], "texture": "#1"}
			}
		},
		{
			"from": [7.35, -5, 7.35],
			"to": [8.65, -3.8, 8.65],
			"rotation": {"angle": 0, "axis": "y", "origin": [8, -11.8, 8]},
			"faces": {
				"north": {"uv": [14, 14, 16, 16], "texture": "#0"},
				"east": {"uv": [14, 14, 16, 16], "texture": "#0"},
				"south": {"uv": [14, 14, 16, 16], "texture": "#0"},
				"west": {"uv": [14, 14, 16, 16], "texture": "#0"},
				"up": {"uv": [14, 14, 16, 16], "texture": "#0"},
				"down": {"uv": [14, 14, 16, 16], "texture": "#0"}
			}
		},
		{
			"from": [7.4, -3.8, 7.4],
			"to": [8.6, -3, 8.6],
			"rotation": {"angle": 0, "axis": "y", "origin": [8, -10.6, 8]},
			"faces": {
				"north": {"uv": [14, 14, 16, 16], "texture": "#0"},
				"east": {"uv": [14, 14, 16, 16], "texture": "#0"},
				"south": {"uv": [14, 14, 16, 16], "texture": "#0"},
				"west": {"uv": [14, 14, 16, 16], "texture": "#0"},
				"up": {"uv": [14, 14, 16, 16], "texture": "#0"},
				"down": {"uv": [14, 14, 16, 16], "texture": "#0"}
			}
		},
		{
			"from": [7.35, -3.7, 7.35],
			"to": [8.65, -3.5, 8.65],
			"rotation": {"angle": 0, "axis": "y", "origin": [8, -10.5, 8]},
			"faces": {
				"north": {"uv": [14, 14, 16, 16], "texture": "#0"},
				"east": {"uv": [14, 14, 16, 16], "texture": "#0"},
				"south": {"uv": [14, 14, 16, 16], "texture": "#0"},
				"west": {"uv": [14, 14, 16, 16], "texture": "#0"},
				"up": {"uv": [14, 14, 16, 16], "texture": "#0"},
				"down": {"uv": [14, 14, 16, 16], "texture": "#0"}
			}
		},
		{
			"from": [7.35, -3.4, 7.35],
			"to": [8.65, -3.2, 8.65],
			"rotation": {"angle": 0, "axis": "y", "origin": [8, -9.7, 8]},
			"faces": {
				"north": {"uv": [14, 14, 16, 16], "texture": "#0"},
				"east": {"uv": [14, 14, 16, 16], "texture": "#0"},
				"south": {"uv": [14, 14, 16, 16], "texture": "#0"},
				"west": {"uv": [14, 14, 16, 16], "texture": "#0"},
				"up": {"uv": [14, 14, 16, 16], "texture": "#0"},
				"down": {"uv": [14, 14, 16, 16], "texture": "#0"}
			}
		},
		{
			"from": [7.35, -3.1, 7.35],
			"to": [8.65, -2.9, 8.65],
			"rotation": {"angle": 0, "axis": "y", "origin": [8, -9.7, 8]},
			"faces": {
				"north": {"uv": [14, 14, 16, 16], "texture": "#0"},
				"east": {"uv": [14, 14, 16, 16], "texture": "#0"},
				"south": {"uv": [14, 14, 16, 16], "texture": "#0"},
				"west": {"uv": [14, 14, 16, 16], "texture": "#0"},
				"up": {"uv": [14, 14, 16, 16], "texture": "#0"},
				"down": {"uv": [14, 14, 16, 16], "texture": "#0"}
			}
		},
		{
			"from": [7.3, -4.8, 7.3],
			"to": [8.7, -4.6, 8.7],
			"rotation": {"angle": 0, "axis": "y", "origin": [8, -11.6, 8]},
			"faces": {
				"north": {"uv": [14, 14, 16, 16], "texture": "#0"},
				"east": {"uv": [14, 14, 16, 16], "texture": "#0"},
				"south": {"uv": [14, 14, 16, 16], "texture": "#0"},
				"west": {"uv": [14, 14, 16, 16], "texture": "#0"},
				"up": {"uv": [14, 14, 16, 16], "texture": "#0"},
				"down": {"uv": [14, 14, 16, 16], "texture": "#0"}
			}
		},
		{
			"from": [7.25, -4.6, 7.25],
			"to": [8.75, -4.4, 8.75],
			"rotation": {"angle": 0, "axis": "y", "origin": [8, -11.4, 8]},
			"faces": {
				"north": {"uv": [14, 14, 16, 16], "texture": "#0"},
				"east": {"uv": [14, 14, 16, 16], "texture": "#0"},
				"south": {"uv": [14, 14, 16, 16], "texture": "#0"},
				"west": {"uv": [14, 14, 16, 16], "texture": "#0"},
				"up": {"uv": [14, 14, 16, 16], "texture": "#0"},
				"down": {"uv": [14, 14, 16, 16], "texture": "#0"}
			}
		},
		{
			"from": [7.2, -4.4, 7.2],
			"to": [8.8, -4, 8.8],
			"rotation": {"angle": 0, "axis": "y", "origin": [8, -11.2, 8]},
			"faces": {
				"north": {"uv": [14, 14, 16, 16], "texture": "#0"},
				"east": {"uv": [14, 14, 16, 16], "texture": "#0"},
				"south": {"uv": [14, 14, 16, 16], "texture": "#0"},
				"west": {"uv": [14, 14, 16, 16], "texture": "#0"},
				"up": {"uv": [14, 14, 16, 16], "texture": "#0"},
				"down": {"uv": [14, 14, 16, 16], "texture": "#0"}
			}
		},
		{
			"from": [7.2, -2.9, 7.2],
			"to": [8.8, -2.7, 8.8],
			"rotation": {"angle": 0, "axis": "y", "origin": [8, -9.6, 8]},
			"faces": {
				"north": {"uv": [1, 1, 4, 2], "texture": "#0"},
				"east": {"uv": [1, 1, 4, 2], "texture": "#0"},
				"south": {"uv": [1, 1, 4, 2], "texture": "#0"},
				"west": {"uv": [1, 1, 4, 2], "texture": "#0"},
				"up": {"uv": [1, 1, 4, 4], "texture": "#0"},
				"down": {"uv": [1, 1, 4, 4], "texture": "#0"}
			}
		},
		{
			"from": [7.15, -2.7, 7.15],
			"to": [8.85, -2.5, 8.85],
			"rotation": {"angle": 0, "axis": "y", "origin": [7.9, -9.5, 8]},
			"faces": {
				"north": {"uv": [1, 1, 5, 2], "texture": "#0"},
				"east": {"uv": [1, 1, 5, 2], "texture": "#0"},
				"south": {"uv": [1, 1, 5, 2], "texture": "#0"},
				"west": {"uv": [1, 1, 5, 2], "texture": "#0"},
				"up": {"uv": [1, 1, 5, 5], "texture": "#0"},
				"down": {"uv": [1, 1, 5, 5], "texture": "#0"}
			}
		},
		{
			"from": [7.3, -14.6, 7.3],
			"to": [8.7, -13.8, 8.7],
			"rotation": {"angle": 0, "axis": "y", "origin": [10.4, -11.8, 10.4]},
			"faces": {
				"north": {"uv": [14, 14, 16, 16], "texture": "#0"},
				"east": {"uv": [14, 14, 16, 16], "texture": "#0"},
				"south": {"uv": [14, 14, 16, 16], "texture": "#0"},
				"west": {"uv": [14, 14, 16, 16], "texture": "#0"},
				"up": {"uv": [14, 14, 16, 16], "texture": "#0"},
				"down": {"uv": [14, 14, 16, 16], "texture": "#0"}
			}
		},
		{
			"from": [7.3, -9.2, 7.3],
			"to": [8.7, -7.6, 8.7],
			"rotation": {"angle": 0, "axis": "y", "origin": [10.4, -6, 10.4]},
			"faces": {
				"north": {"uv": [14, 14, 16, 16], "texture": "#0"},
				"east": {"uv": [14, 14, 16, 16], "texture": "#0"},
				"south": {"uv": [14, 14, 16, 16], "texture": "#0"},
				"west": {"uv": [14, 14, 16, 16], "texture": "#0"},
				"up": {"uv": [14, 14, 16, 16], "texture": "#0"},
				"down": {"uv": [14, 14, 16, 16], "texture": "#0"}
			}
		},
		{
			"from": [7.7, -8.7, 7.1],
			"to": [8.3, -8.1, 7.3],
			"rotation": {"angle": 0, "axis": "y", "origin": [10.4, -6, 9]},
			"faces": {
				"north": {"uv": [0, 14, 2, 16], "texture": "#0"},
				"east": {"uv": [0, 14, 2, 16], "texture": "#0"},
				"south": {"uv": [0, 14, 2, 16], "texture": "#0"},
				"west": {"uv": [0, 14, 2, 16], "texture": "#0"},
				"up": {"uv": [0, 14, 2, 16], "texture": "#0"},
				"down": {"uv": [0, 14, 2, 16], "texture": "#0"}
			}
		},
		{
			"from": [7.7, -13.1, 8.86],
			"to": [8.3, -12.5, 9.06],
			"rotation": {"angle": 0, "axis": "y", "origin": [10.4, -10.4, 10.6]},
			"faces": {
				"north": {"uv": [14, 14, 16, 16], "texture": "#0"},
				"east": {"uv": [14, 14, 16, 16], "texture": "#0"},
				"south": {"uv": [14, 14, 16, 16], "texture": "#0"},
				"west": {"uv": [14, 14, 16, 16], "texture": "#0"},
				"up": {"uv": [14, 14, 16, 16], "texture": "#0"},
				"down": {"uv": [14, 14, 16, 16], "texture": "#0"}
			}
		},
		{
			"from": [7.8, -13, 8.76],
			"to": [8.2, -12.6, 8.96],
			"rotation": {"angle": 0, "axis": "y", "origin": [10.4, -10.4, 10.6]},
			"faces": {
				"north": {"uv": [14, 14, 16, 16], "texture": "#0"},
				"east": {"uv": [14, 14, 16, 16], "texture": "#0"},
				"south": {"uv": [14, 14, 16, 16], "texture": "#0"},
				"west": {"uv": [14, 14, 16, 16], "texture": "#0"},
				"up": {"uv": [14, 14, 16, 16], "texture": "#0"},
				"down": {"uv": [14, 14, 16, 16], "texture": "#0"}
			}
		},
		{
			"from": [7.35, -7.6, 7.35],
			"to": [8.65, -5.4, 8.65],
			"rotation": {"angle": 0, "axis": "y", "origin": [10.4, -4.4, 10.4]},
			"faces": {
				"north": {"uv": [14, 14, 16, 16], "texture": "#0"},
				"east": {"uv": [14, 14, 16, 16], "texture": "#0"},
				"south": {"uv": [14, 14, 16, 16], "texture": "#0"},
				"west": {"uv": [14, 14, 16, 16], "texture": "#0"},
				"up": {"uv": [14, 14, 16, 16], "texture": "#0"},
				"down": {"uv": [14, 14, 16, 16], "texture": "#0"}
			}
		},
		{
			"from": [7.3, -9.2, 7.3],
			"to": [8.7, -7.6, 8.7],
			"rotation": {"angle": 0, "axis": "y", "origin": [10.4, -6, 10.4]},
			"faces": {
				"north": {"uv": [14, 14, 16, 16], "texture": "#0"},
				"east": {"uv": [14, 14, 16, 16], "texture": "#0"},
				"south": {"uv": [14, 14, 16, 16], "texture": "#0"},
				"west": {"uv": [14, 14, 16, 16], "texture": "#0"},
				"up": {"uv": [14, 14, 16, 16], "texture": "#0"},
				"down": {"uv": [14, 14, 16, 16], "texture": "#0"}
			}
		},
		{
			"from": [7.3, -7.4, 7.3],
			"to": [8.7, -7.2, 8.7],
			"rotation": {"angle": 0, "axis": "y", "origin": [10.4, -4, 10.4]},
			"faces": {
				"north": {"uv": [14, 14, 16, 16], "texture": "#0"},
				"east": {"uv": [14, 14, 16, 16], "texture": "#0"},
				"south": {"uv": [14, 14, 16, 16], "texture": "#0"},
				"west": {"uv": [14, 14, 16, 16], "texture": "#0"},
				"up": {"uv": [14, 14, 16, 16], "texture": "#0"},
				"down": {"uv": [14, 14, 16, 16], "texture": "#0"}
			}
		},
		{
			"from": [7.3, -7, 7.3],
			"to": [8.7, -6.8, 8.7],
			"rotation": {"angle": 0, "axis": "y", "origin": [10.4, -3.6, 10.4]},
			"faces": {
				"north": {"uv": [14, 14, 16, 16], "texture": "#0"},
				"east": {"uv": [14, 14, 16, 16], "texture": "#0"},
				"south": {"uv": [14, 14, 16, 16], "texture": "#0"},
				"west": {"uv": [14, 14, 16, 16], "texture": "#0"},
				"up": {"uv": [14, 14, 16, 16], "texture": "#0"},
				"down": {"uv": [14, 14, 16, 16], "texture": "#0"}
			}
		},
		{
			"from": [7.3, -6.6, 7.3],
			"to": [8.7, -6.4, 8.7],
			"rotation": {"angle": 0, "axis": "y", "origin": [10.4, -3.2, 10.4]},
			"faces": {
				"north": {"uv": [14, 14, 16, 16], "texture": "#0"},
				"east": {"uv": [14, 14, 16, 16], "texture": "#0"},
				"south": {"uv": [14, 14, 16, 16], "texture": "#0"},
				"west": {"uv": [14, 14, 16, 16], "texture": "#0"},
				"up": {"uv": [14, 14, 16, 16], "texture": "#0"},
				"down": {"uv": [14, 14, 16, 16], "texture": "#0"}
			}
		},
		{
			"from": [7.3, -6.2, 7.3],
			"to": [8.7, -6, 8.7],
			"rotation": {"angle": 0, "axis": "y", "origin": [10.4, -2.8, 10.4]},
			"faces": {
				"north": {"uv": [14, 14, 16, 16], "texture": "#0"},
				"east": {"uv": [14, 14, 16, 16], "texture": "#0"},
				"south": {"uv": [14, 14, 16, 16], "texture": "#0"},
				"west": {"uv": [14, 14, 16, 16], "texture": "#0"},
				"up": {"uv": [14, 14, 16, 16], "texture": "#0"},
				"down": {"uv": [14, 14, 16, 16], "texture": "#0"}
			}
		},
		{
			"from": [7.3, -5.8, 7.3],
			"to": [8.7, -5.6, 8.7],
			"rotation": {"angle": 0, "axis": "y", "origin": [10.4, -2.4, 10.4]},
			"faces": {
				"north": {"uv": [14, 14, 16, 16], "texture": "#0"},
				"east": {"uv": [14, 14, 16, 16], "texture": "#0"},
				"south": {"uv": [14, 14, 16, 16], "texture": "#0"},
				"west": {"uv": [14, 14, 16, 16], "texture": "#0"},
				"up": {"uv": [14, 14, 16, 16], "texture": "#0"},
				"down": {"uv": [14, 14, 16, 16], "texture": "#0"}
			}
		},
		{
			"from": [7.3, -5.4, 7.3],
			"to": [8.7, -5, 8.7],
			"rotation": {"angle": 0, "axis": "y", "origin": [10.4, -2, 10.4]},
			"faces": {
				"north": {"uv": [14, 14, 16, 16], "texture": "#0"},
				"east": {"uv": [14, 14, 16, 16], "texture": "#0"},
				"south": {"uv": [14, 14, 16, 16], "texture": "#0"},
				"west": {"uv": [14, 14, 16, 16], "texture": "#0"},
				"up": {"uv": [14, 14, 16, 16], "texture": "#0"},
				"down": {"uv": [14, 14, 16, 16], "texture": "#0"}
			}
		},
		{
			"from": [7.3, -13.8, 7.88],
			"to": [8.7, -9.2, 8.68],
			"rotation": {"angle": 0, "axis": "y", "origin": [10.4, -10.6, 10.6]},
			"faces": {
				"north": {"uv": [14, 14, 16, 16], "texture": "#0"},
				"east": {"uv": [14, 14, 16, 16], "texture": "#0"},
				"south": {"uv": [14, 14, 16, 16], "texture": "#0"},
				"west": {"uv": [14, 14, 16, 16], "texture": "#0"},
				"up": {"uv": [14, 14, 16, 16], "texture": "#0"},
				"down": {"uv": [14, 14, 16, 16], "texture": "#0"}
			}
		},
		{
			"from": [7.22, -14.4, 8.16],
			"to": [8.78, -9.2, 8.76],
			"rotation": {"angle": 0, "axis": "y", "origin": [10.32, -10.6, 10.48]},
			"faces": {
				"north": {"uv": [1, 1, 4, 14], "texture": "#0"},
				"east": {"uv": [1, 1, 3, 14], "texture": "#0"},
				"south": {"uv": [1, 1, 3, 14], "texture": "#0"},
				"west": {"uv": [1, 1, 3, 14], "texture": "#0"},
				"up": {"uv": [14, 14, 16, 16], "texture": "#0"},
				"down": {"uv": [14, 14, 16, 16], "texture": "#0"}
			}
		},
		{
			"from": [7.22, -14.4, 7.22],
			"to": [8.78, -14, 8.16],
			"rotation": {"angle": 0, "axis": "y", "origin": [10.32, -10.6, 9.94]},
			"faces": {
				"north": {"uv": [2, 3, 5, 4], "texture": "#0"},
				"east": {"uv": [3, 2, 6, 3], "texture": "#0"},
				"south": {"uv": [14, 14, 16, 16], "texture": "#0"},
				"west": {"uv": [2, 2, 5, 3], "texture": "#0"},
				"up": {"uv": [1, 1, 4, 4], "texture": "#0"},
				"down": {"uv": [1, 1, 4, 4], "texture": "#0"}
			}
		},
		{
			"from": [7.22, -9.2, 8.16],
			"to": [8.78, -6.8, 8.76],
			"rotation": {"angle": 0, "axis": "y", "origin": [10.32, -6, 10.48]},
			"faces": {
				"north": {"uv": [1, 1, 4, 7], "texture": "#0"},
				"east": {"uv": [1, 1, 3, 7], "texture": "#0"},
				"south": {"uv": [1, 1, 4, 7], "texture": "#0"},
				"west": {"uv": [1, 1, 3, 7], "texture": "#0"},
				"up": {"uv": [14, 14, 16, 16], "texture": "#0"},
				"down": {"uv": [14, 14, 16, 16], "texture": "#0"}
			}
		},
		{
			"from": [7.22, -6.8, 8.36],
			"to": [8.78, -6.4, 8.76],
			"rotation": {"angle": 0, "axis": "y", "origin": [10.32, -3.6, 10.68]},
			"faces": {
				"north": {"uv": [1, 2, 4, 3], "texture": "#0"},
				"east": {"uv": [1, 1, 2, 2], "texture": "#0"},
				"south": {"uv": [1, 2, 4, 3], "texture": "#0"},
				"west": {"uv": [1, 1, 2, 2], "texture": "#0"},
				"up": {"uv": [1, 2, 4, 3], "texture": "#0"},
				"down": {"uv": [1, 2, 4, 3], "texture": "#0"}
			}
		},
		{
			"from": [7.42, -6.4, 8.36],
			"to": [8.58, -6, 8.76],
			"rotation": {"angle": 0, "axis": "y", "origin": [10.52, -3.2, 10.68]},
			"faces": {
				"north": {"uv": [14, 14, 16, 16], "texture": "#0"},
				"east": {"uv": [14, 14, 16, 16], "texture": "#0"},
				"south": {"uv": [14, 14, 16, 16], "texture": "#0"},
				"west": {"uv": [14, 14, 16, 16], "texture": "#0"},
				"up": {"uv": [14, 14, 16, 16], "texture": "#0"},
				"down": {"uv": [14, 14, 16, 16], "texture": "#0"}
			}
		},
		{
			"from": [7.22, -8.6, 7.96],
			"to": [8.78, -7.4, 8.16],
			"rotation": {"angle": 0, "axis": "y", "origin": [11.8, -5.8, 10.28]},
			"faces": {
				"north": {"uv": [1, 1, 4, 3], "texture": "#0"},
				"east": {"uv": [1, 1, 1.5, 3], "texture": "#0"},
				"south": {"uv": [1, 1, 1.5, 3], "texture": "#0"},
				"west": {"uv": [1, 1, 1.5, 3], "texture": "#0"},
				"up": {"uv": [1, 1, 1.5, 3], "texture": "#0"},
				"down": {"uv": [1, 1, 1.5, 3], "texture": "#0"}
			}
		},
		{
			"from": [7.22, -8.9, 7.56],
			"to": [8.78, -8, 7.76],
			"rotation": {"angle": 0, "axis": "y", "origin": [11.8, -5.9, 9.88]},
			"faces": {
				"north": {"uv": [1, 1, 4, 3.5], "texture": "#0"},
				"east": {"uv": [2, 1, 2.5, 3.5], "texture": "#0"},
				"south": {"uv": [2, 1, 2.5, 3.5], "texture": "#0"},
				"west": {"uv": [2, 1, 2.5, 3.5], "texture": "#0"},
				"up": {"uv": [2, 1, 2.5, 3.5], "texture": "#0"},
				"down": {"uv": [2, 1, 2.5, 3.5], "texture": "#0"}
			}
		},
		{
			"from": [7.22, -8.6, 7.76],
			"to": [8.78, -7.8, 7.96],
			"rotation": {"angle": 0, "axis": "y", "origin": [11.8, -5.8, 10.08]},
			"faces": {
				"north": {"uv": [1, 1, 4, 2.5], "texture": "#0"},
				"east": {"uv": [1.5, 1, 2, 2.5], "texture": "#0"},
				"south": {"uv": [1.5, 1, 2, 2.5], "texture": "#0"},
				"west": {"uv": [1.5, 1, 2, 2.5], "texture": "#0"},
				"up": {"uv": [1.5, 1, 2, 2.5], "texture": "#0"},
				"down": {"uv": [1.5, 1, 2, 2.5], "texture": "#0"}
			}
		},
		{
			"from": [7.22, -8.8, 7.76],
			"to": [8.78, -8.6, 7.86],
			"rotation": {"angle": 0, "axis": "y", "origin": [11.8, -6, 10.08]},
			"faces": {
				"north": {"uv": [1, 1, 2, 2], "texture": "#0"},
				"east": {"uv": [1, 1, 2, 2], "texture": "#0"},
				"south": {"uv": [1, 1, 2, 2], "texture": "#0"},
				"west": {"uv": [1, 1, 2, 2], "texture": "#0"},
				"up": {"uv": [1, 1, 2, 2], "texture": "#0"},
				"down": {"uv": [1, 1, 2, 2], "texture": "#0"}
			}
		},
		{
			"from": [7.22, -8.8, 8.06],
			"to": [8.78, -8.6, 8.16],
			"rotation": {"angle": 0, "axis": "y", "origin": [11.8, -6, 10.38]},
			"faces": {
				"north": {"uv": [2, 1, 3, 2], "texture": "#0"},
				"east": {"uv": [2, 1, 3, 2], "texture": "#0"},
				"south": {"uv": [2, 1, 3, 2], "texture": "#0"},
				"west": {"uv": [2, 1, 3, 2], "texture": "#0"},
				"up": {"uv": [2, 1, 3, 2], "texture": "#0"},
				"down": {"uv": [2, 1, 3, 2], "texture": "#0"}
			}
		},
		{
			"from": [7.5, -13.8, 7.6],
			"to": [8.5, -9.2, 7.9],
			"rotation": {"angle": 0, "axis": "y", "origin": [10.2, -10.4, 10.3]},
			"faces": {
				"north": {"uv": [14, 14, 16, 16], "texture": "#0"},
				"east": {"uv": [14, 14, 16, 16], "texture": "#0"},
				"south": {"uv": [14, 14, 16, 16], "texture": "#0"},
				"west": {"uv": [14, 14, 16, 16], "texture": "#0"},
				"up": {"uv": [14, 14, 16, 16], "texture": "#0"},
				"down": {"uv": [14, 14, 16, 16], "texture": "#0"}
			}
		},
		{
			"from": [7.3, -13.6, 7.3],
			"to": [8.7, -13.4, 7.9],
			"rotation": {"angle": 0, "axis": "y", "origin": [10.4, -10.6, 10]},
			"faces": {
				"north": {"uv": [14, 14, 16, 16], "texture": "#0"},
				"east": {"uv": [14, 14, 16, 16], "texture": "#0"},
				"south": {"uv": [14, 14, 16, 16], "texture": "#0"},
				"west": {"uv": [14, 14, 16, 16], "texture": "#0"},
				"up": {"uv": [14, 14, 16, 16], "texture": "#0"},
				"down": {"uv": [14, 14, 16, 16], "texture": "#0"}
			}
		},
		{
			"from": [7.3, -13.2, 7.3],
			"to": [8.7, -13, 7.9],
			"rotation": {"angle": 0, "axis": "y", "origin": [10.4, -10.2, 10]},
			"faces": {
				"north": {"uv": [14, 14, 16, 16], "texture": "#0"},
				"east": {"uv": [14, 14, 16, 16], "texture": "#0"},
				"south": {"uv": [14, 14, 16, 16], "texture": "#0"},
				"west": {"uv": [14, 14, 16, 16], "texture": "#0"},
				"up": {"uv": [14, 14, 16, 16], "texture": "#0"},
				"down": {"uv": [14, 14, 16, 16], "texture": "#0"}
			}
		},
		{
			"from": [7.3, -12.8, 7.3],
			"to": [8.7, -12.6, 7.9],
			"rotation": {"angle": 0, "axis": "y", "origin": [10.4, -9.8, 10]},
			"faces": {
				"north": {"uv": [14, 14, 16, 16], "texture": "#0"},
				"east": {"uv": [14, 14, 16, 16], "texture": "#0"},
				"south": {"uv": [14, 14, 16, 16], "texture": "#0"},
				"west": {"uv": [14, 14, 16, 16], "texture": "#0"},
				"up": {"uv": [14, 14, 16, 16], "texture": "#0"},
				"down": {"uv": [14, 14, 16, 16], "texture": "#0"}
			}
		},
		{
			"from": [7.3, -12.4, 7.3],
			"to": [8.7, -12.2, 7.9],
			"rotation": {"angle": 0, "axis": "y", "origin": [10.4, -9.4, 10]},
			"faces": {
				"north": {"uv": [14, 14, 16, 16], "texture": "#0"},
				"east": {"uv": [14, 14, 16, 16], "texture": "#0"},
				"south": {"uv": [14, 14, 16, 16], "texture": "#0"},
				"west": {"uv": [14, 14, 16, 16], "texture": "#0"},
				"up": {"uv": [14, 14, 16, 16], "texture": "#0"},
				"down": {"uv": [14, 14, 16, 16], "texture": "#0"}
			}
		},
		{
			"from": [7.3, -12, 7.3],
			"to": [8.7, -11.8, 7.9],
			"rotation": {"angle": 0, "axis": "y", "origin": [10.4, -9, 10]},
			"faces": {
				"north": {"uv": [14, 14, 16, 16], "texture": "#0"},
				"east": {"uv": [14, 14, 16, 16], "texture": "#0"},
				"south": {"uv": [14, 14, 16, 16], "texture": "#0"},
				"west": {"uv": [14, 14, 16, 16], "texture": "#0"},
				"up": {"uv": [14, 14, 16, 16], "texture": "#0"},
				"down": {"uv": [14, 14, 16, 16], "texture": "#0"}
			}
		},
		{
			"from": [7.3, -11.6, 7.3],
			"to": [8.7, -11.4, 7.9],
			"rotation": {"angle": 0, "axis": "y", "origin": [10.4, -8.6, 10]},
			"faces": {
				"north": {"uv": [14, 14, 16, 16], "texture": "#0"},
				"east": {"uv": [14, 14, 16, 16], "texture": "#0"},
				"south": {"uv": [14, 14, 16, 16], "texture": "#0"},
				"west": {"uv": [14, 14, 16, 16], "texture": "#0"},
				"up": {"uv": [14, 14, 16, 16], "texture": "#0"},
				"down": {"uv": [14, 14, 16, 16], "texture": "#0"}
			}
		},
		{
			"from": [7.3, -11.2, 7.3],
			"to": [8.7, -11, 7.9],
			"rotation": {"angle": 0, "axis": "y", "origin": [10.4, -8.2, 10]},
			"faces": {
				"north": {"uv": [14, 14, 16, 16], "texture": "#0"},
				"east": {"uv": [14, 14, 16, 16], "texture": "#0"},
				"south": {"uv": [14, 14, 16, 16], "texture": "#0"},
				"west": {"uv": [14, 14, 16, 16], "texture": "#0"},
				"up": {"uv": [14, 14, 16, 16], "texture": "#0"},
				"down": {"uv": [14, 14, 16, 16], "texture": "#0"}
			}
		},
		{
			"from": [7.3, -10.4, 7.3],
			"to": [8.7, -10.2, 7.9],
			"rotation": {"angle": 0, "axis": "y", "origin": [10.4, -7.4, 10]},
			"faces": {
				"north": {"uv": [14, 14, 16, 16], "texture": "#0"},
				"east": {"uv": [14, 14, 16, 16], "texture": "#0"},
				"south": {"uv": [14, 14, 16, 16], "texture": "#0"},
				"west": {"uv": [14, 14, 16, 16], "texture": "#0"},
				"up": {"uv": [14, 14, 16, 16], "texture": "#0"},
				"down": {"uv": [14, 14, 16, 16], "texture": "#0"}
			}
		},
		{
			"from": [7.3, -10.8, 7.3],
			"to": [8.7, -10.6, 7.9],
			"rotation": {"angle": 0, "axis": "y", "origin": [10.4, -7.8, 10]},
			"faces": {
				"north": {"uv": [14, 14, 16, 16], "texture": "#0"},
				"east": {"uv": [14, 14, 16, 16], "texture": "#0"},
				"south": {"uv": [14, 14, 16, 16], "texture": "#0"},
				"west": {"uv": [14, 14, 16, 16], "texture": "#0"},
				"up": {"uv": [14, 14, 16, 16], "texture": "#0"},
				"down": {"uv": [14, 14, 16, 16], "texture": "#0"}
			}
		},
		{
			"from": [7.3, -10, 7.3],
			"to": [8.7, -9.8, 7.9],
			"rotation": {"angle": 0, "axis": "y", "origin": [10.4, -7, 10]},
			"faces": {
				"north": {"uv": [14, 14, 16, 16], "texture": "#0"},
				"east": {"uv": [14, 14, 16, 16], "texture": "#0"},
				"south": {"uv": [14, 14, 16, 16], "texture": "#0"},
				"west": {"uv": [14, 14, 16, 16], "texture": "#0"},
				"up": {"uv": [14, 14, 16, 16], "texture": "#0"},
				"down": {"uv": [14, 14, 16, 16], "texture": "#0"}
			}
		},
		{
			"from": [7.3, -9.6, 7.3],
			"to": [8.7, -9.4, 7.9],
			"rotation": {"angle": 0, "axis": "y", "origin": [10.4, -6.6, 10]},
			"faces": {
				"north": {"uv": [14, 14, 16, 16], "texture": "#0"},
				"east": {"uv": [14, 14, 16, 16], "texture": "#0"},
				"south": {"uv": [14, 14, 16, 16], "texture": "#0"},
				"west": {"uv": [14, 14, 16, 16], "texture": "#0"},
				"up": {"uv": [14, 14, 16, 16], "texture": "#0"},
				"down": {"uv": [14, 14, 16, 16], "texture": "#0"}
			}
		},
		{
			"from": [7.2, -15.7, 7.2],
			"to": [8.8, -15, 8.8],
			"rotation": {"angle": 0, "axis": "y", "origin": [8.2, -15.6, 8.2]},
			"faces": {
				"north": {"uv": [14, 14, 16, 16], "texture": "#0"},
				"east": {"uv": [14, 14, 16, 16], "texture": "#0"},
				"south": {"uv": [14, 14, 16, 16], "texture": "#0"},
				"west": {"uv": [14, 14, 16, 16], "texture": "#0"},
				"up": {"uv": [14, 14, 16, 16], "texture": "#0"},
				"down": {"uv": [14, 14, 16, 16], "texture": "#0"}
			}
		},
		{
			"from": [7.3, -15.8, 7.3],
			"to": [8.7, -14.8, 8.7],
			"rotation": {"angle": 0, "axis": "y", "origin": [8.2, -15.6, 8.2]},
			"faces": {
				"north": {"uv": [14, 14, 16, 16], "texture": "#0"},
				"east": {"uv": [14, 14, 16, 16], "texture": "#0"},
				"south": {"uv": [14, 14, 16, 16], "texture": "#0"},
				"west": {"uv": [14, 14, 16, 16], "texture": "#0"},
				"up": {"uv": [14, 14, 16, 16], "texture": "#0"},
				"down": {"uv": [14, 14, 16, 16], "texture": "#0"}
			}
		},
		{
			"from": [7.35, -14.8, 7.35],
			"to": [8.65, -14.6, 8.65],
			"rotation": {"angle": 0, "axis": "y", "origin": [8.2, -14.8, 8.2]},
			"faces": {
				"north": {"uv": [14, 14, 16, 16], "texture": "#0"},
				"east": {"uv": [14, 14, 16, 16], "texture": "#0"},
				"south": {"uv": [14, 14, 16, 16], "texture": "#0"},
				"west": {"uv": [14, 14, 16, 16], "texture": "#0"},
				"up": {"uv": [14, 14, 16, 16], "texture": "#0"},
				"down": {"uv": [14, 14, 16, 16], "texture": "#0"}
			}
		}
	],
	"display": {
		"thirdperson_righthand": {
			"rotation": [0, -180, 0],
			"translation": [0, 11.25, 1.5],
			"scale": [0.8, 0.8, 0.8]
		},
		"thirdperson_lefthand": {
			"rotation": [0, -180, 0],
			"translation": [0, 13.5, 1.5],
			"scale": [0.8, 0.8, 0.8]
		},
		"firstperson_righthand": {
			"rotation": [0, 160, 0],
			"translation": [0, 14, 0],
			"scale": [0.8, 0.8, 0.8]
		},
		"firstperson_lefthand": {
			"rotation": [0, 160, 0],
			"translation": [0, 14, 0],
			"scale": [0.8, 0.8, 0.8]
		},
		"ground": {
			"rotation": [43.75, 0, 85],
			"translation": [0, -1, 0],
			"scale": [0.8, 0.8, 0.8]
		},
		"gui": {
			"rotation": [0, -180, 45],
			"scale": [0.5, 0.5, 0.5]
		},
		"fixed": {
			"rotation": [0, 0, 45],
			"scale": [0.6, 0.6, 0.6]
		}
	},
	"groups": [
		{
			"name": "Blade",
			"origin": [8, 8, 8],
			"children": [0, 1, 2, 3, 4, 5, 6, 7]
		},
		{
			"name": "Emitter",
			"origin": [8, 8, 8],
			"children": [8, 9, 10, 11, 12, 13, 14, 15, 16, 17]
		},
		{
			"name": "Handle",
			"origin": [8, 8, 8],
			"children": [18, 19, 20, 21, 22, 23, 24, 25, 26, 27, 28, 29, 30, 31, 32, 33, 34, 35, 36, 37, 38, 39, 40, 41, 42, 43, 44, 45, 46, 47, 48, 49, 50, 51, 52, 53]
		},
		{
			"name": "Pommel",
			"origin": [8, 8, 8],
			"children": [54, 55, 56]
		}
	]
}