{
	"credit": "Made with Blockbench",
	"textures": {
		"0": "bridger_saber",
		"1": "green_blade",
		"particle": "bridger_saber"
	},
	"elements": [
		{
			"from": [7.71875, -1, 8],
			"to": [8.28125, 32, 8],
			"rotation": {"angle": 0, "axis": "y", "origin": [8, -6.625, 8]},
			"faces": {
				"north": {"uv": [0, 0, 16, 16], "texture": "#1"},
				"east": {"uv": [0, 0, 16, 16], "texture": "#1"},
				"south": {"uv": [0, 0, 16, 16], "texture": "#1"},
				"west": {"uv": [0, 0, 16, 16], "texture": "#1"},
				"up": {"uv": [0, 0, 16, 16], "texture": "#1"},
				"down": {"uv": [0, 0, 16, 16], "texture": "#1"}
			}
		},
		{
			"from": [7.71875, -1, 8],
			"to": [8.28125, 32, 8],
			"rotation": {"angle": 22.5, "axis": "y", "origin": [8, 15.5, 8]},
			"faces": {
				"north": {"uv": [0, 0, 16, 16], "texture": "#1"},
				"east": {"uv": [0, 0, 16, 16], "texture": "#1"},
				"south": {"uv": [0, 0, 16, 16], "texture": "#1"},
				"west": {"uv": [0, 0, 16, 16], "texture": "#1"},
				"up": {"uv": [0, 0, 16, 16], "texture": "#1"},
				"down": {"uv": [0, 0, 16, 16], "texture": "#1"}
			}
		},
		{
			"from": [7.71875, -1, 8],
			"to": [8.28125, 32, 8],
			"rotation": {"angle": 45, "axis": "y", "origin": [8, 15.5, 8]},
			"faces": {
				"north": {"uv": [0, 0, 16, 16], "texture": "#1"},
				"east": {"uv": [0, 0, 16, 16], "texture": "#1"},
				"south": {"uv": [0, 0, 16, 16], "texture": "#1"},
				"west": {"uv": [0, 0, 16, 16], "texture": "#1"},
				"up": {"uv": [0, 0, 16, 16], "texture": "#1"},
				"down": {"uv": [0, 0, 16, 16], "texture": "#1"}
			}
		},
		{
			"from": [8, -1, 7.71875],
			"to": [8, 32, 8.28125],
			"rotation": {"angle": -22.5, "axis": "y", "origin": [8, 15.5, 8]},
			"faces": {
				"north": {"uv": [0, 0, 16, 16], "texture": "#1"},
				"east": {"uv": [0, 0, 16, 16], "texture": "#1"},
				"south": {"uv": [0, 0, 16, 16], "texture": "#1"},
				"west": {"uv": [0, 0, 16, 16], "texture": "#1"},
				"up": {"uv": [0, 0, 16, 16], "texture": "#1"},
				"down": {"uv": [0, 0, 16, 16], "texture": "#1"}
			}
		},
		{
			"from": [8, -1, 7.71875],
			"to": [8, 32, 8.28125],
			"rotation": {"angle": 0, "axis": "y", "origin": [8, 15.5, 8]},
			"faces": {
				"north": {"uv": [0, 0, 16, 16], "texture": "#1"},
				"east": {"uv": [0, 0, 16, 16], "texture": "#1"},
				"south": {"uv": [0, 0, 16, 16], "texture": "#1"},
				"west": {"uv": [0, 0, 16, 16], "texture": "#1"},
				"up": {"uv": [0, 0, 16, 16], "texture": "#1"},
				"down": {"uv": [0, 0, 16, 16], "texture": "#1"}
			}
		},
		{
			"from": [8, -1, 7.71875],
			"to": [8, 32, 8.28125],
			"rotation": {"angle": 22.5, "axis": "y", "origin": [8, 15.5, 8]},
			"faces": {
				"north": {"uv": [0, 0, 16, 16], "texture": "#1"},
				"east": {"uv": [0, 0, 16, 16], "texture": "#1"},
				"south": {"uv": [0, 0, 16, 16], "texture": "#1"},
				"west": {"uv": [0, 0, 16, 16], "texture": "#1"},
				"up": {"uv": [0, 0, 16, 16], "texture": "#1"},
				"down": {"uv": [0, 0, 16, 16], "texture": "#1"}
			}
		},
		{
			"from": [8, -1, 7.71875],
			"to": [8, 32, 8.28125],
			"rotation": {"angle": 45, "axis": "y", "origin": [8, 15.5, 8]},
			"faces": {
				"north": {"uv": [0, 0, 16, 16], "texture": "#1"},
				"east": {"uv": [0, 0, 16, 16], "texture": "#1"},
				"south": {"uv": [0, 0, 16, 16], "texture": "#1"},
				"west": {"uv": [0, 0, 16, 16], "texture": "#1"},
				"up": {"uv": [0, 0, 16, 16], "texture": "#1"},
				"down": {"uv": [0, 0, 16, 16], "texture": "#1"}
			}
		},
		{
			"from": [7.71875, -1, 8],
			"to": [8.28125, 32, 8],
			"rotation": {"angle": -22.5, "axis": "y", "origin": [8, 15.5, 8]},
			"faces": {
				"north": {"uv": [0, 0, 16, 16], "texture": "#1"},
				"east": {"uv": [0, 0, 16, 16], "texture": "#1"},
				"south": {"uv": [0, 0, 16, 16], "texture": "#1"},
				"west": {"uv": [0, 0, 16, 16], "texture": "#1"},
				"up": {"uv": [0, 0, 16, 16], "texture": "#1"},
				"down": {"uv": [0, 0, 16, 16], "texture": "#1"}
			}
		},
		{
			"from": [7.71875, -3.15625, 7.71875],
			"to": [8.28125, -2.5, 8.28125],
			"rotation": {"angle": 0, "axis": "y", "origin": [10.25, -0.53125, 10.25]},
			"faces": {
				"north": {"uv": [0, 2, 2, 3], "texture": "#0"},
				"east": {"uv": [0, 2, 2, 3], "texture": "#0"},
				"south": {"uv": [0, 2, 2, 3], "texture": "#0"},
				"west": {"uv": [0, 2, 2, 3], "texture": "#0"},
				"up": {"uv": [0, 2, 2, 3], "texture": "#0"},
				"down": {"uv": [0, 2, 2, 3], "texture": "#0"}
			}
		},
		{
			"from": [7.625, -1.46875, 7.625],
			"to": [8.375, -0.8125, 8.375],
			"rotation": {"angle": 0, "axis": "y", "origin": [10.25, 1.34375, 10.25]},
			"faces": {
				"north": {"uv": [0, 2, 2, 4], "texture": "#0"},
				"east": {"uv": [0, 2, 2, 4], "texture": "#0"},
				"south": {"uv": [0, 2, 2, 4], "texture": "#0"},
				"west": {"uv": [0, 2, 2, 4], "texture": "#0"},
				"up": {"uv": [0, 2, 2, 4], "texture": "#0"},
				"down": {"uv": [0, 2, 2, 4], "texture": "#0"}
			}
		},
		{
			"from": [7.625, -0.8125, 7.625],
			"to": [8.375, -0.53969, 7.71688],
			"rotation": {"angle": 0, "axis": "y", "origin": [10.15625, 2, 10.15625]},
			"faces": {
				"north": {"uv": [0, 2, 0.245, 2.728], "texture": "#0"},
				"east": {"uv": [0, 2, 0.245, 2.728], "texture": "#0"},
				"south": {"uv": [0, 2, 0.245, 2.728], "texture": "#0"},
				"west": {"uv": [0, 2, 0.245, 2.728], "texture": "#0"},
				"up": {"uv": [0, 2, 0.245, 2.728], "texture": "#0"},
				"down": {"uv": [0, 2, 0.245, 2.728], "texture": "#0"}
			}
		},
		{
			"from": [7.625, -0.8125, 7.71688],
			"to": [8.375, -0.71875, 7.90438],
			"rotation": {"angle": 0, "axis": "y", "origin": [10.15625, 2, 10.24813]},
			"faces": {
				"north": {"uv": [0, 2, 0.5, 2.25], "texture": "#0"},
				"east": {"uv": [0, 2, 0.5, 2.25], "texture": "#0"},
				"south": {"uv": [0, 2, 0.5, 2.25], "texture": "#0"},
				"west": {"uv": [0, 2, 0.5, 2.25], "texture": "#0"},
				"up": {"uv": [0, 2, 0.5, 2.25], "texture": "#0"},
				"down": {"uv": [0, 2, 0.5, 2.25], "texture": "#0"}
			}
		},
		{
			"from": [7.625, -0.82783, 7.65945],
			"to": [8.375, -0.64033, 8.37195],
			"rotation": {"angle": 22.5, "axis": "x", "origin": [7.90625, -0.73408, 7.9407]},
			"faces": {
				"north": {"uv": [0, 2, 1.9, 2.5], "texture": "#0"},
				"east": {"uv": [0, 2, 1.9, 2.5], "texture": "#0"},
				"south": {"uv": [0, 2, 1.9, 2.5], "texture": "#0"},
				"west": {"uv": [0, 2, 1.9, 2.5], "texture": "#0"},
				"up": {"uv": [0, 2, 1.9, 2.5], "texture": "#0"},
				"down": {"uv": [0, 2, 1.9, 2.5], "texture": "#0"}
			}
		},
		{
			"from": [7.325, -2.5, 7.325],
			"to": [8.675, -2.21875, 8.675],
			"rotation": {"angle": 0, "axis": "y", "origin": [10.64375, 0.3125, 10.64375]},
			"faces": {
				"north": {"uv": [5, 4, 9, 5], "texture": "#0"},
				"east": {"uv": [5, 4, 9, 5], "texture": "#0"},
				"south": {"uv": [5, 4, 9, 5], "texture": "#0"},
				"west": {"uv": [5, 4, 9, 5], "texture": "#0"},
				"up": {"uv": [5, 4, 9, 5], "texture": "#0"},
				"down": {"uv": [5, 1, 9, 5], "texture": "#0"}
			}
		},
		{
			"from": [7.2875, -2.21875, 7.2875],
			"to": [8.7125, -1.46875, 8.7125],
			"rotation": {"angle": 0, "axis": "y", "origin": [10.64375, 0.59375, 10.64375]},
			"faces": {
				"north": {"uv": [2, 1, 6, 3], "texture": "#0"},
				"east": {"uv": [2, 1, 6, 3], "texture": "#0"},
				"south": {"uv": [2, 1, 6, 3], "texture": "#0"},
				"west": {"uv": [2, 1, 6, 3], "texture": "#0"},
				"up": {"uv": [2, 1, 6, 5], "texture": "#0"},
				"down": {"uv": [2, 1, 6, 3], "texture": "#0"}
			}
		},
		{
			"from": [7.25, -2.125, 7.25],
			"to": [8.75, -2.03125, 8.75],
			"rotation": {"angle": 0, "axis": "y", "origin": [10.64375, 0.21875, 10.26875]},
			"faces": {
				"north": {"uv": [0, 0, 4, 0.25], "texture": "#0"},
				"east": {"uv": [0, 0, 4, 0.25], "texture": "#0"},
				"south": {"uv": [0, 0, 4, 0.25], "texture": "#0"},
				"west": {"uv": [0, 0, 4, 0.25], "texture": "#0"},
				"up": {"uv": [0, 0, 4, 0.25], "texture": "#0"},
				"down": {"uv": [0, 0, 4, 0.25], "texture": "#0"}
			}
		},
		{
			"from": [7.25, -1.65625, 7.25],
			"to": [8.75, -1.5625, 8.75],
			"rotation": {"angle": 0, "axis": "y", "origin": [10.64375, 0.59375, 10.26875]},
			"faces": {
				"north": {"uv": [12, 15, 16, 15.25], "texture": "#0"},
				"east": {"uv": [12, 15, 16, 15.25], "texture": "#0"},
				"south": {"uv": [12, 15, 16, 15.25], "texture": "#0"},
				"west": {"uv": [12, 15, 16, 15.25], "texture": "#0"},
				"up": {"uv": [12, 15, 16, 15.25], "texture": "#0"},
				"down": {"uv": [12, 15, 16, 15.25], "texture": "#0"}
			}
		},
		{
			"from": [7.2875, -14.40625, 7.2875],
			"to": [8.7125, -11.59375, 8.7125],
			"rotation": {"angle": 0, "axis": "y", "origin": [10.25, -11.40625, 10.25]},
			"faces": {
				"north": {"uv": [14, 0, 15, 2], "texture": "#0"},
				"east": {"uv": [14, 0, 15, 2], "texture": "#0"},
				"south": {"uv": [14, 0, 15, 2], "texture": "#0"},
				"west": {"uv": [14, 0, 15, 2], "texture": "#0"},
				"up": {"uv": [14, 0, 15, 2], "texture": "#0"},
				"down": {"uv": [14, 0, 15, 2], "texture": "#0"}
			}
		},
		{
			"from": [7.25, -11.59375, 7.25],
			"to": [8.75, -6.71875, 8.75],
			"rotation": {"angle": 0, "axis": "y", "origin": [10.25, -8.78125, 10.25]},
			"faces": {
				"north": {"uv": [15, 0, 16, 2], "texture": "#0"},
				"east": {"uv": [15, 0, 16, 2], "texture": "#0"},
				"south": {"uv": [15, 0, 16, 2], "texture": "#0"},
				"west": {"uv": [15, 0, 16, 2], "texture": "#0"},
				"up": {"uv": [15, 0, 16, 2], "texture": "#0"},
				"down": {"uv": [15, 0, 16, 2], "texture": "#0"}
			}
		},
		{
			"from": [7.25, -4.84375, 7.25],
			"to": [8.75, -3.34375, 8.75],
			"rotation": {"angle": 0, "axis": "y", "origin": [10.25, -2.03125, 10.25]},
			"faces": {
				"north": {"uv": [15, 0, 16, 2], "texture": "#0"},
				"east": {"uv": [15, 0, 16, 2], "texture": "#0"},
				"south": {"uv": [15, 0, 16, 2], "texture": "#0"},
				"west": {"uv": [15, 0, 16, 2], "texture": "#0"},
				"up": {"uv": [15, 0, 16, 2], "texture": "#0"},
				"down": {"uv": [15, 0, 16, 2], "texture": "#0"}
			}
		},
		{
			"from": [7.325, -3.34375, 7.325],
			"to": [8.675, -3.15625, 8.675],
			"rotation": {"angle": 0, "axis": "y", "origin": [10.25, -0.53125, 10.25]},
			"faces": {
				"north": {"uv": [13, 12, 16, 13], "texture": "#0"},
				"east": {"uv": [13, 12, 16, 13], "texture": "#0"},
				"south": {"uv": [13, 12, 16, 13], "texture": "#0"},
				"west": {"uv": [13, 12, 16, 13], "texture": "#0"},
				"up": {"uv": [13, 10, 16, 13], "texture": "#0"},
				"down": {"uv": [13, 12, 16, 13], "texture": "#0"}
			}
		},
		{
			"from": [7.2125, -3.625, 7.325],
			"to": [8.7875, -3.4375, 8.675],
			"rotation": {"angle": 0, "axis": "y", "origin": [10.25, -0.90625, 10.25]},
			"faces": {
				"north": {"uv": [14, 0, 15, 2], "texture": "#0"},
				"east": {"uv": [14, 0, 15, 2], "texture": "#0"},
				"south": {"uv": [14, 0, 15, 2], "texture": "#0"},
				"west": {"uv": [14, 0, 15, 2], "texture": "#0"},
				"up": {"uv": [14, 0, 15, 2], "texture": "#0"},
				"down": {"uv": [14, 0, 15, 2], "texture": "#0"}
			}
		},
		{
			"from": [7.325, -3.625, 7.2125],
			"to": [8.675, -3.4375, 8.7875],
			"rotation": {"angle": 0, "axis": "y", "origin": [10.25, -0.90625, 10.25]},
			"faces": {
				"north": {"uv": [14, 0, 15, 2], "texture": "#0"},
				"east": {"uv": [14, 0, 15, 2], "texture": "#0"},
				"south": {"uv": [14, 0, 15, 2], "texture": "#0"},
				"west": {"uv": [14, 0, 15, 2], "texture": "#0"},
				"up": {"uv": [14, 0, 15, 2], "texture": "#0"},
				"down": {"uv": [14, 0, 15, 2], "texture": "#0"}
			}
		},
		{
			"from": [7.325, -4.75, 7.2125],
			"to": [8.675, -4.5625, 8.7875],
			"rotation": {"angle": 0, "axis": "y", "origin": [10.25, -2.03125, 10.25]},
			"faces": {
				"north": {"uv": [14, 0, 15, 2], "texture": "#0"},
				"east": {"uv": [14, 0, 15, 2], "texture": "#0"},
				"south": {"uv": [14, 0, 15, 2], "texture": "#0"},
				"west": {"uv": [14, 0, 15, 2], "texture": "#0"},
				"up": {"uv": [14, 0, 15, 2], "texture": "#0"},
				"down": {"uv": [14, 0, 15, 2], "texture": "#0"}
			}
		},
		{
			"from": [7.325, -4.375, 7.2125],
			"to": [8.675, -4.1875, 8.7875],
			"rotation": {"angle": 0, "axis": "y", "origin": [10.25, -1.65625, 10.25]},
			"faces": {
				"north": {"uv": [14, 0, 15, 2], "texture": "#0"},
				"east": {"uv": [14, 0, 15, 2], "texture": "#0"},
				"south": {"uv": [14, 0, 15, 2], "texture": "#0"},
				"west": {"uv": [14, 0, 15, 2], "texture": "#0"},
				"up": {"uv": [14, 0, 15, 2], "texture": "#0"},
				"down": {"uv": [14, 0, 15, 2], "texture": "#0"}
			}
		},
		{
			"from": [7.325, -4, 7.2125],
			"to": [8.675, -3.8125, 8.7875],
			"rotation": {"angle": 0, "axis": "y", "origin": [10.25, -1.28125, 10.25]},
			"faces": {
				"north": {"uv": [14, 0, 15, 2], "texture": "#0"},
				"east": {"uv": [14, 0, 15, 2], "texture": "#0"},
				"south": {"uv": [14, 0, 15, 2], "texture": "#0"},
				"west": {"uv": [14, 0, 15, 2], "texture": "#0"},
				"up": {"uv": [14, 0, 15, 2], "texture": "#0"},
				"down": {"uv": [14, 0, 15, 2], "texture": "#0"}
			}
		},
		{
			"from": [7.2125, -4, 7.325],
			"to": [8.7875, -3.8125, 8.675],
			"rotation": {"angle": 0, "axis": "y", "origin": [10.25, -1.28125, 10.25]},
			"faces": {
				"north": {"uv": [14, 0, 15, 2], "texture": "#0"},
				"east": {"uv": [14, 0, 15, 2], "texture": "#0"},
				"south": {"uv": [14, 0, 15, 2], "texture": "#0"},
				"west": {"uv": [14, 0, 15, 2], "texture": "#0"},
				"up": {"uv": [14, 0, 15, 2], "texture": "#0"},
				"down": {"uv": [14, 0, 15, 2], "texture": "#0"}
			}
		},
		{
			"from": [7.2125, -4.375, 7.325],
			"to": [8.7875, -4.1875, 8.675],
			"rotation": {"angle": 0, "axis": "y", "origin": [10.25, -1.65625, 10.25]},
			"faces": {
				"north": {"uv": [14, 0, 15, 2], "texture": "#0"},
				"east": {"uv": [14, 0, 15, 2], "texture": "#0"},
				"south": {"uv": [14, 0, 15, 2], "texture": "#0"},
				"west": {"uv": [14, 0, 15, 2], "texture": "#0"},
				"up": {"uv": [14, 0, 15, 2], "texture": "#0"},
				"down": {"uv": [14, 0, 15, 2], "texture": "#0"}
			}
		},
		{
			"from": [7.2125, -4.75, 7.325],
			"to": [8.7875, -4.5625, 8.675],
			"rotation": {"angle": 0, "axis": "y", "origin": [10.25, -2.03125, 10.25]},
			"faces": {
				"north": {"uv": [14, 0, 15, 2], "texture": "#0"},
				"east": {"uv": [14, 0, 15, 2], "texture": "#0"},
				"south": {"uv": [14, 0, 15, 2], "texture": "#0"},
				"west": {"uv": [14, 0, 15, 2], "texture": "#0"},
				"up": {"uv": [14, 0, 15, 2], "texture": "#0"},
				"down": {"uv": [14, 0, 15, 2], "texture": "#0"}
			}
		},
		{
			"from": [7.1, -6.71875, 7.1],
			"to": [8.9, -5.03125, 8.9],
			"rotation": {"angle": 0, "axis": "y", "origin": [10.25, -4.28125, 10.25]},
			"faces": {
				"north": {"uv": [2, 2, 6.8, 6.5], "texture": "#0"},
				"east": {"uv": [2, 2, 6.8, 6.5], "texture": "#0"},
				"south": {"uv": [2, 2, 6.8, 6.5], "texture": "#0"},
				"west": {"uv": [2, 2, 6.8, 6.5], "texture": "#0"},
				"up": {"uv": [2, 2, 6.8, 6.5], "texture": "#0"},
				"down": {"uv": [2, 2, 6.8, 6.5], "texture": "#0"}
			}
		},
		{
			"from": [7.71875, -6.15625, 6.8],
			"to": [8.28125, -5.59375, 7.1],
			"rotation": {"angle": 0, "axis": "y", "origin": [8, -5.875, 6.95]},
			"faces": {
				"north": {"uv": [15, 3, 15.8, 4.5], "texture": "#0"},
				"east": {"uv": [15, 3, 15.8, 4.5], "texture": "#0"},
				"south": {"uv": [15, 3, 15.8, 4.5], "texture": "#0"},
				"west": {"uv": [15, 3, 15.8, 4.5], "texture": "#0"},
				"up": {"uv": [15, 3, 15.8, 4.5], "texture": "#0"},
				"down": {"uv": [15, 3, 15.8, 4.5], "texture": "#0"}
			}
		},
		{
			"from": [7.77, -6.1, 6.7],
			"to": [8.22, -5.65, 6.8],
			"rotation": {"angle": 0, "axis": "y", "origin": [8, -5.875, 5.95]},
			"faces": {
				"north": {"uv": [0, 3, 2, 5], "texture": "#0"},
				"east": {"uv": [0, 3, 2, 5], "texture": "#0"},
				"south": {"uv": [0, 3, 2, 5], "texture": "#0"},
				"west": {"uv": [0, 3, 2, 5], "texture": "#0"},
				"up": {"uv": [0, 3, 2, 5], "texture": "#0"},
				"down": {"uv": [0, 3, 2, 5], "texture": "#0"}
			}
		},
		{
			"from": [7.8125, -6.8125, 6.875],
			"to": [8.1875, -5.875, 7.1],
			"rotation": {"angle": -45, "axis": "z", "origin": [8, -5.875, 6.95]},
			"faces": {
				"north": {"uv": [15, 3, 16, 5], "texture": "#0"},
				"east": {"uv": [15, 3, 16, 5], "texture": "#0"},
				"south": {"uv": [15, 3, 16, 5], "texture": "#0"},
				"west": {"uv": [15, 3, 16, 5], "texture": "#0"},
				"up": {"uv": [15, 3, 16, 5], "texture": "#0"},
				"down": {"uv": [15, 3, 16, 5], "texture": "#0"}
			}
		},
		{
			"from": [7.175, -5.03125, 7.175],
			"to": [8.825, -4.84375, 8.825],
			"rotation": {"angle": 0, "axis": "y", "origin": [10.25, -2.78125, 10.25]},
			"faces": {
				"north": {"uv": [12, 15, 16, 15.5], "texture": "#0"},
				"east": {"uv": [12, 15, 16, 15.5], "texture": "#0"},
				"south": {"uv": [12, 15, 16, 15.5], "texture": "#0"},
				"west": {"uv": [12, 15, 16, 15.5], "texture": "#0"},
				"up": {"uv": [12, 15, 16, 15.5], "texture": "#0"},
				"down": {"uv": [12, 15, 16, 15.5], "texture": "#0"}
			}
		},
		{
			"from": [7.175, -11.5, 7.175],
			"to": [8.825, -6.71875, 7.25],
			"rotation": {"angle": 0, "axis": "y", "origin": [10.25, -8.6875, 10.175]},
			"faces": {
				"north": {"uv": [2, 1, 6, 13.75], "texture": "#0"},
				"east": {"uv": [2, 1, 2.2, 13.75], "texture": "#0"},
				"south": {"uv": [0, 0, 4.4, 12.75], "texture": "#missing"},
				"west": {"uv": [5, 1, 5.2, 14], "texture": "#0"},
				"up": {"uv": [0, 0, 4.4, 0.2], "texture": "#missing"},
				"down": {"uv": [2, 10, 6, 10.2], "texture": "#0"}
			}
		},
		{
			"from": [7.71875, -9.25, 6.8],
			"to": [8.28125, -7.46875, 7.175],
			"rotation": {"angle": 0, "axis": "y", "origin": [10.25, -8.6875, 10.175]},
			"faces": {
				"north": {"uv": [13, 10, 13.5, 13], "texture": "#0"},
				"east": {"uv": [14, 0, 14.5, 0.75], "texture": "#0"},
				"south": {"uv": [14, 0, 14.5, 0.75], "texture": "#0"},
				"west": {"uv": [14, 0, 14.5, 0.75], "texture": "#0"},
				"up": {"uv": [14, 0, 14.5, 0.75], "texture": "#0"},
				"down": {"uv": [14, 0, 14.5, 0.75], "texture": "#0"}
			}
		},
		{
			"from": [7.71875, -9.25005, 6.75],
			"to": [7.81875, -7.46875, 6.8],
			"rotation": {"angle": 0, "axis": "y", "origin": [10.25, -8.68755, 10.125]},
			"faces": {
				"north": {"uv": [14, 0, 14.5, 2], "texture": "#0"},
				"east": {"uv": [14, 0, 14.5, 2], "texture": "#0"},
				"south": {"uv": [14, 0, 14.5, 2], "texture": "#0"},
				"west": {"uv": [14, 0, 14.5, 2], "texture": "#0"},
				"up": {"uv": [14, 0, 14.5, 2], "texture": "#0"},
				"down": {"uv": [14, 0, 14.5, 2], "texture": "#0"}
			}
		},
		{
			"from": [8.18125, -9.25005, 6.75],
			"to": [8.28125, -7.46875, 6.8],
			"rotation": {"angle": 0, "axis": "y", "origin": [10.7125, -8.68755, 10.125]},
			"faces": {
				"north": {"uv": [14, 0, 14.5, 2], "texture": "#0"},
				"east": {"uv": [14, 0, 14.5, 2], "texture": "#0"},
				"south": {"uv": [14, 0, 14.5, 2], "texture": "#0"},
				"west": {"uv": [14, 0, 14.5, 2], "texture": "#0"},
				"up": {"uv": [14, 0, 14.5, 2], "texture": "#0"},
				"down": {"uv": [14, 0, 14.5, 2], "texture": "#0"}
			}
		},
		{
			"from": [7.175, -11.5, 7.25],
			"to": [8.825, -6.71875, 7.625],
			"rotation": {"angle": 0, "axis": "y", "origin": [10.25, -8.6875, 10.25]},
			"faces": {
				"north": {"uv": [2, 0, 3, 13], "texture": "#0"},
				"east": {"uv": [2, 1, 3, 13.75], "texture": "#0"},
				"south": {"uv": [2, 0, 3, 13], "texture": "#0"},
				"west": {"uv": [2, 1, 3, 13.75], "texture": "#0"},
				"up": {"uv": [2, 0, 3, 13], "texture": "#0"},
				"down": {"uv": [2, 1, 4, 2], "texture": "#0"}
			}
		},
		{
			"from": [7.175, -10.5625, 7.625],
			"to": [8.825, -6.71875, 8],
			"rotation": {"angle": 0, "axis": "y", "origin": [10.25, -8.5, 10.625]},
			"faces": {
				"north": {"uv": [8, 1, 9, 11.25], "texture": "#0"},
				"east": {"uv": [8, 1, 9, 11.25], "texture": "#0"},
				"south": {"uv": [8, 1, 9, 11.25], "texture": "#0"},
				"west": {"uv": [8, 1, 9, 11.25], "texture": "#0"},
				"up": {"uv": [8, 1, 9, 11.25], "texture": "#0"},
				"down": {"uv": [8, 1, 9, 11.25], "texture": "#0"}
			}
		},
		{
			"from": [7.175, -9.625, 8],
			"to": [8.825, -6.71875, 8.375],
			"rotation": {"angle": 0, "axis": "y", "origin": [10.25, -8.6875, 11]},
			"faces": {
				"north": {"uv": [3, 1, 4, 8.75], "texture": "#0"},
				"east": {"uv": [3, 1, 4, 8.75], "texture": "#0"},
				"south": {"uv": [3, 1, 4, 8.75], "texture": "#0"},
				"west": {"uv": [3, 1, 4, 8.75], "texture": "#0"},
				"up": {"uv": [3, 1, 4, 8.75], "texture": "#0"},
				"down": {"uv": [3, 1, 4, 8.75], "texture": "#0"}
			}
		},
		{
			"from": [7.175, -8.9882, 8.37482],
			"to": [8.825, -6.71852, 8.66542],
			"rotation": {"angle": 0, "axis": "y", "origin": [10.25, -6.1757, 11.37482]},
			"faces": {
				"north": {"uv": [4, 1, 5, 7.053], "texture": "#0"},
				"east": {"uv": [4, 1, 5, 7.053], "texture": "#0"},
				"south": {"uv": [4, 1, 5, 7.053], "texture": "#0"},
				"west": {"uv": [4, 1, 5, 7.053], "texture": "#0"},
				"up": {"uv": [4, 1, 5, 7.053], "texture": "#0"},
				"down": {"uv": [4, 1, 5, 7.053], "texture": "#0"}
			}
		},
		{
			"from": [7.175, -7.09352, 8.66542],
			"to": [8.825, -6.71852, 8.82667],
			"rotation": {"angle": 0, "axis": "y", "origin": [10.325, -4.28102, 11.59042]},
			"faces": {
				"north": {"uv": [0, 0, 4.4, 1], "texture": "#missing"},
				"east": {"uv": [4, 1, 4.43, 2], "texture": "#0"},
				"south": {"uv": [5, 2, 8, 3], "texture": "#0"},
				"west": {"uv": [4, 1, 4.43, 2], "texture": "#0"},
				"up": {"uv": [0, 0, 4.4, 0.43], "texture": "#missing"},
				"down": {"uv": [0, 0, 4.4, 0.43], "texture": "#missing"}
			}
		},
		{
			"from": [7.175, -7.46852, 8.66542],
			"to": [7.3625, -7.09352, 8.82667],
			"rotation": {"angle": 0, "axis": "y", "origin": [10.325, -4.65602, 11.59042]},
			"faces": {
				"north": {"uv": [4, 3, 4.43, 4], "texture": "#0"},
				"east": {"uv": [4, 3, 4.43, 4], "texture": "#0"},
				"south": {"uv": [4, 3, 4.43, 4], "texture": "#0"},
				"west": {"uv": [4, 3, 4.43, 4], "texture": "#0"},
				"up": {"uv": [4, 3, 4.43, 4], "texture": "#0"},
				"down": {"uv": [4, 3, 4.43, 4], "texture": "#0"}
			}
		},
		{
			"from": [7.175, -7.885, 8.56393],
			"to": [7.3625, -7.41625, 8.72518],
			"rotation": {"angle": 22.5, "axis": "x", "origin": [7.26875, -7.6975, 8.64455]},
			"faces": {
				"north": {"uv": [4, 2, 4.43, 3.25], "texture": "#0"},
				"east": {"uv": [4, 2, 4.43, 3.25], "texture": "#0"},
				"south": {"uv": [4, 2, 4.43, 3.25], "texture": "#0"},
				"west": {"uv": [4, 2, 4.43, 3.25], "texture": "#0"},
				"up": {"uv": [4, 2, 4.43, 3.25], "texture": "#0"},
				"down": {"uv": [4, 2, 4.43, 3.25], "texture": "#0"}
			}
		},
		{
			"from": [8.6375, -7.885, 8.56393],
			"to": [8.825, -7.41625, 8.72518],
			"rotation": {"angle": 22.5, "axis": "x", "origin": [8.73125, -7.6975, 8.64455]},
			"faces": {
				"north": {"uv": [4, 2, 4.43, 3.25], "texture": "#0"},
				"east": {"uv": [4, 2, 4.43, 3.25], "texture": "#0"},
				"south": {"uv": [4, 2, 4.43, 3.25], "texture": "#0"},
				"west": {"uv": [4, 2, 4.43, 3.25], "texture": "#0"},
				"up": {"uv": [4, 2, 4.43, 3.25], "texture": "#0"},
				"down": {"uv": [4, 2, 4.43, 3.25], "texture": "#0"}
			}
		},
		{
			"from": [8.6375, -7.46852, 8.66542],
			"to": [8.825, -7.09352, 8.82667],
			"rotation": {"angle": 0, "axis": "y", "origin": [11.7875, -4.65602, 11.59042]},
			"faces": {
				"north": {"uv": [4, 2, 4.5, 3], "texture": "#0"},
				"east": {"uv": [4, 2, 4.5, 3], "texture": "#0"},
				"south": {"uv": [4, 2, 4.5, 3], "texture": "#0"},
				"west": {"uv": [4, 2, 4.5, 3], "texture": "#0"},
				"up": {"uv": [4, 2, 4.5, 3], "texture": "#0"},
				"down": {"uv": [4, 2, 4.5, 3], "texture": "#0"}
			}
		},
		{
			"from": [7.20452, -6.95734, 8.66375],
			"to": [7.63577, -6.58234, 8.825],
			"rotation": {"angle": 22.5, "axis": "z", "origin": [8.02952, -6.76984, 8.74438]},
			"faces": {
				"north": {"uv": [4, 2, 5, 3], "texture": "#0"},
				"east": {"uv": [4, 2, 5, 3], "texture": "#0"},
				"south": {"uv": [4, 2, 5, 3], "texture": "#0"},
				"west": {"uv": [4, 2, 5, 3], "texture": "#0"},
				"up": {"uv": [4, 2, 5, 3], "texture": "#0"},
				"down": {"uv": [4, 2, 5, 3], "texture": "#0"}
			}
		},
		{
			"from": [8.31784, -7.1903, 8.66542],
			"to": [8.74909, -6.8153, 8.82667],
			"rotation": {"angle": -22.5, "axis": "z", "origin": [8.53346, -7.0028, 8.74605]},
			"faces": {
				"north": {"uv": [0, 0, 1.15, 1], "texture": "#missing"},
				"east": {"uv": [0, 0, 0.43, 1], "texture": "#missing"},
				"south": {"uv": [4, 2, 5, 3], "texture": "#0"},
				"west": {"uv": [0, 0, 0.43, 1], "texture": "#missing"},
				"up": {"uv": [0, 0, 1.15, 0.43], "texture": "#missing"},
				"down": {"uv": [0, 0, 1.15, 0.43], "texture": "#missing"}
			}
		},
		{
			"from": [7.175, -11.61022, 8.17913],
			"to": [8.825, -8.89147, 8.55413],
			"rotation": {"angle": 22.5, "axis": "x", "origin": [7.2125, -9.2196, 8.36663]},
			"faces": {
				"north": {"uv": [4, 1, 5, 1.25], "texture": "#0"},
				"east": {"uv": [4, 1, 5, 1.25], "texture": "#0"},
				"south": {"uv": [4, 1, 5, 1.25], "texture": "#0"},
				"west": {"uv": [4, 1, 5, 1.25], "texture": "#0"},
				"up": {"uv": [4, 1, 5, 1.25], "texture": "#0"},
				"down": {"uv": [4, 1, 5, 1.25], "texture": "#0"}
			}
		},
		{
			"from": [7.25, -14.3125, 7.25],
			"to": [8.75, -11.6875, 8.75],
			"rotation": {"angle": 0, "axis": "y", "origin": [10.25, -11.40625, 10.25]},
			"faces": {
				"north": {"uv": [15, 0, 16, 2], "texture": "#0"},
				"east": {"uv": [15, 0, 16, 2], "texture": "#0"},
				"south": {"uv": [15, 0, 16, 2], "texture": "#0"},
				"west": {"uv": [15, 0, 16, 2], "texture": "#0"},
				"up": {"uv": [15, 0, 16, 2], "texture": "#0"},
				"down": {"uv": [15, 0, 16, 2], "texture": "#0"}
			}
		},
		{
			"from": [7.90625, -14.21875, 7.2125],
			"to": [8.09375, -11.78125, 8.7875],
			"rotation": {"angle": 0, "axis": "y", "origin": [10.625, -11.40625, 10.25]},
			"faces": {
				"north": {"uv": [14, 0, 15, 1.5], "texture": "#0"},
				"east": {"uv": [14, 0, 15, 1.5], "texture": "#0"},
				"south": {"uv": [14, 0, 15, 1.5], "texture": "#0"},
				"west": {"uv": [14, 0, 15, 1.5], "texture": "#0"},
				"up": {"uv": [14, 0, 15, 1.5], "texture": "#0"},
				"down": {"uv": [14, 0, 15, 1.5], "texture": "#0"}
			}
		},
		{
			"from": [8.28125, -14.21875, 7.2125],
			"to": [8.46875, -11.78125, 8.7875],
			"rotation": {"angle": 0, "axis": "y", "origin": [11, -11.40625, 10.25]},
			"faces": {
				"north": {"uv": [14, 0, 14.5, 1.5], "texture": "#0"},
				"east": {"uv": [14, 0, 14.5, 1.5], "texture": "#0"},
				"south": {"uv": [14, 0, 14.5, 1.5], "texture": "#0"},
				"west": {"uv": [14, 0, 14.5, 1.5], "texture": "#0"},
				"up": {"uv": [14, 0, 14.5, 1.5], "texture": "#0"},
				"down": {"uv": [14, 0, 14.5, 1.5], "texture": "#0"}
			}
		},
		{
			"from": [8.28125, -11.5, 8.7125],
			"to": [8.46875, -6.8125, 8.7875],
			"rotation": {"angle": 0, "axis": "y", "origin": [11, -8.78125, 11.75]},
			"faces": {
				"north": {"uv": [14, 0, 14.5, 1.5], "texture": "#0"},
				"east": {"uv": [14, 0, 14.5, 1.5], "texture": "#0"},
				"south": {"uv": [14, 0, 14.5, 1.5], "texture": "#0"},
				"west": {"uv": [14, 0, 14.5, 1.5], "texture": "#0"},
				"up": {"uv": [14, 0, 14.5, 1.5], "texture": "#0"},
				"down": {"uv": [14, 0, 14.5, 1.5], "texture": "#0"}
			}
		},
		{
			"from": [7.90625, -11.5, 8.7125],
			"to": [8.09375, -6.8125, 8.7875],
			"rotation": {"angle": 0, "axis": "y", "origin": [10.625, -8.78125, 11.75]},
			"faces": {
				"north": {"uv": [14, 0, 14.5, 1.5], "texture": "#0"},
				"east": {"uv": [14, 0, 14.5, 1.5], "texture": "#0"},
				"south": {"uv": [14, 0, 14.5, 1.5], "texture": "#0"},
				"west": {"uv": [14, 0, 14.5, 1.5], "texture": "#0"},
				"up": {"uv": [14, 0, 14.5, 1.5], "texture": "#0"},
				"down": {"uv": [14, 0, 14.5, 1.5], "texture": "#0"}
			}
		},
		{
			"from": [7.53125, -11.5, 8.7125],
			"to": [7.71875, -6.8125, 8.7875],
			"rotation": {"angle": 0, "axis": "y", "origin": [10.25, -8.78125, 11.75]},
			"faces": {
				"north": {"uv": [14, 0, 14.5, 1.5], "texture": "#0"},
				"east": {"uv": [14, 0, 14.5, 1.5], "texture": "#0"},
				"south": {"uv": [14, 0, 14.5, 1.5], "texture": "#0"},
				"west": {"uv": [14, 0, 14.5, 1.5], "texture": "#0"},
				"up": {"uv": [14, 0, 14.5, 1.5], "texture": "#0"},
				"down": {"uv": [14, 0, 14.5, 1.5], "texture": "#0"}
			}
		},
		{
			"from": [7.53125, -14.21875, 7.2125],
			"to": [7.71875, -11.78125, 8.7875],
			"rotation": {"angle": 0, "axis": "y", "origin": [10.25, -11.40625, 10.25]},
			"faces": {
				"north": {"uv": [14, 0, 14.5, 1.5], "texture": "#0"},
				"east": {"uv": [14, 0, 14.5, 1.5], "texture": "#0"},
				"south": {"uv": [14, 0, 14.5, 1.5], "texture": "#0"},
				"west": {"uv": [14, 0, 14.5, 1.5], "texture": "#0"},
				"up": {"uv": [14, 0, 14.5, 1.5], "texture": "#0"},
				"down": {"uv": [14, 0, 14.5, 1.5], "texture": "#0"}
			}
		},
		{
			"from": [7.2125, -14.21875, 7.90625],
			"to": [8.7875, -11.78125, 8.09375],
			"rotation": {"angle": 0, "axis": "y", "origin": [10.625, -11.40625, 10.25]},
			"faces": {
				"north": {"uv": [14, 0, 14.5, 1.5], "texture": "#0"},
				"east": {"uv": [14, 0, 14.5, 1.5], "texture": "#0"},
				"south": {"uv": [14, 0, 14.5, 1.5], "texture": "#0"},
				"west": {"uv": [14, 0, 14.5, 1.5], "texture": "#0"},
				"up": {"uv": [14, 0, 14.5, 1.5], "texture": "#0"},
				"down": {"uv": [14, 0, 14.5, 1.5], "texture": "#0"}
			}
		},
		{
			"from": [7.2125, -11.5, 8.28125],
			"to": [8.7875, -8.6875, 8.46875],
			"rotation": {"angle": 0, "axis": "y", "origin": [10.625, -8.78125, 10.625]},
			"faces": {
				"north": {"uv": [14, 0, 15, 1.5], "texture": "#0"},
				"east": {"uv": [14, 0, 15, 1.5], "texture": "#0"},
				"south": {"uv": [14, 0, 15, 1.5], "texture": "#0"},
				"west": {"uv": [14, 0, 15, 1.5], "texture": "#0"},
				"up": {"uv": [14, 0, 15, 1.5], "texture": "#0"},
				"down": {"uv": [14, 0, 15, 1.5], "texture": "#0"}
			}
		},
		{
			"from": [7.2125, -11.5, 7.90625],
			"to": [8.7875, -10.1875, 8.09375],
			"rotation": {"angle": 0, "axis": "y", "origin": [10.625, -8.78125, 10.25]},
			"faces": {
				"north": {"uv": [14, 0, 15, 2], "texture": "#0"},
				"east": {"uv": [14, 0, 15, 2], "texture": "#0"},
				"south": {"uv": [14, 0, 15, 2], "texture": "#0"},
				"west": {"uv": [14, 0, 15, 2], "texture": "#0"},
				"up": {"uv": [14, 0, 15, 2], "texture": "#0"},
				"down": {"uv": [14, 0, 15, 2], "texture": "#0"}
			}
		},
		{
			"from": [7.2125, -14.21875, 8.28125],
			"to": [8.7875, -11.78125, 8.46875],
			"rotation": {"angle": 0, "axis": "y", "origin": [10.625, -11.40625, 10.625]},
			"faces": {
				"north": {"uv": [14, 0, 15, 2], "texture": "#0"},
				"east": {"uv": [14, 0, 15, 2], "texture": "#0"},
				"south": {"uv": [14, 0, 15, 2], "texture": "#0"},
				"west": {"uv": [14, 0, 15, 2], "texture": "#0"},
				"up": {"uv": [14, 0, 15, 2], "texture": "#0"},
				"down": {"uv": [14, 0, 15, 2], "texture": "#0"}
			}
		},
		{
			"from": [7.2125, -14.21875, 7.53125],
			"to": [8.7875, -11.78125, 7.71875],
			"rotation": {"angle": 0, "axis": "y", "origin": [10.625, -11.40625, 9.875]},
			"faces": {
				"north": {"uv": [14, 0, 14.5, 1.5], "texture": "#0"},
				"east": {"uv": [14, 0, 14.5, 1.5], "texture": "#0"},
				"south": {"uv": [14, 0, 14.5, 1.5], "texture": "#0"},
				"west": {"uv": [14, 0, 14.5, 1.5], "texture": "#0"},
				"up": {"uv": [14, 0, 14.5, 1.5], "texture": "#0"},
				"down": {"uv": [14, 0, 14.5, 1.5], "texture": "#0"}
			}
		},
		{
			"from": [7.4375, -16, 7.4375],
			"to": [8.5625, -15.90625, 8.5625],
			"rotation": {"angle": 0, "axis": "y", "origin": [8, -13, 8]},
			"faces": {
				"north": {"uv": [2, 5, 5, 6], "texture": "#0"},
				"east": {"uv": [2, 5, 5, 6], "texture": "#0"},
				"south": {"uv": [2, 5, 5, 6], "texture": "#0"},
				"west": {"uv": [2, 5, 5, 6], "texture": "#0"},
				"up": {"uv": [2, 5, 5, 6], "texture": "#0"},
				"down": {"uv": [2, 3, 5, 6], "texture": "#0"}
			}
		},
		{
			"from": [7.2, -15.90625, 7.2],
			"to": [8.8, -14.40625, 8.8],
			"rotation": {"angle": 0, "axis": "y", "origin": [8, -13, 8]},
			"faces": {
				"north": {"uv": [2, 1, 6, 5], "texture": "#0"},
				"east": {"uv": [2, 1, 6, 5], "texture": "#0"},
				"south": {"uv": [2, 1, 6, 5], "texture": "#0"},
				"west": {"uv": [2, 1, 6, 5], "texture": "#0"},
				"up": {"uv": [2, 1, 6, 5], "texture": "#0"},
				"down": {"uv": [2, 1, 6, 5], "texture": "#0"}
			}
		},
		{
			"from": [7.71875, -15.71875, 7.125],
			"to": [8.28125, -14.59375, 8.875],
			"rotation": {"angle": 0, "axis": "y", "origin": [8.375, -13, 8]},
			"faces": {
				"north": {"uv": [0, 3, 2, 6], "texture": "#0"},
				"east": {"uv": [0, 3, 2, 6], "texture": "#0"},
				"south": {"uv": [0, 3, 2, 6], "texture": "#0"},
				"west": {"uv": [0, 3, 2, 6], "texture": "#0"},
				"up": {"uv": [0, 3, 2, 6], "texture": "#0"},
				"down": {"uv": [0, 3, 2, 6], "texture": "#0"}
			}
		},
		{
			"from": [7.125, -15.71875, 7.71875],
			"to": [8.875, -14.59375, 8.28125],
			"rotation": {"angle": 0, "axis": "y", "origin": [8.375, -13, 8]},
			"faces": {
				"north": {"uv": [0, 3, 2, 6], "texture": "#0"},
				"east": {"uv": [0, 3, 2, 6], "texture": "#0"},
				"south": {"uv": [0, 3, 2, 6], "texture": "#0"},
				"west": {"uv": [0, 3, 2, 6], "texture": "#0"},
				"up": {"uv": [0, 3, 2, 6], "texture": "#0"},
				"down": {"uv": [0, 3, 2, 6], "texture": "#0"}
			}
		}
	],
	"display": {
		"thirdperson_righthand": {
			"rotation": [0, -180, 0],
			"translation": [0, 12, 1.25],
			"scale": [0.8, 0.8, 0.8]
		},
		"thirdperson_lefthand": {
			"rotation": [0, -180, 0],
			"translation": [0, 12, 1.25],
			"scale": [0.8, 0.8, 0.8]
		},
		"firstperson_righthand": {
			"rotation": [0, 150, 0],
			"translation": [1.5, 16, 0]
		},
		"firstperson_lefthand": {
			"rotation": [0, 150, 0],
			"translation": [1.5, 16, 0]
		},
		"ground": {
			"rotation": [-85, -125, 0],
			"translation": [0, -1.5, 0]
		},
		"gui": {
			"rotation": [0, -180, 45],
			"translation": [0, 0.25, 0],
			"scale": [0.5, 0.5, 0.5]
		},
		"fixed": {
			"rotation": [0, 0, 45],
			"scale": [0.6, 0.6, 0.6]
		}
	},
	"groups": [
		{
			"name": "Blade",
			"origin": [8, 8, 8],
			"children": [0, 1, 2, 3, 4, 5, 6, 7]
		},
		{
			"name": "Emitter",
			"origin": [8, 8, 8],
			"children": [8, 9, 10, 11, 12, 13, 14, 15, 16]
		},
		{
			"name": "Handle",
			"origin": [8, 8, 8],
			"children": [17, 18, 19, 20, 21, 22, 23, 24, 25, 26, 27, 28, 29, 30, 31, 32, 33, 34, 35, 36, 37, 38, 39, 40, 41, 42, 43, 44, 45, 46, 47, 48, 49, 50, 51, 52, 53, 54, 55, 56, 57, 58, 59, 60, 61]
		},
		{
			"name": "Pommel",
			"origin": [8, 8, 8],
			"children": [62, 63, 64, 65]
		}
	]
}