{
	"credit": "Made with Blockbench",
	"textures": {
		"0": "skywalker",
		"1": "blue_blade",
		"particle": "skywalker"
	},
	"elements": [
		{
			"from": [8, -3.625, 7.625],
			"to": [8, 28.375, 8.375],
			"rotation": {"angle": -22.5, "axis": "y", "origin": [8, 12.375, 8]},
			"faces": {
				"north": {"uv": [0, 0, 16, 16], "texture": "#1"},
				"east": {"uv": [0, 0, 16, 16], "texture": "#1"},
				"south": {"uv": [0, 0, 16, 16], "texture": "#1"},
				"west": {"uv": [0, 0, 16, 16], "texture": "#1"},
				"up": {"uv": [0, 0, 16, 16], "texture": "#1"},
				"down": {"uv": [0, 0, 16, 16], "texture": "#1"}
			}
		},
		{
			"from": [8, -3.625, 7.625],
			"to": [8, 28.375, 8.375],
			"rotation": {"angle": -45, "axis": "y", "origin": [8, 12.375, 8]},
			"faces": {
				"north": {"uv": [0, 0, 16, 16], "texture": "#1"},
				"east": {"uv": [0, 0, 16, 16], "texture": "#1"},
				"south": {"uv": [0, 0, 16, 16], "texture": "#1"},
				"west": {"uv": [0, 0, 16, 16], "texture": "#1"},
				"up": {"uv": [0, 0, 16, 16], "texture": "#1"},
				"down": {"uv": [0, 0, 16, 16], "texture": "#1"}
			}
		},
		{
			"from": [7.625, -3.625, 8],
			"to": [8.375, 28.375, 8],
			"rotation": {"angle": 22.5, "axis": "y", "origin": [8, 12.375, 8]},
			"faces": {
				"north": {"uv": [0, 0, 16, 16], "texture": "#1"},
				"east": {"uv": [0, 0, 16, 16], "texture": "#1"},
				"south": {"uv": [0, 0, 16, 16], "texture": "#1"},
				"west": {"uv": [0, 0, 16, 16], "texture": "#1"},
				"up": {"uv": [0, 0, 16, 16], "texture": "#1"},
				"down": {"uv": [0, 0, 16, 16], "texture": "#1"}
			}
		},
		{
			"from": [7.625, -3.625, 8],
			"to": [8.375, 28.375, 8],
			"rotation": {"angle": 0, "axis": "y", "origin": [8, 12.375, 8]},
			"faces": {
				"north": {"uv": [0, 0, 16, 16], "texture": "#1"},
				"east": {"uv": [0, 0, 16, 16], "texture": "#1"},
				"south": {"uv": [0, 0, 16, 16], "texture": "#1"},
				"west": {"uv": [0, 0, 16, 16], "texture": "#1"},
				"up": {"uv": [0, 0, 16, 16], "texture": "#1"},
				"down": {"uv": [0, 0, 16, 16], "texture": "#1"}
			}
		},
		{
			"from": [7.625, -3.625, 8],
			"to": [8.375, 28.375, 8],
			"rotation": {"angle": -22.5, "axis": "y", "origin": [8, 12.375, 8]},
			"faces": {
				"north": {"uv": [0, 0, 16, 16], "texture": "#1"},
				"east": {"uv": [0, 0, 16, 16], "texture": "#1"},
				"south": {"uv": [0, 0, 16, 16], "texture": "#1"},
				"west": {"uv": [0, 0, 16, 16], "texture": "#1"},
				"up": {"uv": [0, 0, 16, 16], "texture": "#1"},
				"down": {"uv": [0, 0, 16, 16], "texture": "#1"}
			}
		},
		{
			"from": [7.625, -3.625, 8],
			"to": [8.375, 28.375, 8],
			"rotation": {"angle": -45, "axis": "y", "origin": [8, 12.375, 8]},
			"faces": {
				"north": {"uv": [0, 0, 16, 16], "texture": "#1"},
				"east": {"uv": [0, 0, 16, 16], "texture": "#1"},
				"south": {"uv": [0, 0, 16, 16], "texture": "#1"},
				"west": {"uv": [0, 0, 16, 16], "texture": "#1"},
				"up": {"uv": [0, 0, 16, 16], "texture": "#1"},
				"down": {"uv": [0, 0, 16, 16], "texture": "#1"}
			}
		},
		{
			"from": [8, -3.625, 7.625],
			"to": [8, 28.375, 8.375],
			"rotation": {"angle": 22.5, "axis": "y", "origin": [8, 12.375, 8]},
			"faces": {
				"north": {"uv": [0, 0, 16, 16], "texture": "#1"},
				"east": {"uv": [0, 0, 16, 16], "texture": "#1"},
				"south": {"uv": [0, 0, 16, 16], "texture": "#1"},
				"west": {"uv": [0, 0, 16, 16], "texture": "#1"},
				"up": {"uv": [0, 0, 16, 16], "texture": "#1"},
				"down": {"uv": [0, 0, 16, 16], "texture": "#1"}
			}
		},
		{
			"from": [8, -3.625, 7.625],
			"to": [8, 28.375, 8.375],
			"rotation": {"angle": 0, "axis": "y", "origin": [8, 12.375, 8]},
			"faces": {
				"north": {"uv": [0, 0, 16, 16], "texture": "#1"},
				"east": {"uv": [0, 0, 16, 16], "texture": "#1"},
				"south": {"uv": [0, 0, 16, 16], "texture": "#1"},
				"west": {"uv": [0, 0, 16, 16], "texture": "#1"},
				"up": {"uv": [0, 0, 16, 16], "texture": "#1"},
				"down": {"uv": [0, 0, 16, 16], "texture": "#1"}
			}
		},
		{
			"from": [7.4375, -15.8075, 6.875],
			"to": [8.5625, -10.9325, 9.125],
			"rotation": {"angle": 0, "axis": "y", "origin": [9, -13.75, 9]},
			"faces": {
				"north": {"uv": [0, 0, 1, 10], "texture": "#0"},
				"east": {"uv": [0, 0, 1, 10], "texture": "#0"},
				"south": {"uv": [0, 0, 1, 10], "texture": "#0"},
				"west": {"uv": [0, 0, 1, 10], "texture": "#0"},
				"up": {"uv": [0, 0, 1, 10], "texture": "#0"},
				"down": {"uv": [0, 0, 1, 10], "texture": "#0"}
			}
		},
		{
			"from": [6.875, -15.8075, 7.4375],
			"to": [9.125, -10.9325, 8.5625],
			"rotation": {"angle": 0, "axis": "y", "origin": [9, -13.75, 8.5]},
			"faces": {
				"north": {"uv": [0, 0, 1, 10], "texture": "#0"},
				"east": {"uv": [0, 0, 1, 10], "texture": "#0"},
				"south": {"uv": [0, 0, 1, 10], "texture": "#0"},
				"west": {"uv": [0, 0, 1, 10], "texture": "#0"},
				"up": {"uv": [0, 0, 1, 4], "texture": "#0"},
				"down": {"uv": [0, 0, 1, 4], "texture": "#0"}
			}
		},
		{
			"from": [7, -15.75, 7],
			"to": [9, -11, 9],
			"rotation": {"angle": 0, "axis": "y", "origin": [8, -13.75, 8]},
			"faces": {
				"north": {"uv": [14, 0, 16, 2], "texture": "#0"},
				"east": {"uv": [14, 0, 16, 2], "texture": "#0"},
				"south": {"uv": [14, 0, 16, 2], "texture": "#0"},
				"west": {"uv": [14, 0, 16, 2], "texture": "#0"},
				"up": {"uv": [14, 0, 16, 2], "texture": "#0"},
				"down": {"uv": [14, 0, 16, 2], "texture": "#0"}
			}
		},
		{
			"from": [7, -15.75, 7],
			"to": [9, -11, 9],
			"rotation": {"angle": -45, "axis": "y", "origin": [8, -13.75, 8]},
			"faces": {
				"north": {"uv": [14, 0, 16, 2], "texture": "#0"},
				"east": {"uv": [14, 0, 16, 2], "texture": "#0"},
				"south": {"uv": [14, 0, 16, 2], "texture": "#0"},
				"west": {"uv": [14, 0, 16, 2], "texture": "#0"},
				"up": {"uv": [14, 0, 16, 2], "texture": "#0"},
				"down": {"uv": [14, 0, 16, 2], "texture": "#0"}
			}
		},
		{
			"from": [7.125, -16, 7.125],
			"to": [8.875, -5, 8.875],
			"rotation": {"angle": 0, "axis": "y", "origin": [11, -12, 11]},
			"faces": {
				"north": {"uv": [1, 1, 5, 15], "texture": "#0"},
				"east": {"uv": [1, 1, 5, 15], "texture": "#0"},
				"south": {"uv": [1, 1, 5, 15], "texture": "#0"},
				"west": {"uv": [1, 1, 5, 15], "texture": "#0"},
				"up": {"uv": [1, 1, 5, 15], "texture": "#0"},
				"down": {"uv": [1, 1, 5, 5], "texture": "#0"}
			}
		},
		{
			"from": [6.625, -10, 7.75],
			"to": [7, -8.5, 8.25],
			"rotation": {"angle": 0, "axis": "y", "origin": [9.375, -10, 10.375]},
			"faces": {
				"north": {"uv": [14, 0, 16, 2], "texture": "#0"},
				"east": {"uv": [14, 0, 16, 2], "texture": "#0"},
				"south": {"uv": [14, 0, 16, 2], "texture": "#0"},
				"west": {"uv": [14, 0, 16, 2], "texture": "#0"},
				"up": {"uv": [14, 0, 16, 2], "texture": "#0"},
				"down": {"uv": [14, 0, 16, 2], "texture": "#0"}
			}
		},
		{
			"from": [7, -10.25, 7.5],
			"to": [7.125, -10, 8.5],
			"rotation": {"angle": 0, "axis": "y", "origin": [10.5, -11.25, 10]},
			"faces": {
				"north": {"uv": [0, 0, 2, 0.5], "texture": "#0"},
				"east": {"uv": [0, 0, 2, 0.5], "texture": "#0"},
				"south": {"uv": [0, 0, 2, 0.5], "texture": "#0"},
				"west": {"uv": [0, 0, 2, 0.5], "texture": "#0"},
				"up": {"uv": [0, 0, 2, 0.5], "texture": "#0"},
				"down": {"uv": [0, 0, 2, 0.5], "texture": "#0"}
			}
		},
		{
			"from": [7.625, -6, 7],
			"to": [8.375, -5.25, 7.125],
			"rotation": {"angle": 0, "axis": "y", "origin": [11, -6, 9]},
			"faces": {
				"north": {"uv": [14, 14, 16, 16], "texture": "#0"},
				"east": {"uv": [14, 14, 16, 16], "texture": "#0"},
				"south": {"uv": [14, 14, 16, 16], "texture": "#0"},
				"west": {"uv": [14, 14, 16, 16], "texture": "#0"},
				"up": {"uv": [14, 14, 16, 16], "texture": "#0"},
				"down": {"uv": [14, 14, 16, 16], "texture": "#0"}
			}
		},
		{
			"from": [7, -8.5, 7.5],
			"to": [7.125, -8.25, 8.5],
			"rotation": {"angle": 0, "axis": "y", "origin": [10.5, -9.5, 10]},
			"faces": {
				"north": {"uv": [0, 0, 2, 0.5], "texture": "#0"},
				"east": {"uv": [0, 0, 2, 0.5], "texture": "#0"},
				"south": {"uv": [0, 0, 2, 0.5], "texture": "#0"},
				"west": {"uv": [0, 0, 2, 0.5], "texture": "#0"},
				"up": {"uv": [0, 0, 2, 0.5], "texture": "#0"},
				"down": {"uv": [0, 0, 2, 0.5], "texture": "#0"}
			}
		},
		{
			"from": [7, -10, 7],
			"to": [9, -8.5, 9],
			"rotation": {"angle": 0, "axis": "y", "origin": [11, -10, 11]},
			"faces": {
				"north": {"uv": [12, 13, 16, 16], "texture": "#0"},
				"east": {"uv": [12, 13, 16, 16], "texture": "#0"},
				"south": {"uv": [12, 13, 16, 16], "texture": "#0"},
				"west": {"uv": [12, 13, 16, 16], "texture": "#0"},
				"up": {"uv": [12, 13, 16, 16], "texture": "#0"},
				"down": {"uv": [12, 13, 16, 16], "texture": "#0"}
			}
		},
		{
			"from": [7.55, -5, 7.55],
			"to": [8.45, -3.625, 8.45],
			"rotation": {"angle": 0, "axis": "y", "origin": [11.5, -10, 10]},
			"faces": {
				"north": {"uv": [12, 14, 14, 16], "texture": "#0"},
				"east": {"uv": [14, 14, 16, 16], "texture": "#0"},
				"south": {"uv": [14, 14, 16, 16], "texture": "#0"},
				"west": {"uv": [14, 14, 16, 16], "texture": "#0"},
				"up": {"uv": [14, 14, 16, 16], "texture": "#0"},
				"down": {"uv": [14, 14, 16, 16], "texture": "#0"}
			}
		},
		{
			"from": [7.69375, -4.5625, 9],
			"to": [8.31875, -3.9375, 9.25],
			"rotation": {"angle": 0, "axis": "y", "origin": [11, -5, 11.375]},
			"faces": {
				"north": {"uv": [1.375, 1.375, 1.875, 2.625], "texture": "#0"},
				"east": {"uv": [1.375, 1.375, 1.875, 2.625], "texture": "#0"},
				"south": {"uv": [1.375, 1.375, 1.875, 2.625], "texture": "#0"},
				"west": {"uv": [1.375, 1.375, 1.875, 2.625], "texture": "#0"},
				"up": {"uv": [1.375, 1.375, 1.875, 2.625], "texture": "#0"},
				"down": {"uv": [1.375, 1.375, 1.875, 2.625], "texture": "#0"}
			}
		},
		{
			"from": [8.5, -5, 7.5],
			"to": [8.875, -4.193, 8.5],
			"rotation": {"angle": 0, "axis": "y", "origin": [12.375, -10, 9.875]},
			"faces": {
				"north": {"uv": [1, 1, 3, 3], "texture": "#0"},
				"east": {"uv": [1, 1, 3, 3], "texture": "#0"},
				"south": {"uv": [1, 1, 3, 3], "texture": "#0"},
				"west": {"uv": [1, 1, 3, 3], "texture": "#0"},
				"up": {"uv": [1, 1, 3, 3], "texture": "#0"},
				"down": {"uv": [1, 1, 3, 3], "texture": "#0"}
			}
		},
		{
			"from": [8.5, -4.193, 7.5],
			"to": [8.875, -3.693, 8.5],
			"rotation": {"angle": 0, "axis": "y", "origin": [12.375, -9.193, 9.875]},
			"faces": {
				"north": {"uv": [0, 1, 2, 2], "texture": "#0"},
				"east": {"uv": [0, 1, 2, 2], "texture": "#0"},
				"south": {"uv": [0, 1, 2, 2], "texture": "#0"},
				"west": {"uv": [0, 1, 2, 2], "texture": "#0"},
				"up": {"uv": [0, 1, 2, 2], "texture": "#0"},
				"down": {"uv": [0, 1, 2, 2], "texture": "#0"}
			}
		},
		{
			"from": [8.5, -3.693, 7.7],
			"to": [8.875, -3.193, 8.5],
			"rotation": {"angle": 0, "axis": "y", "origin": [12.375, -8.693, 10.075]},
			"faces": {
				"north": {"uv": [0, 1, 2, 2], "texture": "#0"},
				"east": {"uv": [0, 1, 2, 2], "texture": "#0"},
				"south": {"uv": [0, 1, 2, 2], "texture": "#0"},
				"west": {"uv": [0, 1, 2, 2], "texture": "#0"},
				"up": {"uv": [0, 1, 2, 2], "texture": "#0"},
				"down": {"uv": [0, 1, 2, 2], "texture": "#0"}
			}
		},
		{
			"from": [8.5, -3.193, 8.2],
			"to": [8.875, -2.643, 8.5],
			"rotation": {"angle": 0, "axis": "y", "origin": [12.375, -8.193, 10.075]},
			"faces": {
				"north": {"uv": [1, 1, 2, 3], "texture": "#0"},
				"east": {"uv": [1, 1, 2, 3], "texture": "#0"},
				"south": {"uv": [1, 1, 2, 3], "texture": "#0"},
				"west": {"uv": [1, 1, 2, 3], "texture": "#0"},
				"up": {"uv": [1, 1, 2, 3], "texture": "#0"},
				"down": {"uv": [1, 1, 2, 3], "texture": "#0"}
			}
		},
		{
			"from": [8.5, -3.193, 7.9],
			"to": [8.875, -2.943, 8.2],
			"rotation": {"angle": 0, "axis": "y", "origin": [12.375, -8.193, 9.775]},
			"faces": {
				"north": {"uv": [1, 1, 2, 2], "texture": "#0"},
				"east": {"uv": [1, 1, 2, 2], "texture": "#0"},
				"south": {"uv": [1, 1, 2, 2], "texture": "#0"},
				"west": {"uv": [1, 1, 2, 2], "texture": "#0"},
				"up": {"uv": [1, 1, 2, 2], "texture": "#0"},
				"down": {"uv": [1, 1, 2, 2], "texture": "#0"}
			}
		},
		{
			"from": [7.125, -3.193, 8.2],
			"to": [7.5, -2.643, 8.5],
			"rotation": {"angle": 0, "axis": "y", "origin": [11, -8.193, 10.075]},
			"faces": {
				"north": {"uv": [1, 1, 2, 3], "texture": "#0"},
				"east": {"uv": [1, 1, 2, 3], "texture": "#0"},
				"south": {"uv": [1, 1, 2, 3], "texture": "#0"},
				"west": {"uv": [1, 1, 2, 3], "texture": "#0"},
				"up": {"uv": [1, 1, 2, 3], "texture": "#0"},
				"down": {"uv": [1, 1, 2, 3], "texture": "#0"}
			}
		},
		{
			"from": [7.125, -4.193, 7.5],
			"to": [7.5, -3.693, 8.5],
			"rotation": {"angle": 0, "axis": "y", "origin": [11, -9.193, 9.875]},
			"faces": {
				"north": {"uv": [1, 1, 3, 2], "texture": "#0"},
				"east": {"uv": [1, 1, 3, 2], "texture": "#0"},
				"south": {"uv": [1, 1, 3, 2], "texture": "#0"},
				"west": {"uv": [1, 1, 3, 2], "texture": "#0"},
				"up": {"uv": [1, 1, 3, 2], "texture": "#0"},
				"down": {"uv": [1, 1, 3, 2], "texture": "#0"}
			}
		},
		{
			"from": [7.125, -5, 7.5],
			"to": [7.5, -4.193, 8.5],
			"rotation": {"angle": 0, "axis": "y", "origin": [11, -10, 9.875]},
			"faces": {
				"north": {"uv": [1, 1, 3, 3], "texture": "#0"},
				"east": {"uv": [1, 1, 3, 3], "texture": "#0"},
				"south": {"uv": [1, 1, 3, 3], "texture": "#0"},
				"west": {"uv": [1, 1, 3, 3], "texture": "#0"},
				"up": {"uv": [1, 1, 3, 3], "texture": "#0"},
				"down": {"uv": [1, 1, 3, 3], "texture": "#0"}
			}
		},
		{
			"from": [7.125, -3.193, 7.9],
			"to": [7.5, -2.943, 8.2],
			"rotation": {"angle": 0, "axis": "y", "origin": [11, -8.193, 9.775]},
			"faces": {
				"north": {"uv": [1, 1, 2, 2], "texture": "#0"},
				"east": {"uv": [1, 1, 2, 2], "texture": "#0"},
				"south": {"uv": [1, 1, 2, 2], "texture": "#0"},
				"west": {"uv": [1, 1, 2, 2], "texture": "#0"},
				"up": {"uv": [1, 1, 2, 2], "texture": "#0"},
				"down": {"uv": [1, 1, 2, 2], "texture": "#0"}
			}
		},
		{
			"from": [7.125, -3.693, 7.7],
			"to": [7.5, -3.193, 8.5],
			"rotation": {"angle": 0, "axis": "y", "origin": [11, -8.693, 10.075]},
			"faces": {
				"north": {"uv": [1, 1, 3, 2], "texture": "#0"},
				"east": {"uv": [1, 1, 3, 2], "texture": "#0"},
				"south": {"uv": [1, 1, 3, 2], "texture": "#0"},
				"west": {"uv": [1, 1, 3, 2], "texture": "#0"},
				"up": {"uv": [1, 1, 3, 2], "texture": "#0"},
				"down": {"uv": [1, 1, 3, 2], "texture": "#0"}
			}
		},
		{
			"from": [7.125, -5, 7.125],
			"to": [8.875, -4.193, 7.5],
			"rotation": {"angle": 0, "axis": "y", "origin": [11, -10, 9.5]},
			"faces": {
				"north": {"uv": [1, 1, 5, 3], "texture": "#0"},
				"east": {"uv": [1, 1, 2, 3], "texture": "#0"},
				"south": {"uv": [1, 1, 5, 3], "texture": "#0"},
				"west": {"uv": [1, 1, 2, 3], "texture": "#0"},
				"up": {"uv": [1, 1, 5, 3], "texture": "#0"},
				"down": {"uv": [1, 1, 5, 3], "texture": "#0"}
			}
		},
		{
			"from": [7.125, -5, 8.5],
			"to": [8.875, -2.125, 8.875],
			"rotation": {"angle": 0, "axis": "y", "origin": [11, -10, 10.875]},
			"faces": {
				"north": {"uv": [1, 1, 4.5, 6.75], "texture": "#0"},
				"east": {"uv": [1.125, 1.125, 1.875, 6.875], "texture": "#0"},
				"south": {"uv": [1, 1, 4.5, 6.75], "texture": "#0"},
				"west": {"uv": [1, 1.125, 1.75, 6.875], "texture": "#0"},
				"up": {"uv": [1.25, 1, 4.75, 1.75], "texture": "#0"},
				"down": {"uv": [0, 0, 3.5, 0.75], "texture": "#missing"}
			}
		},
		{
			"from": [7.125, -4.26875, 7.25989],
			"to": [7.5, -2.98775, 7.63489],
			"rotation": {"angle": 22.5, "axis": "x", "origin": [7, -3.89375, 7.38489]},
			"faces": {
				"north": {"uv": [1, 4, 4, 5], "rotation": 270, "texture": "#0"},
				"east": {"uv": [1, 1, 2, 2], "rotation": 270, "texture": "#0"},
				"south": {"uv": [1, 1, 2, 2], "rotation": 270, "texture": "#0"},
				"west": {"uv": [1, 1, 2, 2], "rotation": 270, "texture": "#0"},
				"up": {"uv": [1, 1, 2, 2], "rotation": 270, "texture": "#0"},
				"down": {"uv": [1, 1, 2, 2], "rotation": 270, "texture": "#0"}
			}
		},
		{
			"from": [7.125, -3.08211, 7.59467],
			"to": [7.5, -2.70711, 8.84467],
			"rotation": {"angle": -45, "axis": "x", "origin": [7, -2.83211, 7.96967]},
			"faces": {
				"north": {"uv": [1, 1, 2, 2], "texture": "#0"},
				"east": {"uv": [1, 1, 2, 2], "texture": "#0"},
				"south": {"uv": [1, 1, 2, 2], "texture": "#0"},
				"west": {"uv": [1, 1, 2, 2], "texture": "#0"},
				"up": {"uv": [1, 2, 2, 5], "texture": "#0"},
				"down": {"uv": [1, 1, 2, 2], "texture": "#0"}
			}
		},
		{
			"from": [8.5, -4.26875, 7.25989],
			"to": [8.875, -2.98775, 7.63489],
			"rotation": {"angle": 22.5, "axis": "x", "origin": [8.375, -3.89375, 7.38489]},
			"faces": {
				"north": {"uv": [1, 1, 2, 4], "rotation": 180, "texture": "#0"},
				"east": {"uv": [1, 1, 2, 2], "rotation": 180, "texture": "#0"},
				"south": {"uv": [1, 1, 2, 2], "rotation": 180, "texture": "#0"},
				"west": {"uv": [1, 1, 2, 2], "rotation": 180, "texture": "#0"},
				"up": {"uv": [1, 1, 2, 2], "rotation": 180, "texture": "#0"},
				"down": {"uv": [1, 1, 2, 2], "rotation": 180, "texture": "#0"}
			}
		},
		{
			"from": [8.175, -3.5, 9],
			"to": [8.425, -3, 9.75],
			"rotation": {"angle": 0, "axis": "y", "origin": [12, -3.5, 13]},
			"faces": {
				"north": {"uv": [1.25, 1, 2.75, 2], "texture": "#0"},
				"east": {"uv": [1.25, 1, 2.75, 2], "texture": "#0"},
				"south": {"uv": [1.25, 1, 2.75, 2], "texture": "#0"},
				"west": {"uv": [1.25, 1, 2.75, 2], "texture": "#0"},
				"up": {"uv": [1.25, 1, 2.75, 2], "texture": "#0"},
				"down": {"uv": [1.25, 1, 2.75, 2], "texture": "#0"}
			}
		},
		{
			"from": [7.725, -4.525, 9.25],
			"to": [8.275, -3.975, 9.375],
			"rotation": {"angle": 0, "axis": "y", "origin": [11, -5, 11.875]},
			"faces": {
				"north": {"uv": [13.25, 14.875, 13.5, 15.975], "texture": "#0"},
				"east": {"uv": [13.25, 14.875, 13.5, 15.975], "texture": "#0"},
				"south": {"uv": [13.25, 14.875, 13.5, 15.975], "texture": "#0"},
				"west": {"uv": [13.25, 14.875, 13.5, 15.975], "texture": "#0"},
				"up": {"uv": [13.25, 14.875, 13.5, 15.975], "texture": "#0"},
				"down": {"uv": [13.25, 14.875, 13.5, 15.975], "texture": "#0"}
			}
		},
		{
			"from": [7.69375, -4.5625, 9.375],
			"to": [8.31875, -3.9375, 9.5],
			"rotation": {"angle": 0, "axis": "y", "origin": [11, -5, 11.875]},
			"faces": {
				"north": {"uv": [1.25, 1.25, 2.5, 2.5], "texture": "#0"},
				"east": {"uv": [1.25, 1.25, 2.5, 2.5], "texture": "#0"},
				"south": {"uv": [1.25, 1.25, 2.5, 2.5], "texture": "#0"},
				"west": {"uv": [1.25, 1.25, 2.5, 2.5], "texture": "#0"},
				"up": {"uv": [1.25, 1.25, 2.5, 2.5], "texture": "#0"},
				"down": {"uv": [1.25, 1.25, 2.5, 2.5], "texture": "#0"}
			}
		},
		{
			"from": [7.625, -3.5, 9],
			"to": [7.875, -3, 9.75],
			"rotation": {"angle": 0, "axis": "y", "origin": [11.5, -3.5, 13]},
			"faces": {
				"north": {"uv": [1.125, 1, 2.625, 2], "texture": "#0"},
				"east": {"uv": [1.125, 1, 2.625, 2], "texture": "#0"},
				"south": {"uv": [1.125, 1, 2.625, 2], "texture": "#0"},
				"west": {"uv": [1.125, 1, 2.625, 2], "texture": "#0"},
				"up": {"uv": [1.125, 1, 2.625, 2], "texture": "#0"},
				"down": {"uv": [1.125, 1, 2.625, 2], "texture": "#0"}
			}
		},
		{
			"from": [7.69375, -4.5625, 9.625],
			"to": [8.31875, -3.9375, 9.75],
			"rotation": {"angle": 0, "axis": "y", "origin": [11, -5, 12.375]},
			"faces": {
				"north": {"uv": [1.375, 1.25, 2.625, 2.5], "texture": "#0"},
				"east": {"uv": [1.375, 1.25, 2.625, 2.5], "texture": "#0"},
				"south": {"uv": [1.375, 1.25, 2.625, 2.5], "texture": "#0"},
				"west": {"uv": [1.375, 1.25, 2.625, 2.5], "texture": "#0"},
				"up": {"uv": [1.375, 1.25, 2.625, 2.5], "texture": "#0"},
				"down": {"uv": [1.375, 1.25, 2.625, 2.5], "texture": "#0"}
			}
		},
		{
			"from": [7.725, -4.525, 9.75],
			"to": [8.275, -3.975, 9.875],
			"rotation": {"angle": 0, "axis": "y", "origin": [11, -5, 12.375]},
			"faces": {
				"north": {"uv": [14.875, 14.875, 15.975, 15.975], "texture": "#0"},
				"east": {"uv": [14.875, 14.875, 15.975, 15.975], "texture": "#0"},
				"south": {"uv": [14.875, 14.875, 15.975, 15.975], "texture": "#0"},
				"west": {"uv": [14.875, 14.875, 15.975, 15.975], "texture": "#0"},
				"up": {"uv": [14.875, 14.875, 15.975, 15.975], "texture": "#0"},
				"down": {"uv": [14.875, 14.875, 15.975, 15.975], "texture": "#0"}
			}
		},
		{
			"from": [7.5, -3.625, 8.875],
			"to": [8.5, -2.875, 9],
			"rotation": {"angle": 0, "axis": "y", "origin": [11, -4, 11.375]},
			"faces": {
				"north": {"uv": [12, 13.375, 14, 14.875], "texture": "#0"},
				"east": {"uv": [12, 13.375, 14, 14.875], "texture": "#0"},
				"south": {"uv": [12, 13.375, 14, 14.875], "texture": "#0"},
				"west": {"uv": [12, 13.375, 14, 14.875], "texture": "#0"},
				"up": {"uv": [12, 13.375, 14, 14.875], "texture": "#0"},
				"down": {"uv": [12, 13.375, 14, 14.875], "texture": "#0"}
			}
		},
		{
			"from": [7.625, -4.625, 8.875],
			"to": [8.375, -3.875, 9],
			"rotation": {"angle": 0, "axis": "y", "origin": [11, -5, 11.375]},
			"faces": {
				"north": {"uv": [12.25, 13.375, 13.75, 14.875], "texture": "#0"},
				"east": {"uv": [12.25, 13.375, 13.75, 14.875], "texture": "#0"},
				"south": {"uv": [12.25, 13.375, 13.75, 14.875], "texture": "#0"},
				"west": {"uv": [12.25, 13.375, 13.75, 14.875], "texture": "#0"},
				"up": {"uv": [12.25, 13.375, 13.75, 14.875], "texture": "#0"},
				"down": {"uv": [12.25, 13.375, 13.75, 14.875], "texture": "#0"}
			}
		},
		{
			"from": [7.725, -4.525, 9.5],
			"to": [8.275, -3.975, 9.625],
			"rotation": {"angle": 0, "axis": "y", "origin": [11, -5, 12.375]},
			"faces": {
				"north": {"uv": [13.875, 13.625, 14.125, 14.725], "texture": "#0"},
				"east": {"uv": [13.875, 13.625, 14.125, 14.725], "texture": "#0"},
				"south": {"uv": [13.875, 13.625, 14.125, 14.725], "texture": "#0"},
				"west": {"uv": [13.875, 13.625, 14.125, 14.725], "texture": "#0"},
				"up": {"uv": [13.875, 13.625, 14.125, 14.725], "texture": "#0"},
				"down": {"uv": [13.875, 13.625, 14.125, 14.725], "texture": "#0"}
			}
		},
		{
			"from": [8.5, -3.08211, 7.59467],
			"to": [8.875, -2.70711, 8.84467],
			"rotation": {"angle": -45, "axis": "x", "origin": [8.375, -2.83211, 7.96967]},
			"faces": {
				"north": {"uv": [1, 1, 2, 2], "texture": "#0"},
				"east": {"uv": [1, 1, 2, 2], "texture": "#0"},
				"south": {"uv": [1, 1, 2, 2], "texture": "#0"},
				"west": {"uv": [1, 1, 2, 2], "texture": "#0"},
				"up": {"uv": [1, 3, 2, 6], "texture": "#0"},
				"down": {"uv": [1, 1, 2, 2], "texture": "#0"}
			}
		}
	],
	"display": {
		"thirdperson_righthand": {
			"translation": [0, 12, 1.5],
			"scale": [0.8, 0.8, 0.8]
		},
		"thirdperson_lefthand": {
			"translation": [0, 13, 1.5],
			"scale": [0.8, 0.8, 0.8]
		},
		"firstperson_righthand": {
			"rotation": [0, 10, 0],
			"translation": [0, 15, 0],
			"scale": [0.8, 0.8, 0.8]
		},
		"firstperson_lefthand": {
			"rotation": [0, 10, 0],
			"translation": [0, 15, 0],
			"scale": [0.8, 0.8, 0.8]
		},
		"ground": {
			"rotation": [-94.75, 148.5, 17.75],
			"scale": [0.8, 0.8, 0.8]
		},
		"gui": {
			"rotation": [90, -135, 90],
			"translation": [0.75, 0.75, 0],
			"scale": [0.5, 0.5, 0.5]
		},
		"fixed": {
			"rotation": [90, -45, 90],
			"translation": [-0.5, 0.5, 0],
			"scale": [0.6, 0.6, 0.6]
		}
	},
	"groups": [
		{
			"name": "Blade",
			"origin": [11, -5, 11.875],
			"children": [0, 1, 2, 3, 4, 5, 6, 7]
		},
		{
			"name": "Handle",
			"origin": [8, 8, 8],
			"children": [8, 9, 10, 11, 12, 13, 14, 15, 16, 17]
		},
		{
			"name": "Emitter",
			"origin": [8, 8, 8],
			"children": [18, 19, 20, 21, 22, 23, 24, 25, 26, 27, 28, 29, 30, 31, 32, 33, 34, 35, 36, 37, 38, 39, 40, 41, 42, 43, 44]
		}
	]
}