{
	"credit": "Made with Blockbench",
	"textures": {
		"0": "fulcrum_small",
		"1": "yellow_blade",
		"particle": "fulcrum_small"
	},
	"elements": [
		{
			"from": [7.64846, -1.5625, 8.001],
			"to": [8.35156, 23.4375, 8.001],
			"rotation": {"angle": 0, "axis": "y", "origin": [8.00001, 15.21875, 8.001]},
			"faces": {
				"north": {"uv": [0, 0, 16, 16], "texture": "#1"},
				"east": {"uv": [0, 0, 16, 16], "texture": "#1"},
				"south": {"uv": [0, 0, 16, 16], "texture": "#1"},
				"west": {"uv": [0, 0, 16, 16], "texture": "#1"},
				"up": {"uv": [0, 0, 16, 16], "texture": "#1"},
				"down": {"uv": [0, 0, 16, 16], "texture": "#1"}
			}
		},
		{
			"from": [7.64846, -1.5625, 8.001],
			"to": [8.35156, 23.4375, 8.001],
			"rotation": {"angle": 22.5, "axis": "y", "origin": [8.00001, 15.21875, 8.001]},
			"faces": {
				"north": {"uv": [0, 0, 16, 16], "texture": "#1"},
				"east": {"uv": [0, 0, 16, 16], "texture": "#1"},
				"south": {"uv": [0, 0, 16, 16], "texture": "#1"},
				"west": {"uv": [0, 0, 16, 16], "texture": "#1"},
				"up": {"uv": [0, 0, 16, 16], "texture": "#1"},
				"down": {"uv": [0, 0, 16, 16], "texture": "#1"}
			}
		},
		{
			"from": [7.64846, -1.5625, 8.001],
			"to": [8.35156, 23.4375, 8.001],
			"rotation": {"angle": 45, "axis": "y", "origin": [8.00001, 15.21875, 8.001]},
			"faces": {
				"north": {"uv": [0, 0, 16, 16], "texture": "#1"},
				"east": {"uv": [0, 0, 16, 16], "texture": "#1"},
				"south": {"uv": [0, 0, 16, 16], "texture": "#1"},
				"west": {"uv": [0, 0, 16, 16], "texture": "#1"},
				"up": {"uv": [0, 0, 16, 16], "texture": "#1"},
				"down": {"uv": [0, 0, 16, 16], "texture": "#1"}
			}
		},
		{
			"from": [8.00001, -1.5625, 7.64945],
			"to": [8.00001, 23.4375, 8.35255],
			"rotation": {"angle": -22.5, "axis": "y", "origin": [8.00001, 15.21875, 8.001]},
			"faces": {
				"north": {"uv": [0, 0, 16, 16], "texture": "#1"},
				"east": {"uv": [0, 0, 16, 16], "texture": "#1"},
				"south": {"uv": [0, 0, 16, 16], "texture": "#1"},
				"west": {"uv": [0, 0, 16, 16], "texture": "#1"},
				"up": {"uv": [0, 0, 16, 16], "texture": "#1"},
				"down": {"uv": [0, 0, 16, 16], "texture": "#1"}
			}
		},
		{
			"from": [8.00001, -1.5625, 7.64945],
			"to": [8.00001, 23.4375, 8.35255],
			"rotation": {"angle": 0, "axis": "y", "origin": [8.00001, 15.21875, 8.001]},
			"faces": {
				"north": {"uv": [0, 0, 16, 16], "texture": "#1"},
				"east": {"uv": [0, 0, 16, 16], "texture": "#1"},
				"south": {"uv": [0, 0, 16, 16], "texture": "#1"},
				"west": {"uv": [0, 0, 16, 16], "texture": "#1"},
				"up": {"uv": [0, 0, 16, 16], "texture": "#1"},
				"down": {"uv": [0, 0, 16, 16], "texture": "#1"}
			}
		},
		{
			"from": [8.00001, -1.5625, 7.64945],
			"to": [8.00001, 23.4375, 8.35255],
			"rotation": {"angle": 22.5, "axis": "y", "origin": [8.00001, 15.21875, 8.001]},
			"faces": {
				"north": {"uv": [0, 0, 16, 16], "texture": "#1"},
				"east": {"uv": [0, 0, 16, 16], "texture": "#1"},
				"south": {"uv": [0, 0, 16, 16], "texture": "#1"},
				"west": {"uv": [0, 0, 16, 16], "texture": "#1"},
				"up": {"uv": [0, 0, 16, 16], "texture": "#1"},
				"down": {"uv": [0, 0, 16, 16], "texture": "#1"}
			}
		},
		{
			"from": [8.00001, -1.5625, 7.64945],
			"to": [8.00001, 23.4375, 8.35255],
			"rotation": {"angle": 45, "axis": "y", "origin": [8.00001, 15.21875, 8.001]},
			"faces": {
				"north": {"uv": [0, 0, 16, 16], "texture": "#1"},
				"east": {"uv": [0, 0, 16, 16], "texture": "#1"},
				"south": {"uv": [0, 0, 16, 16], "texture": "#1"},
				"west": {"uv": [0, 0, 16, 16], "texture": "#1"},
				"up": {"uv": [0, 0, 16, 16], "texture": "#1"},
				"down": {"uv": [0, 0, 16, 16], "texture": "#1"}
			}
		},
		{
			"from": [7.64846, -1.5625, 8.001],
			"to": [8.35156, 23.4375, 8.001],
			"rotation": {"angle": -22.5, "axis": "y", "origin": [8.00001, 15.21875, 8.001]},
			"faces": {
				"north": {"uv": [0, 0, 16, 16], "texture": "#1"},
				"east": {"uv": [0, 0, 16, 16], "texture": "#1"},
				"south": {"uv": [0, 0, 16, 16], "texture": "#1"},
				"west": {"uv": [0, 0, 16, 16], "texture": "#1"},
				"up": {"uv": [0, 0, 16, 16], "texture": "#1"},
				"down": {"uv": [0, 0, 16, 16], "texture": "#1"}
			}
		},
		{
			"from": [7.4375, -9, 7.4375],
			"to": [8.5625, -2.125, 8.5625],
			"rotation": {"angle": 0, "axis": "y", "origin": [7.625, -14.875, 7.625]},
			"faces": {
				"north": {"uv": [0.25, 0.25, 0.5, 2], "texture": "#0"},
				"east": {"uv": [0, 0.25, 0.25, 2], "texture": "#0"},
				"south": {"uv": [0.75, 0.25, 1, 2], "texture": "#0"},
				"west": {"uv": [0.5, 0.25, 0.75, 2], "texture": "#0"},
				"up": {"uv": [0.5, 0.25, 0.25, 0], "texture": "#0"},
				"down": {"uv": [0.75, 0, 0.5, 0.25], "texture": "#0"}
			}
		},
		{
			"from": [7.4375, -1.9375, 7.4375],
			"to": [8.5625, -1.5625, 8.5625],
			"rotation": {"angle": 0, "axis": "y", "origin": [7.625, -14.5, 7.625]},
			"faces": {
				"north": {"uv": [5, 3, 8, 4], "texture": "#0"},
				"east": {"uv": [5, 3, 8, 4], "texture": "#0"},
				"south": {"uv": [5, 3, 8, 4], "texture": "#0"},
				"west": {"uv": [5, 3, 8, 4], "texture": "#0"},
				"up": {"uv": [4, 1, 7, 4], "texture": "#0"},
				"down": {"uv": [5, 3, 8, 4], "texture": "#0"}
			}
		},
		{
			"from": [7.525, -2.3125, 7.525],
			"to": [8.475, -1.9375, 8.475],
			"rotation": {"angle": 0, "axis": "y", "origin": [7.625, -13.5, 8]},
			"faces": {
				"north": {"uv": [5, 1, 7, 2], "texture": "#0"},
				"east": {"uv": [5, 1, 7, 2], "texture": "#0"},
				"south": {"uv": [5, 1, 7, 2], "texture": "#0"},
				"west": {"uv": [5, 1, 7, 2], "texture": "#0"},
				"up": {"uv": [4, 2, 6, 4], "texture": "#0"},
				"down": {"uv": [5, 1, 7, 2], "texture": "#0"}
			}
		},
		{
			"from": [7.0625, -9.9375, 7.0625],
			"to": [8.9375, -7.8125, 8.9375],
			"rotation": {"angle": 0, "axis": "y", "origin": [8.375, -10.75, 8]},
			"faces": {
				"north": {"uv": [5, 1, 9, 4], "texture": "#0"},
				"east": {"uv": [5, 1, 9, 4], "texture": "#0"},
				"south": {"uv": [5, 1, 9, 4], "texture": "#0"},
				"west": {"uv": [5, 1, 9, 4], "texture": "#0"},
				"up": {"uv": [5, 1, 9, 4], "texture": "#0"},
				"down": {"uv": [5, 1, 9, 4], "texture": "#0"}
			}
		},
		{
			"from": [8.5625, -7.8125, 7.0625],
			"to": [8.9375, -1.9375, 7.8125],
			"rotation": {"angle": 0, "axis": "y", "origin": [8.375, -7.375, 6.875]},
			"faces": {
				"north": {"uv": [6, 1, 7, 10], "texture": "#0"},
				"east": {"uv": [6, 1, 8, 10], "texture": "#0"},
				"south": {"uv": [6, 1, 7, 10], "texture": "#0"},
				"west": {"uv": [6, 1, 7, 14], "texture": "#0"},
				"up": {"uv": [6, 1, 8, 3], "texture": "#0"},
				"down": {"uv": [6, 1, 7, 14], "texture": "#0"}
			}
		},
		{
			"from": [8.5625, -7.8125, 8.1875],
			"to": [8.9375, -1.9375, 8.9375],
			"rotation": {"angle": 0, "axis": "y", "origin": [8.375, -7.375, 8]},
			"faces": {
				"north": {"uv": [3, 0, 4, 9], "texture": "#0"},
				"east": {"uv": [3, 0, 5, 9], "texture": "#0"},
				"south": {"uv": [3, 0, 4, 9], "texture": "#0"},
				"west": {"uv": [3, 0, 4, 13], "texture": "#0"},
				"up": {"uv": [5, 3, 6, 4], "texture": "#0"},
				"down": {"uv": [3, 0, 4, 13], "texture": "#0"}
			}
		},
		{
			"from": [7.0625, -7.8125, 8.1875],
			"to": [7.4375, -1.9375, 8.9375],
			"rotation": {"angle": 0, "axis": "y", "origin": [6.875, -7.375, 8]},
			"faces": {
				"north": {"uv": [4, 0, 5, 9], "texture": "#0"},
				"east": {"uv": [4, 0, 5, 13], "texture": "#0"},
				"south": {"uv": [4, 0, 5, 9], "texture": "#0"},
				"west": {"uv": [4, 0, 6, 9], "texture": "#0"},
				"up": {"uv": [4, 0, 5, 1], "texture": "#0"},
				"down": {"uv": [4, 0, 5, 13], "texture": "#0"}
			}
		},
		{
			"from": [7.4375, -7.8125, 7.0625],
			"to": [8.5625, -1.9375, 7.4375],
			"rotation": {"angle": 0, "axis": "y", "origin": [8.375, -7.375, 6.875]},
			"faces": {
				"north": {"uv": [8, 0, 10, 9], "texture": "#0"},
				"east": {"uv": [3, 0, 3, 1.75], "texture": "#0"},
				"south": {"uv": [3.25, 0, 3.5, 1.75], "texture": "#0"},
				"west": {"uv": [3.25, 0, 3.25, 1.75], "texture": "#0"},
				"up": {"uv": [3.25, 0, 3, 0], "texture": "#0"},
				"down": {"uv": [3.5, 0, 3.25, 0], "texture": "#0"}
			}
		},
		{
			"from": [7.4375, -2.8125, 8.5625],
			"to": [8.5625, -1.9375, 8.9375],
			"rotation": {"angle": 0, "axis": "y", "origin": [8.375, -7.375, 8.375]},
			"faces": {
				"north": {"uv": [5, 1, 7, 4], "texture": "#0"},
				"east": {"uv": [5, 1, 7, 4], "texture": "#0"},
				"south": {"uv": [5, 1, 7, 2.5], "texture": "#0"},
				"west": {"uv": [5, 1, 7, 4], "texture": "#0"},
				"up": {"uv": [5, 1, 7, 4], "texture": "#0"},
				"down": {"uv": [5, 1, 7, 4], "texture": "#0"}
			}
		},
		{
			"from": [7.4375, -7.8125, 8.5625],
			"to": [8.5625, -3.9375, 8.9375],
			"rotation": {"angle": 0, "axis": "y", "origin": [8.375, -7.375, 8.375]},
			"faces": {
				"north": {"uv": [3, 0, 5, 8], "texture": "#0"},
				"east": {"uv": [3, 0, 5, 8], "texture": "#0"},
				"south": {"uv": [4, 0, 6, 6], "texture": "#0"},
				"west": {"uv": [3, 0, 5, 8], "texture": "#0"},
				"up": {"uv": [3, 0, 5, 1], "texture": "#0"},
				"down": {"uv": [3, 0, 5, 8], "texture": "#0"}
			}
		},
		{
			"from": [7.4375, -4.9375, 8.375],
			"to": [8.5625, -3.9625, 8.75],
			"rotation": {"angle": 0, "axis": "y", "origin": [8.375, -8.875, 8.75]},
			"faces": {
				"north": {"uv": [14, 13.75, 14.25, 14], "texture": "#0"},
				"east": {"uv": [14, 13.75, 14, 14], "texture": "#0"},
				"south": {"uv": [14.25, 13.75, 14.5, 14], "texture": "#0"},
				"west": {"uv": [14.25, 13.75, 14.25, 14], "texture": "#0"},
				"up": {"uv": [14.25, 13.75, 14, 13.75], "texture": "#0"},
				"down": {"uv": [14.5, 13.75, 14.25, 13.75], "texture": "#0"}
			}
		},
		{
			"from": [7.5375, -4.0875, 6.7],
			"to": [8.4625, -3.1625, 7.25],
			"rotation": {"angle": 0, "axis": "y", "origin": [8.375, -8.125, 7.25]},
			"faces": {
				"north": {"uv": [11, 14, 13, 16], "texture": "#0"},
				"east": {"uv": [12, 14, 13, 16], "texture": "#0"},
				"south": {"uv": [12, 14, 13, 16], "texture": "#0"},
				"west": {"uv": [12, 14, 13, 16], "texture": "#0"},
				"up": {"uv": [12, 14, 13, 16], "texture": "#0"},
				"down": {"uv": [12, 14, 13, 16], "texture": "#0"}
			}
		},
		{
			"from": [7.8125, -3.80625, 8.5625],
			"to": [8.1875, -3.43125, 8.9375],
			"rotation": {"angle": 0, "axis": "y", "origin": [9.125, -8.4, 9.125]},
			"faces": {
				"north": {"uv": [3.5, 0, 3.5, 0], "texture": "#0"},
				"east": {"uv": [3.5, 0, 3.5, 0], "texture": "#0"},
				"south": {"uv": [3.5, 0, 3.5, 0], "texture": "#0"},
				"west": {"uv": [3.5, 0, 3.5, 0], "texture": "#0"},
				"up": {"uv": [3.5, 0, 3.5, 0], "texture": "#0"},
				"down": {"uv": [3.5, 0, 3.5, 0], "texture": "#0"}
			}
		},
		{
			"from": [7.9125, -7.30625, 8.9375],
			"to": [8.0875, -7.03125, 9.1125],
			"rotation": {"angle": 0, "axis": "y", "origin": [9.125, -11.9, 9.5]},
			"faces": {
				"north": {"uv": [11, 14, 12, 15], "texture": "#0"},
				"east": {"uv": [11, 14, 12, 15], "texture": "#0"},
				"south": {"uv": [11, 14, 12, 15], "texture": "#0"},
				"west": {"uv": [11, 14, 12, 15], "texture": "#0"},
				"up": {"uv": [11, 14, 12, 15], "texture": "#0"},
				"down": {"uv": [11, 14, 12, 15], "texture": "#0"}
			}
		},
		{
			"from": [7.8125, -3.28125, 8.5625],
			"to": [8.1875, -2.90625, 8.9375],
			"rotation": {"angle": 0, "axis": "y", "origin": [9.125, -7.875, 9.125]},
			"faces": {
				"north": {"uv": [3.5, 0, 3.5, 0], "texture": "#0"},
				"east": {"uv": [3.5, 0, 3.5, 0], "texture": "#0"},
				"south": {"uv": [3.5, 0, 3.5, 0], "texture": "#0"},
				"west": {"uv": [3.5, 0, 3.5, 0], "texture": "#0"},
				"up": {"uv": [3.5, 0, 3.5, 0], "texture": "#0"},
				"down": {"uv": [3.5, 0, 3.5, 0], "texture": "#0"}
			}
		},
		{
			"from": [7.9125, -4.68125, 8.9375],
			"to": [8.0875, -4.40625, 9.1125],
			"rotation": {"angle": 0, "axis": "y", "origin": [9.125, -9.275, 9.5]},
			"faces": {
				"north": {"uv": [11, 14, 12, 15], "texture": "#0"},
				"east": {"uv": [11, 14, 12, 15], "texture": "#0"},
				"south": {"uv": [11, 14, 12, 15], "texture": "#0"},
				"west": {"uv": [11, 14, 12, 15], "texture": "#0"},
				"up": {"uv": [11, 14, 12, 15], "texture": "#0"},
				"down": {"uv": [11, 14, 12, 15], "texture": "#0"}
			}
		},
		{
			"from": [7.0625, -7.8125, 7.0625],
			"to": [7.4375, -1.9375, 7.8125],
			"rotation": {"angle": 0, "axis": "y", "origin": [8.375, -7.375, 6.875]},
			"faces": {
				"north": {"uv": [6, 0, 7, 9], "texture": "#0"},
				"east": {"uv": [6, 0, 7, 13], "texture": "#0"},
				"south": {"uv": [6, 0, 7, 9], "texture": "#0"},
				"west": {"uv": [5, 0, 7, 9], "texture": "#0"},
				"up": {"uv": [5, 1, 6, 2], "texture": "#0"},
				"down": {"uv": [6, 0, 7, 13], "texture": "#0"}
			}
		},
		{
			"from": [7.0625, -1.9375, 7.0625],
			"to": [8.9375, -1.1875, 7.4375],
			"rotation": {"angle": 0, "axis": "y", "origin": [8.375, -5.875, 6.5]},
			"faces": {
				"north": {"uv": [6, 2, 10, 4], "texture": "#0"},
				"east": {"uv": [7, 2, 8, 4], "texture": "#0"},
				"south": {"uv": [6, 2, 10, 4], "texture": "#0"},
				"west": {"uv": [6, 2, 7, 4], "texture": "#0"},
				"up": {"uv": [6, 2, 10, 4], "texture": "#0"},
				"down": {"uv": [6, 2, 10, 4], "texture": "#0"}
			}
		},
		{
			"from": [7.0625, -1.9375, 8.5625],
			"to": [8.9375, -1.1875, 8.9375],
			"rotation": {"angle": 0, "axis": "y", "origin": [8.375, -5.875, 8]},
			"faces": {
				"north": {"uv": [4, 2, 8, 4], "texture": "#0"},
				"east": {"uv": [5, 1, 6, 3], "texture": "#0"},
				"south": {"uv": [4, 2, 8, 4], "texture": "#0"},
				"west": {"uv": [4, 2, 5, 4], "texture": "#0"},
				"up": {"uv": [4, 2, 8, 4], "texture": "#0"},
				"down": {"uv": [4, 2, 8, 4], "texture": "#0"}
			}
		},
		{
			"from": [7.25, -1.1875, 7.0625],
			"to": [8.75, -0.8125, 7.4375],
			"rotation": {"angle": 0, "axis": "y", "origin": [8.75, -5.125, 6.5]},
			"faces": {
				"north": {"uv": [8, 3, 11, 4], "texture": "#0"},
				"east": {"uv": [8, 3, 9, 4], "texture": "#0"},
				"south": {"uv": [8, 3, 11, 4], "texture": "#0"},
				"west": {"uv": [10, 3, 11, 4], "texture": "#0"},
				"up": {"uv": [8, 3, 11, 4], "texture": "#0"},
				"down": {"uv": [8, 3, 11, 4], "texture": "#0"}
			}
		},
		{
			"from": [7.25, -1.1875, 8.5625],
			"to": [8.75, -0.8125, 8.9375],
			"rotation": {"angle": 0, "axis": "y", "origin": [8.75, -5.125, 8]},
			"faces": {
				"north": {"uv": [4, 3, 7, 4], "texture": "#0"},
				"east": {"uv": [4, 3, 5, 4], "texture": "#0"},
				"south": {"uv": [4, 3, 7, 4], "texture": "#0"},
				"west": {"uv": [5, 3, 6, 4], "texture": "#0"},
				"up": {"uv": [4, 3, 7, 4], "texture": "#0"},
				"down": {"uv": [4, 3, 7, 4], "texture": "#0"}
			}
		},
		{
			"from": [6.8875, -9.6625, 7.5625],
			"to": [9.1375, -8.7875, 8.4375],
			"rotation": {"angle": 0, "axis": "y", "origin": [10, -10.225, 7.875]},
			"faces": {
				"north": {"uv": [9, 4, 11, 6], "texture": "#0"},
				"east": {"uv": [9, 4, 11, 6], "texture": "#0"},
				"south": {"uv": [9, 4, 11, 6], "texture": "#0"},
				"west": {"uv": [9, 4, 11, 6], "texture": "#0"},
				"up": {"uv": [9, 4, 11, 6], "texture": "#0"},
				"down": {"uv": [9, 4, 11, 6], "texture": "#0"}
			}
		},
		{
			"from": [8.9875, -9.575, 7.675],
			"to": [9.2125, -8.875, 8.325],
			"rotation": {"angle": 0, "axis": "y", "origin": [10.3, -9.85, 7.875]},
			"faces": {
				"north": {"uv": [14.5, 0, 14.5, 0], "texture": "#0"},
				"east": {"uv": [14.5, 0, 14.5, 0], "texture": "#0"},
				"south": {"uv": [14.5, 0, 14.5, 0], "texture": "#0"},
				"west": {"uv": [14.5, 0, 14.5, 0], "texture": "#0"},
				"up": {"uv": [14.5, 0, 14.5, 0], "texture": "#0"},
				"down": {"uv": [14.5, 0, 14.5, 0], "texture": "#0"}
			}
		},
		{
			"from": [6.7875, -9.575, 7.675],
			"to": [7.0125, -8.875, 8.325],
			"rotation": {"angle": 0, "axis": "y", "origin": [5.7, -9.85, 7.875]},
			"faces": {
				"north": {"uv": [14.5, 0, 14.5, 0], "texture": "#0"},
				"east": {"uv": [14.5, 0, 14.5, 0], "texture": "#0"},
				"south": {"uv": [14.5, 0, 14.5, 0], "texture": "#0"},
				"west": {"uv": [14.5, 0, 14.5, 0], "texture": "#0"},
				"up": {"uv": [14.5, 0, 14.5, 0], "texture": "#0"},
				"down": {"uv": [14.5, 0, 14.5, 0], "texture": "#0"}
			}
		},
		{
			"from": [7.1625, -10.4375, 7.1625],
			"to": [8.8375, -9.9375, 8.8375],
			"rotation": {"angle": 0, "axis": "y", "origin": [8, -9.9375, 8.375]},
			"faces": {
				"north": {"uv": [6, 3, 10, 4], "texture": "#0"},
				"east": {"uv": [6, 3, 10, 4], "texture": "#0"},
				"south": {"uv": [6, 3, 10, 4], "texture": "#0"},
				"west": {"uv": [6, 3, 10, 4], "texture": "#0"},
				"up": {"uv": [6, 3, 10, 4], "texture": "#0"},
				"down": {"uv": [6, 3, 10, 4], "texture": "#0"}
			}
		},
		{
			"from": [7.625, -12.125, 9.5],
			"to": [8.375, -11.375, 9.875],
			"rotation": {"angle": 0, "axis": "y", "origin": [8, -11.1875, 10.25]},
			"faces": {
				"north": {"uv": [4.25, 0.75, 4.25, 0.75], "texture": "#0"},
				"east": {"uv": [4.25, 0.75, 4.25, 0.75], "texture": "#0"},
				"south": {"uv": [4.25, 0.75, 4.25, 0.75], "texture": "#0"},
				"west": {"uv": [4.25, 0.75, 4.25, 0.75], "texture": "#0"},
				"up": {"uv": [4.25, 0.75, 4.25, 0.75], "texture": "#0"},
				"down": {"uv": [4.25, 0.75, 4.25, 0.75], "texture": "#0"}
			}
		},
		{
			"from": [9.5, -12.125, 7.625],
			"to": [9.875, -11.375, 8.375],
			"rotation": {"angle": 0, "axis": "y", "origin": [9.875, -11.1875, 8.375]},
			"faces": {
				"north": {"uv": [4.25, 0.75, 4.25, 0.75], "texture": "#0"},
				"east": {"uv": [4.25, 0.75, 4.25, 0.75], "texture": "#0"},
				"south": {"uv": [4.25, 0.75, 4.25, 0.75], "texture": "#0"},
				"west": {"uv": [4.25, 0.75, 4.25, 0.75], "texture": "#0"},
				"up": {"uv": [4.25, 0.75, 4.25, 0.75], "texture": "#0"},
				"down": {"uv": [4.25, 0.75, 4.25, 0.75], "texture": "#0"}
			}
		},
		{
			"from": [6.125, -12.125, 7.625],
			"to": [6.5, -11.375, 8.375],
			"rotation": {"angle": 0, "axis": "y", "origin": [6.5, -11.1875, 8.375]},
			"faces": {
				"north": {"uv": [4.25, 0.75, 4.25, 0.75], "texture": "#0"},
				"east": {"uv": [4.25, 0.75, 4.25, 0.75], "texture": "#0"},
				"south": {"uv": [4.25, 0.75, 4.25, 0.75], "texture": "#0"},
				"west": {"uv": [4.25, 0.75, 4.25, 0.75], "texture": "#0"},
				"up": {"uv": [4.25, 0.75, 4.25, 0.75], "texture": "#0"},
				"down": {"uv": [4.25, 0.75, 4.25, 0.75], "texture": "#0"}
			}
		},
		{
			"from": [7.625, -12.125, 6.125],
			"to": [8.375, -11.375, 6.5],
			"rotation": {"angle": 0, "axis": "y", "origin": [8, -11.1875, 6.875]},
			"faces": {
				"north": {"uv": [4.25, 0.75, 4.25, 0.75], "texture": "#0"},
				"east": {"uv": [4.25, 0.75, 4.25, 0.75], "texture": "#0"},
				"south": {"uv": [4.25, 0.75, 4.25, 0.75], "texture": "#0"},
				"west": {"uv": [4.25, 0.75, 4.25, 0.75], "texture": "#0"},
				"up": {"uv": [4.25, 0.75, 4.25, 0.75], "texture": "#0"},
				"down": {"uv": [4.25, 0.75, 4.25, 0.75], "texture": "#0"}
			}
		},
		{
			"from": [6.875, -12.3125, 6.5],
			"to": [9.125, -11.1875, 9.5],
			"rotation": {"angle": 0, "axis": "y", "origin": [8, -11.5625, 8]},
			"faces": {
				"north": {"uv": [3, 1, 7, 3], "texture": "#0"},
				"east": {"uv": [3, 1, 7, 3], "texture": "#0"},
				"south": {"uv": [3, 1, 7, 3], "texture": "#0"},
				"west": {"uv": [3, 1, 7, 3], "texture": "#0"},
				"up": {"uv": [3, 1, 7, 3], "texture": "#0"},
				"down": {"uv": [3, 1, 7, 3], "texture": "#0"}
			}
		},
		{
			"from": [9.125, -12.3125, 6.875],
			"to": [9.5, -11.1875, 9.125],
			"rotation": {"angle": 0, "axis": "y", "origin": [10.25, -11.5625, 8]},
			"faces": {
				"north": {"uv": [3, 1, 7, 3], "texture": "#0"},
				"east": {"uv": [3, 1, 7, 3], "texture": "#0"},
				"south": {"uv": [3, 1, 7, 3], "texture": "#0"},
				"west": {"uv": [3, 1, 7, 3], "texture": "#0"},
				"up": {"uv": [3, 1, 7, 3], "texture": "#0"},
				"down": {"uv": [3, 1, 7, 3], "texture": "#0"}
			}
		},
		{
			"from": [6.5, -12.3125, 6.875],
			"to": [6.875, -11.1875, 9.125],
			"rotation": {"angle": 0, "axis": "y", "origin": [7.625, -11.5625, 8]},
			"faces": {
				"north": {"uv": [4.75, 1.25, 4.75, 1.5], "texture": "#0"},
				"east": {"uv": [4.25, 1.25, 4.75, 1.5], "texture": "#0"},
				"south": {"uv": [5.25, 1.25, 5.25, 1.5], "texture": "#0"},
				"west": {"uv": [4.75, 1.25, 5.25, 1.5], "texture": "#0"},
				"up": {"uv": [4.75, 1.25, 4.75, 0.75], "texture": "#0"},
				"down": {"uv": [4.75, 0.75, 4.75, 1.25], "texture": "#0"}
			}
		},
		{
			"from": [6.875, -12.5, 6.875],
			"to": [9.125, -12.125, 9.125],
			"rotation": {"angle": 0, "axis": "y", "origin": [8, -11.9375, 8.375]},
			"faces": {
				"north": {"uv": [4.75, 1.25, 5.25, 1.25], "texture": "#0"},
				"east": {"uv": [4.25, 1.25, 4.75, 1.25], "texture": "#0"},
				"south": {"uv": [5.75, 1.25, 6.25, 1.25], "texture": "#0"},
				"west": {"uv": [5.25, 1.25, 5.75, 1.25], "texture": "#0"},
				"up": {"uv": [5.25, 1.25, 4.75, 0.75], "texture": "#0"},
				"down": {"uv": [5.75, 0.75, 5.25, 1.25], "texture": "#0"}
			}
		},
		{
			"from": [6.875, -11.375, 6.875],
			"to": [9.125, -11, 9.125],
			"rotation": {"angle": 0, "axis": "y", "origin": [8, -10.8125, 8.375]},
			"faces": {
				"north": {"uv": [4.75, 1.25, 5.25, 1.25], "texture": "#0"},
				"east": {"uv": [4.25, 1.25, 4.75, 1.25], "texture": "#0"},
				"south": {"uv": [5.75, 1.25, 6.25, 1.25], "texture": "#0"},
				"west": {"uv": [5.25, 1.25, 5.75, 1.25], "texture": "#0"},
				"up": {"uv": [5.25, 1.25, 4.75, 0.75], "texture": "#0"},
				"down": {"uv": [5.75, 0.75, 5.25, 1.25], "texture": "#0"}
			}
		},
		{
			"from": [7.0625, -12.6875, 7.0625],
			"to": [8.9375, -12.3125, 8.9375],
			"rotation": {"angle": 0, "axis": "y", "origin": [8, -11.9375, 8.375]},
			"faces": {
				"north": {"uv": [3, 2, 6, 3], "texture": "#0"},
				"east": {"uv": [3, 2, 6, 3], "texture": "#0"},
				"south": {"uv": [3, 2, 6, 3], "texture": "#0"},
				"west": {"uv": [3, 2, 6, 3], "texture": "#0"},
				"up": {"uv": [3, 2, 6, 3], "texture": "#0"},
				"down": {"uv": [3, 2, 6, 5], "texture": "#0"}
			}
		},
		{
			"from": [7.0625, -11.1875, 7.0625],
			"to": [8.9375, -10.4375, 8.9375],
			"rotation": {"angle": 0, "axis": "y", "origin": [8, -10.4375, 8.375]},
			"faces": {
				"north": {"uv": [4, 3, 8, 4], "texture": "#0"},
				"east": {"uv": [4, 3, 8, 4], "texture": "#0"},
				"south": {"uv": [4, 3, 8, 4], "texture": "#0"},
				"west": {"uv": [4, 3, 8, 4], "texture": "#0"},
				"up": {"uv": [4, 3, 8, 4], "texture": "#0"},
				"down": {"uv": [4, 3, 8, 4], "texture": "#0"}
			}
		}
	],
	"display": {
		"thirdperson_righthand": {
			"translation": [0, 8.5, 1.5],
			"scale": [0.7, 0.7, 0.7]
		},
		"thirdperson_lefthand": {
			"rotation": [0, 0, -180],
			"translation": [0, -12.5, 1.5],
			"scale": [0.7, 0.7, 0.7]
		},
		"firstperson_righthand": {
			"rotation": [0, -20, 0],
			"translation": [0, 11, 0],
			"scale": [0.7, 0.7, 0.7]
		},
		"firstperson_lefthand": {
			"rotation": [0, -20, -180],
			"translation": [0, -10, 0],
			"scale": [0.7, 0.7, 0.7]
		},
		"ground": {
			"rotation": [-83, -36, 15],
			"translation": [0, -1.25, 0],
			"scale": [0.7, 0.7, 0.7]
		},
		"gui": {
			"rotation": [-90, -45, -90],
			"translation": [1, 1, 0],
			"scale": [0.6, 0.6, 0.6]
		},
		"fixed": {
			"rotation": [90, -45, 90],
			"translation": [-1, 1, 0],
			"scale": [0.7, 0.7, 0.7]
		}
	},
	"groups": [
		{
			"name": "Blade",
			"origin": [8, 8, 8],
			"children": [0, 1, 2, 3, 4, 5, 6, 7]
		},
		{
			"name": "Emitter",
			"origin": [0, 0, 0],
			"children": [8, 9, 10]
		},
		{
			"name": "Handle",
			"origin": [0, 0, 0],
			"children": [11, 12, 13, 14, 15, 16, 17, 18, 19, 20, 21, 22, 23, 24, 25, 26, 27, 28, 29, 30, 31, 32]
		},
		{
			"name": "Pommel",
			"origin": [0, 0, 0],
			"children": [33, 34, 35, 36, 37, 38, 39, 40, 41, 42, 43]
		}
	]
}